resume_text,jd_text,label,jd_role,candidate_role
"Detail-oriented Data Scientist with hands-on experience across projects. Has 10 years of professional experience. Core skills include jupyter, pandas, regression, scikit-learn. Continuously learning new tools and technologies.","We are hiring a UI/UX Designer to join our growing team. You should have 2+ years in the field and be comfortable with figma, usability testing, user research, wireframing, interaction design. Strong communication and teamwork are a plus.",0,UI/UX Designer,Data Scientist
"Motivated QA Engineer eager to contribute technical expertise. 9 years working in related roles. Proficient in api testing, ci/cd, mentoring, python, regression testing, test automation, test case design, time management. Continuously learning new tools and technologies.","Data Scientist wanted for a fast-paced, collaborative environment. The ideal candidate has 7+ years of experience and is skilled in regression, sql, statistics, machine learning, numpy, scikit-learn. Strong communication and teamwork are a plus.",1,Data Scientist,QA Engineer
"Experienced Cybersecurity Analyst with a passion for building great products. Has 5 years of professional experience. Proficient in firewalls, linux, penetration testing, python, risk assessment, siem, time management. Comfortable working independently or in a team.","UI/UX Designer wanted for a fast-paced, collaborative environment. The ideal candidate has 4+ years of experience and is skilled in interaction design, figma, wireframing, adobe xd, prototyping, usability testing. Competitive salary and benefits offered.",0,UI/UX Designer,Cybersecurity Analyst
"Backend Developer with a proven track record of delivering results. 1 years working in related roles. Proficient in celery, django, docker, flask, mentoring, microservices, postgresql, sql, unit testing. Continuously learning new tools and technologies.","Our company is looking for an experienced Backend Developer to help us scale. Requirements: at least 4 years of relevant experience, with hands-on skills in microservices, postgresql, rest api, git, docker, redis. We value problem solving and a growth mindset.",0,Backend Developer,Backend Developer
"Backend Developer with a proven track record of delivering results. 5 years working in related roles. Hands-on experience with celery, flask, git, leadership, microservices, python, sql, unit testing. Known for strong communication and teamwork.","Backend Developer wanted for a fast-paced, collaborative environment. You should have 6+ years in the field and be comfortable with docker, microservices, git, unit testing, sql, redis, python, postgresql. Competitive salary and benefits offered.",1,Backend Developer,Backend Developer
"Mobile Developer with a proven track record of delivering results. 3 years working in related roles. Core skills include android, flutter, ios, kotlin, mobile ui design, react native, rest api. Comfortable working independently or in a team.","Our company is looking for an experienced Mobile Developer to help us scale. You should have 1+ years in the field and be comfortable with kotlin, flutter, rest api, android, mobile ui design. Strong communication and teamwork are a plus.",1,Mobile Developer,Mobile Developer
"Detail-oriented Data Scientist with hands-on experience across projects. Has 4 years of professional experience. Hands-on experience with django, feature engineering, postgresql, python, regression, scikit-learn. Known for strong communication and teamwork.","We are hiring a UI/UX Designer to join our growing team. You should have 3+ years in the field and be comfortable with design systems, interaction design, prototyping, figma, wireframing, adobe xd, user research. We value problem solving and a growth mindset.",0,UI/UX Designer,Data Scientist
"Detail-oriented Data Scientist with hands-on experience across projects. 1 years working in related roles. Proficient in a/b testing, classification, feature engineering, jupyter, leadership, pandas, problem solving, product strategy, python, regression, scrum, sql, statistics. Known for strong communication and teamwork.","Join us as a Product Manager and make an impact from day one. Requirements: at least 3 years of relevant experience, with hands-on skills in stakeholder management, product strategy, jira, communication, agile, product roadmap, data analysis, user research. Remote-friendly with flexible hours.",0,Product Manager,Data Scientist
"Detail-oriented Cloud Engineer with hands-on experience across projects. Has 8 years of professional experience. Proficient in docker, gcp, linux, networking. Comfortable working independently or in a team.","Our company is looking for an experienced Cloud Engineer to help us scale. Requirements: at least 4 years of relevant experience, with hands-on skills in azure, terraform, gcp, ci/cd, networking. Strong communication and teamwork are a plus.",0,Cloud Engineer,Cloud Engineer
"Motivated Frontend Developer eager to contribute technical expertise. Has 10 years of professional experience. Core skills include accessibility, css, javascript, leadership, react, responsive design, rest api, teamwork, typescript, webpack. Comfortable working independently or in a team.","Our company is looking for an experienced Data Scientist to help us scale. The ideal candidate has 5+ years of experience and is skilled in regression, statistics, python, feature engineering, data visualization. Strong communication and teamwork are a plus.",0,Data Scientist,Frontend Developer
"Experienced UI/UX Designer with a passion for building great products. 9 years working in related roles. Hands-on experience with adobe xd, design systems, prototyping, usability testing, user research, wireframing. Comfortable working independently or in a team.","Our company is looking for an experienced UI/UX Designer to help us scale. You should have 1+ years in the field and be comfortable with design systems, user research, figma, usability testing, prototyping, adobe xd, interaction design. Competitive salary and benefits offered.",1,UI/UX Designer,UI/UX Designer
"Experienced Backend Developer with a passion for building great products. Has 6 years of professional experience. Proficient in celery, flask, git, manual testing, microservices, postgresql, project management, python, rest api, sql, test case design, time management, unit testing. Continuously learning new tools and technologies.","Our company is looking for an experienced Backend Developer to help us scale. You should have 3+ years in the field and be comfortable with sql, django, redis, unit testing, flask, git. Competitive salary and benefits offered.",1,Backend Developer,Backend Developer
"Experienced DevOps Engineer with a passion for building great products. Has 6 years of professional experience. Hands-on experience with ansible, bash, ci/cd, docker, jenkins, kubernetes, linux, monitoring, terraform. Comfortable working independently or in a team.","Cloud Engineer wanted for a fast-paced, collaborative environment. Requirements: at least 1 years of relevant experience, with hands-on skills in kubernetes, ci/cd, gcp, terraform, azure. Strong communication and teamwork are a plus.",1,Cloud Engineer,DevOps Engineer
"Motivated QA Engineer eager to contribute technical expertise. 4 years working in related roles. Hands-on experience with api testing, excel, jira, manual testing, python, regression testing, selenium, test automation, test case design. Comfortable working independently or in a team.","We are hiring a QA Engineer to join our growing team. Requirements: at least 7 years of relevant experience, with hands-on skills in test case design, manual testing, jira, regression testing, test automation, python. We value problem solving and a growth mindset.",0,QA Engineer,QA Engineer
"Experienced Product Manager with a passion for building great products. 6 years working in related roles. Core skills include jira, product roadmap, scrum, stakeholder management, teamwork. Continuously learning new tools and technologies.","Join us as a Cloud Engineer and make an impact from day one. Requirements: at least 1 years of relevant experience, with hands-on skills in aws, azure, docker, ci/cd, linux, gcp, cloud security. Competitive salary and benefits offered.",0,Cloud Engineer,Product Manager
"Detail-oriented Mobile Developer with hands-on experience across projects. Brings 5 years of hands-on industry experience. Core skills include android, flutter, git, ios, kotlin, mobile ui design, react native, rest api, swift. Continuously learning new tools and technologies.","Our company is looking for an experienced Backend Developer to help us scale. The ideal candidate has 5+ years of experience and is skilled in unit testing, sql, docker, postgresql, microservices, celery, flask. Remote-friendly with flexible hours.",0,Backend Developer,Mobile Developer
"Detail-oriented Mobile Developer with hands-on experience across projects. 7 years working in related roles. Hands-on experience with android, git, ios, kotlin, swift. Known for strong communication and teamwork.","Our company is looking for an experienced Mobile Developer to help us scale. You should have 1+ years in the field and be comfortable with kotlin, react native, git, flutter, rest api, android. Competitive salary and benefits offered.",0,Mobile Developer,Mobile Developer
"Detail-oriented Backend Developer with hands-on experience across projects. 8 years working in related roles. Core skills include docker, flask, git, microservices, postgresql, rest api, unit testing. Known for strong communication and teamwork.","Join us as a QA Engineer and make an impact from day one. The ideal candidate has 2+ years of experience and is skilled in jira, python, selenium, regression testing, test automation, test case design, api testing, ci/cd. We value problem solving and a growth mindset.",0,QA Engineer,Backend Developer
"Detail-oriented Mobile Developer with hands-on experience across projects. Brings 1 years of hands-on industry experience. Core skills include flutter, git, ios, kotlin, mobile ui design, rest api. Continuously learning new tools and technologies.","Join us as a Mobile Developer and make an impact from day one. The ideal candidate has 3+ years of experience and is skilled in react native, ios, rest api, flutter, android, git, mobile ui design, swift. Competitive salary and benefits offered.",0,Mobile Developer,Mobile Developer
"Experienced Mobile Developer with a passion for building great products. Brings 2 years of hands-on industry experience. Hands-on experience with android, flutter, git, ios, kotlin, mobile ui design, penetration testing, python, rest api, swift. Continuously learning new tools and technologies.","Data Scientist wanted for a fast-paced, collaborative environment. Requirements: at least 1 years of relevant experience, with hands-on skills in sql, classification, a/b testing, python, regression, data visualization. Remote-friendly with flexible hours.",0,Data Scientist,Mobile Developer
"Experienced Backend Developer with a passion for building great products. Has 10 years of professional experience. Proficient in celery, django, docker, flask, git, postgresql, python, redis, sql, unit testing. Known for strong communication and teamwork.","Backend Developer wanted for a fast-paced, collaborative environment. Requirements: at least 4 years of relevant experience, with hands-on skills in flask, git, celery, python, sql, rest api, microservices, django. Remote-friendly with flexible hours.",1,Backend Developer,Backend Developer
"Experienced Backend Developer with a passion for building great products. 4 years working in related roles. Proficient in celery, django, docker, figma, flask, git, postgresql, prototyping, python, redis, rest api, sql. Comfortable working independently or in a team.","Product Manager wanted for a fast-paced, collaborative environment. Requirements: at least 4 years of relevant experience, with hands-on skills in stakeholder management, scrum, communication, data analysis, product roadmap, agile. We value problem solving and a growth mindset.",0,Product Manager,Backend Developer
"Motivated QA Engineer eager to contribute technical expertise. Brings 9 years of hands-on industry experience. Proficient in api testing, ci/cd, jira, python, test case design. Known for strong communication and teamwork.","Join us as a UI/UX Designer and make an impact from day one. Requirements: at least 1 years of relevant experience, with hands-on skills in wireframing, interaction design, usability testing, user research, figma, design systems, adobe xd. Remote-friendly with flexible hours.",0,UI/UX Designer,QA Engineer
"Detail-oriented Data Analyst with hands-on experience across projects. Brings 10 years of hands-on industry experience. Proficient in a/b testing, excel, git, ios, pandas, python, reporting, sql. Known for strong communication and teamwork.","Join us as a Mobile Developer and make an impact from day one. The ideal candidate has 2+ years of experience and is skilled in git, rest api, android, swift, ios, mobile ui design. Competitive salary and benefits offered.",0,Mobile Developer,Data Analyst
"QA Engineer with a proven track record of delivering results. Has 2 years of professional experience. Hands-on experience with ci/cd, manual testing, python, regression testing, selenium, test automation. Comfortable working independently or in a team.","QA Engineer wanted for a fast-paced, collaborative environment. Requirements: at least 4 years of relevant experience, with hands-on skills in test case design, regression testing, python, api testing, ci/cd, manual testing. Remote-friendly with flexible hours.",0,QA Engineer,QA Engineer
"Experienced Cloud Engineer with a passion for building great products. Has 7 years of professional experience. Core skills include aws, azure, docker, flutter, gcp, git, linux, networking, teamwork. Comfortable working independently or in a team.","Our company is looking for an experienced Product Manager to help us scale. Requirements: at least 1 years of relevant experience, with hands-on skills in agile, stakeholder management, scrum, communication, jira, data analysis, product strategy. Strong communication and teamwork are a plus.",0,Product Manager,Cloud Engineer
"Experienced Product Manager with a passion for building great products. 4 years working in related roles. Hands-on experience with communication, jira, product strategy, scrum, stakeholder management. Known for strong communication and teamwork.","We are hiring a UI/UX Designer to join our growing team. You should have 2+ years in the field and be comfortable with user research, wireframing, interaction design, design systems, figma. Remote-friendly with flexible hours.",0,UI/UX Designer,Product Manager
"Detail-oriented UI/UX Designer with hands-on experience across projects. Has 3 years of professional experience. Hands-on experience with bash, design systems, figma, interaction design, prototyping, terraform, usability testing, user research, wireframing. Known for strong communication and teamwork.","Our company is looking for an experienced DevOps Engineer to help us scale. The ideal candidate has 1+ years of experience and is skilled in terraform, kubernetes, aws, ci/cd, bash, networking. Remote-friendly with flexible hours.",0,DevOps Engineer,UI/UX Designer
"Experienced Data Analyst with a passion for building great products. 9 years working in related roles. Core skills include data visualization, excel, pandas, power bi, python, reporting, sql, statistics, tableau, time management. Continuously learning new tools and technologies.","Machine Learning Engineer wanted for a fast-paced, collaborative environment. Requirements: at least 7 years of relevant experience, with hands-on skills in pytorch, python, tensorflow, docker, sql, mlops. Strong communication and teamwork are a plus.",1,Machine Learning Engineer,Data Analyst
"Detail-oriented Frontend Developer with hands-on experience across projects. 1 years working in related roles. Proficient in html, mentoring, mobile ui design, redux, responsive design, swift, teamwork, webpack. Continuously learning new tools and technologies.","Frontend Developer wanted for a fast-paced, collaborative environment. Requirements: at least 4 years of relevant experience, with hands-on skills in rest api, responsive design, typescript, html, accessibility, css, redux, javascript. Competitive salary and benefits offered.",0,Frontend Developer,Frontend Developer
"Machine Learning Engineer with a proven track record of delivering results. Has 1 years of professional experience. Core skills include aws, machine learning, mlops, python, pytorch, sql, tensorflow. Known for strong communication and teamwork.","We are hiring a Mobile Developer to join our growing team. The ideal candidate has 7+ years of experience and is skilled in swift, ios, react native, android, rest api, git, flutter, kotlin. Competitive salary and benefits offered.",0,Mobile Developer,Machine Learning Engineer
"Detail-oriented Product Manager with hands-on experience across projects. Has 10 years of professional experience. Core skills include agile, communication, data analysis, jira, product roadmap, product strategy, scrum, stakeholder management, user research. Continuously learning new tools and technologies.","Our company is looking for an experienced Frontend Developer to help us scale. Requirements: at least 4 years of relevant experience, with hands-on skills in typescript, rest api, accessibility, webpack, responsive design, css, redux, react. We value problem solving and a growth mindset.",0,Frontend Developer,Product Manager
"Detail-oriented Mobile Developer with hands-on experience across projects. 2 years working in related roles. Proficient in android, communication, git, kotlin, mobile ui design, react native, rest api, swift, time management. Known for strong communication and teamwork.","Join us as a Data Analyst and make an impact from day one. The ideal candidate has 7+ years of experience and is skilled in reporting, data visualization, tableau, pandas, excel, python, a/b testing, sql. Competitive salary and benefits offered.",0,Data Analyst,Mobile Developer
"Detail-oriented Data Scientist with hands-on experience across projects. Has 1 years of professional experience. Hands-on experience with classification, feature engineering, jupyter, machine learning, pandas, python, regression, scikit-learn. Comfortable working independently or in a team.","Machine Learning Engineer wanted for a fast-paced, collaborative environment. You should have 4+ years in the field and be comfortable with aws, model deployment, pytorch, mlops, deep learning, sql, docker. Remote-friendly with flexible hours.",0,Machine Learning Engineer,Data Scientist
"Detail-oriented Data Scientist with hands-on experience across projects. 3 years working in related roles. Core skills include a/b testing, classification, scikit-learn, sql. Comfortable working independently or in a team.","Join us as a Data Scientist and make an impact from day one. You should have 2+ years in the field and be comfortable with classification, python, machine learning, statistics, a/b testing, sql, pandas. We value problem solving and a growth mindset.",0,Data Scientist,Data Scientist
"Experienced Data Analyst with a passion for building great products. 4 years working in related roles. Core skills include excel, pandas, reporting, statistics, tableau. Comfortable working independently or in a team.","Join us as a Data Scientist and make an impact from day one. You should have 3+ years in the field and be comfortable with machine learning, feature engineering, jupyter, numpy, pandas, data visualization, a/b testing, classification. Competitive salary and benefits offered.",1,Data Scientist,Data Analyst
"Cybersecurity Analyst with a proven track record of delivering results. Has 6 years of professional experience. Proficient in compliance, firewalls, incident response, linux, network security, penetration testing, python, risk assessment, siem, teamwork, time management. Continuously learning new tools and technologies.","Our company is looking for an experienced UI/UX Designer to help us scale. You should have 2+ years in the field and be comfortable with design systems, adobe xd, user research, wireframing, usability testing. Competitive salary and benefits offered.",0,UI/UX Designer,Cybersecurity Analyst
"Experienced Cybersecurity Analyst with a passion for building great products. 5 years working in related roles. Proficient in compliance, firewalls, incident response, linux, network security, penetration testing, python, statistics. Comfortable working independently or in a team.","We are hiring a Data Analyst to join our growing team. The ideal candidate has 4+ years of experience and is skilled in power bi, python, reporting, statistics, a/b testing, data visualization, sql. We value problem solving and a growth mindset.",1,Data Analyst,Cybersecurity Analyst
"Experienced Cloud Engineer with a passion for building great products. Brings 10 years of hands-on industry experience. Hands-on experience with azure, ci/cd, cloud security, docker, jira, linux, networking, scrum, terraform. Comfortable working independently or in a team.","Our company is looking for an experienced Cloud Engineer to help us scale. The ideal candidate has 1+ years of experience and is skilled in cloud security, terraform, azure, kubernetes, ci/cd, gcp, networking. Strong communication and teamwork are a plus.",1,Cloud Engineer,Cloud Engineer
"Motivated Cybersecurity Analyst eager to contribute technical expertise. Has 0 years of professional experience. Proficient in bash, incident response, linux, network security, networking, penetration testing, python, siem. Continuously learning new tools and technologies.","Machine Learning Engineer wanted for a fast-paced, collaborative environment. The ideal candidate has 7+ years of experience and is skilled in mlops, machine learning, sql, feature engineering, pytorch. Competitive salary and benefits offered.",0,Machine Learning Engineer,Cybersecurity Analyst
"Experienced Frontend Developer with a passion for building great products. 6 years working in related roles. Proficient in accessibility, aws, communication, git, html, javascript, leadership, mlops. Comfortable working independently or in a team.","Cloud Engineer wanted for a fast-paced, collaborative environment. The ideal candidate has 1+ years of experience and is skilled in cloud security, terraform, ci/cd, gcp, azure, docker. We value problem solving and a growth mindset.",0,Cloud Engineer,Frontend Developer
"Motivated Data Analyst eager to contribute technical expertise. 2 years working in related roles. Hands-on experience with a/b testing, communication, data visualization, excel, pandas, sql, statistics, tableau. Continuously learning new tools and technologies.","Data Analyst wanted for a fast-paced, collaborative environment. Requirements: at least 6 years of relevant experience, with hands-on skills in reporting, pandas, tableau, python, sql. Strong communication and teamwork are a plus.",0,Data Analyst,Data Analyst
"DevOps Engineer with a proven track record of delivering results. 5 years working in related roles. Core skills include ansible, aws, docker, jenkins, linux, monitoring, networking. Known for strong communication and teamwork.","We are hiring a Data Analyst to join our growing team. You should have 7+ years in the field and be comfortable with a/b testing, pandas, python, tableau, reporting, data visualization, statistics, sql. We value problem solving and a growth mindset.",0,Data Analyst,DevOps Engineer
"Motivated Cybersecurity Analyst eager to contribute technical expertise. Has 5 years of professional experience. Core skills include communication, compliance, firewalls, leadership, linux, network security, penetration testing, python, risk assessment. Continuously learning new tools and technologies.","Backend Developer wanted for a fast-paced, collaborative environment. You should have 5+ years in the field and be comfortable with docker, django, postgresql, flask, python. Strong communication and teamwork are a plus.",0,Backend Developer,Cybersecurity Analyst
"Experienced UI/UX Designer with a passion for building great products. Has 9 years of professional experience. Proficient in android, design systems, figma, flutter, interaction design, mentoring, project management, prototyping, usability testing, user research, wireframing. Known for strong communication and teamwork.","QA Engineer wanted for a fast-paced, collaborative environment. The ideal candidate has 3+ years of experience and is skilled in test case design, test automation, selenium, manual testing, regression testing. We value problem solving and a growth mindset.",0,QA Engineer,UI/UX Designer
"Data Scientist with a proven track record of delivering results. Brings 3 years of hands-on industry experience. Core skills include aws, classification, data visualization, jupyter, machine learning, model deployment, pandas, regression, sql, statistics, teamwork. Comfortable working independently or in a team.","Join us as a Data Scientist and make an impact from day one. Requirements: at least 5 years of relevant experience, with hands-on skills in machine learning, data visualization, feature engineering, sql, regression. Competitive salary and benefits offered.",0,Data Scientist,Data Scientist
"Experienced Backend Developer with a passion for building great products. Brings 5 years of hands-on industry experience. Proficient in adobe xd, celery, design systems, django, docker, flask, microservices, postgresql, python, redis, rest api, unit testing. Known for strong communication and teamwork.","We are hiring a Mobile Developer to join our growing team. Requirements: at least 7 years of relevant experience, with hands-on skills in android, mobile ui design, ios, react native, kotlin, git, swift, flutter. Strong communication and teamwork are a plus.",0,Mobile Developer,Backend Developer
"Detail-oriented DevOps Engineer with hands-on experience across projects. Brings 2 years of hands-on industry experience. Hands-on experience with ansible, aws, bash, ci/cd, docker, jenkins, kubernetes, linux, networking, terraform. Continuously learning new tools and technologies.","Our company is looking for an experienced QA Engineer to help us scale. The ideal candidate has 3+ years of experience and is skilled in jira, test case design, regression testing, manual testing, selenium. Strong communication and teamwork are a plus.",0,QA Engineer,DevOps Engineer
"Backend Developer with a proven track record of delivering results. Brings 9 years of hands-on industry experience. Hands-on experience with celery, docker, git, microservices, postgresql, problem solving, python, siem. Comfortable working independently or in a team.","Product Manager wanted for a fast-paced, collaborative environment. You should have 3+ years in the field and be comfortable with data analysis, scrum, stakeholder management, product roadmap, jira, user research, product strategy. Strong communication and teamwork are a plus.",0,Product Manager,Backend Developer
"Data Analyst with a proven track record of delivering results. Brings 1 years of hands-on industry experience. Core skills include a/b testing, data visualization, jira, pandas, power bi, reporting, sql, statistics, teamwork, user research. Continuously learning new tools and technologies.","Join us as a Data Scientist and make an impact from day one. You should have 4+ years in the field and be comfortable with pandas, statistics, classification, jupyter, numpy, python, feature engineering, regression. We value problem solving and a growth mindset.",0,Data Scientist,Data Analyst
"Experienced Data Scientist with a passion for building great products. 8 years working in related roles. Core skills include aws, data visualization, feature engineering, kubernetes, machine learning, numpy, project management, scikit-learn, statistics. Continuously learning new tools and technologies.","We are hiring a QA Engineer to join our growing team. You should have 6+ years in the field and be comfortable with selenium, test case design, ci/cd, python, manual testing, api testing. Remote-friendly with flexible hours.",0,QA Engineer,Data Scientist
"Motivated DevOps Engineer eager to contribute technical expertise. 3 years working in related roles. Hands-on experience with aws, bash, ci/cd, kubernetes, monitoring, networking, terraform. Comfortable working independently or in a team.","Join us as a QA Engineer and make an impact from day one. The ideal candidate has 6+ years of experience and is skilled in manual testing, api testing, jira, regression testing, test case design, selenium. Remote-friendly with flexible hours.",0,QA Engineer,DevOps Engineer
"Experienced Product Manager with a passion for building great products. Has 6 years of professional experience. Core skills include agile, communication, mentoring, product roadmap, scrum. Comfortable working independently or in a team.","Machine Learning Engineer wanted for a fast-paced, collaborative environment. The ideal candidate has 7+ years of experience and is skilled in feature engineering, deep learning, model deployment, tensorflow, aws, pytorch, docker, mlops. Remote-friendly with flexible hours.",0,Machine Learning Engineer,Product Manager
"Motivated Cybersecurity Analyst eager to contribute technical expertise. Has 0 years of professional experience. Proficient in communication, compliance, incident response, linux, network security, penetration testing, siem. Continuously learning new tools and technologies.","Our company is looking for an experienced QA Engineer to help us scale. The ideal candidate has 3+ years of experience and is skilled in jira, regression testing, selenium, python, test automation. Competitive salary and benefits offered.",0,QA Engineer,Cybersecurity Analyst
"Experienced Mobile Developer with a passion for building great products. 10 years working in related roles. Core skills include a/b testing, android, flutter, git, kotlin, leadership, mobile ui design, react native, rest api, statistics, swift, time management. Known for strong communication and teamwork.","Join us as a Product Manager and make an impact from day one. The ideal candidate has 6+ years of experience and is skilled in agile, user research, communication, scrum, product roadmap, product strategy, stakeholder management, jira. Strong communication and teamwork are a plus.",0,Product Manager,Mobile Developer
"Backend Developer with a proven track record of delivering results. Has 7 years of professional experience. Proficient in ci/cd, django, flask, manual testing, postgresql, python, redis, rest api. Continuously learning new tools and technologies.","Cloud Engineer wanted for a fast-paced, collaborative environment. You should have 3+ years in the field and be comfortable with networking, linux, aws, kubernetes, terraform. Strong communication and teamwork are a plus.",0,Cloud Engineer,Backend Developer
"Detail-oriented Product Manager with hands-on experience across projects. Brings 5 years of hands-on industry experience. Hands-on experience with agile, communication, data analysis, jira, product roadmap, scrum, teamwork, user research. Comfortable working independently or in a team.","Mobile Developer wanted for a fast-paced, collaborative environment. You should have 3+ years in the field and be comfortable with react native, ios, swift, kotlin, rest api. Remote-friendly with flexible hours.",0,Mobile Developer,Product Manager
"Detail-oriented Frontend Developer with hands-on experience across projects. Brings 2 years of hands-on industry experience. Core skills include accessibility, git, html, react, redux, rest api, typescript, webpack. Known for strong communication and teamwork.","Join us as a QA Engineer and make an impact from day one. The ideal candidate has 6+ years of experience and is skilled in manual testing, ci/cd, regression testing, python, api testing, test case design, test automation. Remote-friendly with flexible hours.",0,QA Engineer,Frontend Developer
"Motivated Cybersecurity Analyst eager to contribute technical expertise. Brings 7 years of hands-on industry experience. Core skills include compliance, firewalls, linux, network security, penetration testing, risk assessment, siem, time management. Known for strong communication and teamwork.","Our company is looking for an experienced Data Analyst to help us scale. The ideal candidate has 7+ years of experience and is skilled in python, sql, excel, data visualization, statistics, tableau, power bi, a/b testing. We value problem solving and a growth mindset.",0,Data Analyst,Cybersecurity Analyst
"Experienced Cloud Engineer with a passion for building great products. 7 years working in related roles. Core skills include azure, ci/cd, docker, flask, git, kubernetes, linux, terraform. Continuously learning new tools and technologies.","Join us as a Cloud Engineer and make an impact from day one. You should have 4+ years in the field and be comfortable with networking, kubernetes, docker, azure, aws, ci/cd, cloud security. Strong communication and teamwork are a plus.",0,Cloud Engineer,Cloud Engineer
"Experienced Backend Developer with a passion for building great products. Has 9 years of professional experience. Core skills include ci/cd, flask, git, microservices, networking, postgresql, python, redis, sql, unit testing. Continuously learning new tools and technologies.","Our company is looking for an experienced Backend Developer to help us scale. The ideal candidate has 7+ years of experience and is skilled in sql, flask, redis, postgresql, rest api, python, django. Remote-friendly with flexible hours.",1,Backend Developer,Backend Developer
"Mobile Developer with a proven track record of delivering results. 1 years working in related roles. Hands-on experience with android, flutter, git, ios, kotlin, mobile ui design, react native, rest api, swift. Known for strong communication and teamwork.","Our company is looking for an experienced Mobile Developer to help us scale. Requirements: at least 5 years of relevant experience, with hands-on skills in android, mobile ui design, rest api, kotlin, ios, swift, react native. We value problem solving and a growth mindset.",0,Mobile Developer,Mobile Developer
"Motivated Cybersecurity Analyst eager to contribute technical expertise. 3 years working in related roles. Proficient in firewalls, incident response, linux, mentoring, network security, penetration testing, problem solving, python, risk assessment, siem. Comfortable working independently or in a team.","Join us as a Product Manager and make an impact from day one. You should have 2+ years in the field and be comfortable with product roadmap, communication, product strategy, jira, user research, scrum, stakeholder management. Strong communication and teamwork are a plus.",0,Product Manager,Cybersecurity Analyst
"Frontend Developer with a proven track record of delivering results. Brings 3 years of hands-on industry experience. Hands-on experience with bash, javascript, linux, rest api, typescript, webpack. Comfortable working independently or in a team.","Join us as a Data Analyst and make an impact from day one. The ideal candidate has 2+ years of experience and is skilled in statistics, power bi, data visualization, python, a/b testing, sql, pandas. Competitive salary and benefits offered.",0,Data Analyst,Frontend Developer
"Cybersecurity Analyst with a proven track record of delivering results. Brings 8 years of hands-on industry experience. Hands-on experience with communication, compliance, firewalls, incident response, linux, network security, penetration testing, project management, python, risk assessment, siem. Comfortable working independently or in a team.","We are hiring a Machine Learning Engineer to join our growing team. Requirements: at least 1 years of relevant experience, with hands-on skills in python, pytorch, model deployment, sql, aws, feature engineering, docker, tensorflow. Remote-friendly with flexible hours.",0,Machine Learning Engineer,Cybersecurity Analyst
"QA Engineer with a proven track record of delivering results. Brings 5 years of hands-on industry experience. Hands-on experience with api testing, ci/cd, data analysis, manual testing, python, regression testing, scrum, selenium, test automation, test case design. Continuously learning new tools and technologies.","Cloud Engineer wanted for a fast-paced, collaborative environment. The ideal candidate has 5+ years of experience and is skilled in ci/cd, docker, azure, linux, aws, terraform, gcp, networking. We value problem solving and a growth mindset.",0,Cloud Engineer,QA Engineer
"Experienced UI/UX Designer with a passion for building great products. Has 9 years of professional experience. Proficient in adobe xd, android, communication, figma, interaction design, prototyping, rest api, user research, wireframing. Comfortable working independently or in a team.","Product Manager wanted for a fast-paced, collaborative environment. You should have 3+ years in the field and be comfortable with communication, product strategy, data analysis, user research, scrum, stakeholder management, product roadmap. Strong communication and teamwork are a plus.",0,Product Manager,UI/UX Designer
"Motivated Cloud Engineer eager to contribute technical expertise. 10 years working in related roles. Core skills include ci/cd, cloud security, docker, gcp, kubernetes, linux, networking, terraform. Known for strong communication and teamwork.","Our company is looking for an experienced Frontend Developer to help us scale. You should have 5+ years in the field and be comfortable with css, webpack, rest api, responsive design, git, redux, javascript, react. Competitive salary and benefits offered.",0,Frontend Developer,Cloud Engineer
"Machine Learning Engineer with a proven track record of delivering results. Has 7 years of professional experience. Hands-on experience with aws, deep learning, feature engineering, git, mlops, model deployment, postgresql, pytorch, sql, tensorflow. Comfortable working independently or in a team.","Join us as a Machine Learning Engineer and make an impact from day one. Requirements: at least 3 years of relevant experience, with hands-on skills in machine learning, docker, aws, deep learning, mlops, model deployment, sql. Competitive salary and benefits offered.",1,Machine Learning Engineer,Machine Learning Engineer
"Motivated Cybersecurity Analyst eager to contribute technical expertise. Brings 3 years of hands-on industry experience. Core skills include compliance, firewalls, linux, network security, penetration testing, problem solving, python, siem, time management. Continuously learning new tools and technologies.","Our company is looking for an experienced Cybersecurity Analyst to help us scale. You should have 1+ years in the field and be comfortable with penetration testing, siem, risk assessment, firewalls, python, compliance, network security. We value problem solving and a growth mindset.",0,Cybersecurity Analyst,Cybersecurity Analyst
"Detail-oriented Data Analyst with hands-on experience across projects. Brings 2 years of hands-on industry experience. Proficient in compliance, excel, linux, power bi, python, sql. Known for strong communication and teamwork.","Join us as a Backend Developer and make an impact from day one. Requirements: at least 7 years of relevant experience, with hands-on skills in unit testing, python, flask, docker, microservices, redis. We value problem solving and a growth mindset.",0,Backend Developer,Data Analyst
"Experienced Cybersecurity Analyst with a passion for building great products. Brings 9 years of hands-on industry experience. Hands-on experience with compliance, docker, firewalls, incident response, linux, mlops, network security, penetration testing, python, risk assessment, siem. Comfortable working independently or in a team.","Join us as a Cybersecurity Analyst and make an impact from day one. Requirements: at least 2 years of relevant experience, with hands-on skills in risk assessment, penetration testing, network security, firewalls, compliance, linux, incident response, python. Competitive salary and benefits offered.",1,Cybersecurity Analyst,Cybersecurity Analyst
"Detail-oriented Data Analyst with hands-on experience across projects. 5 years working in related roles. Hands-on experience with a/b testing, excel, pandas, reporting, statistics, tableau. Comfortable working independently or in a team.","Data Scientist wanted for a fast-paced, collaborative environment. You should have 6+ years in the field and be comfortable with data visualization, machine learning, numpy, sql, jupyter. Strong communication and teamwork are a plus.",0,Data Scientist,Data Analyst
"Experienced UI/UX Designer with a passion for building great products. 7 years working in related roles. Core skills include adobe xd, design systems, figma, interaction design, prototyping, usability testing, user research, wireframing. Known for strong communication and teamwork.","UI/UX Designer wanted for a fast-paced, collaborative environment. The ideal candidate has 6+ years of experience and is skilled in prototyping, usability testing, interaction design, figma, design systems, user research. Strong communication and teamwork are a plus.",1,UI/UX Designer,UI/UX Designer
"Detail-oriented Data Scientist with hands-on experience across projects. Brings 10 years of hands-on industry experience. Core skills include android, feature engineering, jupyter, mobile ui design, pandas, python, regression, scikit-learn, statistics. Comfortable working independently or in a team.","We are hiring a Cloud Engineer to join our growing team. You should have 7+ years in the field and be comfortable with linux, aws, cloud security, kubernetes, gcp, ci/cd, terraform, azure. We value problem solving and a growth mindset.",0,Cloud Engineer,Data Scientist
"Experienced Data Scientist with a passion for building great products. Has 3 years of professional experience. Hands-on experience with a/b testing, data visualization, feature engineering, jupyter, leadership, regression, sql, teamwork. Comfortable working independently or in a team.","Our company is looking for an experienced QA Engineer to help us scale. You should have 5+ years in the field and be comfortable with selenium, manual testing, regression testing, ci/cd, test automation, api testing, jira, python. We value problem solving and a growth mindset.",0,QA Engineer,Data Scientist
"Machine Learning Engineer with a proven track record of delivering results. Brings 5 years of hands-on industry experience. Proficient in docker, feature engineering, machine learning, mlops, python, pytorch, sql, tensorflow. Continuously learning new tools and technologies.","We are hiring a Data Scientist to join our growing team. The ideal candidate has 5+ years of experience and is skilled in scikit-learn, pandas, regression, a/b testing, python, data visualization. Strong communication and teamwork are a plus.",0,Data Scientist,Machine Learning Engineer
"Data Analyst with a proven track record of delivering results. Brings 6 years of hands-on industry experience. Proficient in a/b testing, data visualization, excel, javascript, pandas, power bi, reporting, responsive design, sql, statistics, tableau. Comfortable working independently or in a team.","We are hiring a QA Engineer to join our growing team. Requirements: at least 4 years of relevant experience, with hands-on skills in test case design, test automation, api testing, jira, selenium, python, manual testing. Remote-friendly with flexible hours.",0,QA Engineer,Data Analyst
"DevOps Engineer with a proven track record of delivering results. Brings 9 years of hands-on industry experience. Proficient in ansible, aws, bash, ci/cd, docker, kubernetes, leadership, linux, monitoring, networking, terraform, time management. Continuously learning new tools and technologies.","UI/UX Designer wanted for a fast-paced, collaborative environment. Requirements: at least 1 years of relevant experience, with hands-on skills in design systems, adobe xd, user research, figma, wireframing. Strong communication and teamwork are a plus.",0,UI/UX Designer,DevOps Engineer
"Motivated QA Engineer eager to contribute technical expertise. 0 years working in related roles. Hands-on experience with api testing, python, regression testing, test automation, test case design. Continuously learning new tools and technologies.","We are hiring a Machine Learning Engineer to join our growing team. You should have 4+ years in the field and be comfortable with sql, feature engineering, mlops, docker, tensorflow, model deployment, deep learning, machine learning. Remote-friendly with flexible hours.",0,Machine Learning Engineer,QA Engineer
"Experienced Cybersecurity Analyst with a passion for building great products. 10 years working in related roles. Proficient in compliance, firewalls, incident response, linux, network security, penetration testing, python, risk assessment, siem. Known for strong communication and teamwork.","Machine Learning Engineer wanted for a fast-paced, collaborative environment. Requirements: at least 4 years of relevant experience, with hands-on skills in machine learning, mlops, deep learning, model deployment, docker, pytorch. Remote-friendly with flexible hours.",0,Machine Learning Engineer,Cybersecurity Analyst
"Detail-oriented Data Analyst with hands-on experience across projects. Has 0 years of professional experience. Proficient in a/b testing, jira, pandas, product roadmap, project management, reporting, sql, teamwork. Known for strong communication and teamwork.","Our company is looking for an experienced UI/UX Designer to help us scale. The ideal candidate has 6+ years of experience and is skilled in figma, prototyping, wireframing, usability testing, design systems. We value problem solving and a growth mindset.",0,UI/UX Designer,Data Analyst
"Detail-oriented Machine Learning Engineer with hands-on experience across projects. Brings 1 years of hands-on industry experience. Hands-on experience with aws, cloud security, deep learning, machine learning, model deployment, python, pytorch. Comfortable working independently or in a team.","DevOps Engineer wanted for a fast-paced, collaborative environment. Requirements: at least 1 years of relevant experience, with hands-on skills in bash, ansible, terraform, linux, aws, ci/cd. Remote-friendly with flexible hours.",0,DevOps Engineer,Machine Learning Engineer
"Experienced UI/UX Designer with a passion for building great products. Brings 6 years of hands-on industry experience. Proficient in adobe xd, design systems, figma, user research. Continuously learning new tools and technologies.","We are hiring a Backend Developer to join our growing team. You should have 1+ years in the field and be comfortable with rest api, celery, microservices, git, sql. Competitive salary and benefits offered.",0,Backend Developer,UI/UX Designer
"Detail-oriented QA Engineer with hands-on experience across projects. Has 10 years of professional experience. Hands-on experience with android, api testing, ci/cd, jira, manual testing, python, regression testing, rest api, selenium, test automation. Comfortable working independently or in a team.","Join us as a QA Engineer and make an impact from day one. The ideal candidate has 1+ years of experience and is skilled in jira, manual testing, api testing, regression testing, test automation, ci/cd, test case design. Strong communication and teamwork are a plus.",1,QA Engineer,QA Engineer
"Motivated Cybersecurity Analyst eager to contribute technical expertise. 1 years working in related roles. Proficient in communication, compliance, docker, flask, mentoring, penetration testing, python, risk assessment. Continuously learning new tools and technologies.","Join us as a Cybersecurity Analyst and make an impact from day one. Requirements: at least 6 years of relevant experience, with hands-on skills in siem, risk assessment, linux, incident response, python. Competitive salary and benefits offered.",0,Cybersecurity Analyst,Cybersecurity Analyst
"Motivated Data Analyst eager to contribute technical expertise. Has 5 years of professional experience. Hands-on experience with a/b testing, communication, excel, mentoring, python, reporting, sql, statistics. Continuously learning new tools and technologies.","Our company is looking for an experienced Data Analyst to help us scale. You should have 5+ years in the field and be comfortable with sql, python, statistics, tableau, a/b testing, pandas, excel, power bi. Remote-friendly with flexible hours.",1,Data Analyst,Data Analyst
"Detail-oriented Product Manager with hands-on experience across projects. Brings 5 years of hands-on industry experience. Core skills include agile, communication, data analysis, jira, leadership, product roadmap, product strategy, project management, scrum, stakeholder management, user research. Comfortable working independently or in a team.","Join us as a Product Manager and make an impact from day one. Requirements: at least 3 years of relevant experience, with hands-on skills in product strategy, agile, communication, scrum, product roadmap, stakeholder management. Remote-friendly with flexible hours.",1,Product Manager,Product Manager
"Experienced Backend Developer with a passion for building great products. Has 5 years of professional experience. Proficient in celery, communication, design systems, django, docker, flask, git, interaction design, microservices, project management, redis, rest api, sql, unit testing. Continuously learning new tools and technologies.","Our company is looking for an experienced Product Manager to help us scale. Requirements: at least 6 years of relevant experience, with hands-on skills in communication, scrum, data analysis, user research, product roadmap, stakeholder management. Competitive salary and benefits offered.",0,Product Manager,Backend Developer
"Motivated Product Manager eager to contribute technical expertise. Brings 2 years of hands-on industry experience. Core skills include agile, communication, data analysis, product roadmap, product strategy, scrum, stakeholder management, user research. Comfortable working independently or in a team.","We are hiring a Frontend Developer to join our growing team. Requirements: at least 1 years of relevant experience, with hands-on skills in git, webpack, redux, accessibility, javascript. We value problem solving and a growth mindset.",0,Frontend Developer,Product Manager
"Detail-oriented Cloud Engineer with hands-on experience across projects. Brings 2 years of hands-on industry experience. Proficient in azure, cloud security, docker, gcp, jira, leadership, networking, product strategy, terraform, time management. Continuously learning new tools and technologies.","We are hiring a Cloud Engineer to join our growing team. You should have 3+ years in the field and be comfortable with kubernetes, linux, azure, terraform, cloud security, networking, gcp, aws. Strong communication and teamwork are a plus.",1,Cloud Engineer,Cloud Engineer
"Detail-oriented Product Manager with hands-on experience across projects. 9 years working in related roles. Proficient in agile, communication, data analysis, flutter, mobile ui design, product roadmap, stakeholder management. Comfortable working independently or in a team.","We are hiring a DevOps Engineer to join our growing team. You should have 7+ years in the field and be comfortable with bash, jenkins, networking, docker, linux, kubernetes, ansible, aws. Strong communication and teamwork are a plus.",0,DevOps Engineer,Product Manager
"Detail-oriented Frontend Developer with hands-on experience across projects. 5 years working in related roles. Proficient in accessibility, css, git, html, leadership, react, redux, responsive design, webpack. Comfortable working independently or in a team.","Mobile Developer wanted for a fast-paced, collaborative environment. The ideal candidate has 2+ years of experience and is skilled in react native, kotlin, flutter, git, android, swift. We value problem solving and a growth mindset.",0,Mobile Developer,Frontend Developer
"Experienced Backend Developer with a passion for building great products. Brings 1 years of hands-on industry experience. Hands-on experience with celery, cloud security, django, flask, git, linux, microservices, python, rest api, sql. Comfortable working independently or in a team.","Join us as a Mobile Developer and make an impact from day one. Requirements: at least 6 years of relevant experience, with hands-on skills in ios, rest api, react native, git, mobile ui design, flutter. Remote-friendly with flexible hours.",0,Mobile Developer,Backend Developer
"Frontend Developer with a proven track record of delivering results. Brings 9 years of hands-on industry experience. Hands-on experience with accessibility, css, html, javascript, react, redux, responsive design, rest api, typescript, webpack. Comfortable working independently or in a team.","Data Scientist wanted for a fast-paced, collaborative environment. Requirements: at least 4 years of relevant experience, with hands-on skills in jupyter, scikit-learn, sql, pandas, regression, machine learning, feature engineering, python. Strong communication and teamwork are a plus.",0,Data Scientist,Frontend Developer
"Detail-oriented Machine Learning Engineer with hands-on experience across projects. 1 years working in related roles. Hands-on experience with aws, docker, feature engineering, machine learning, mlops, model deployment, pytorch, sql, tensorflow. Comfortable working independently or in a team.","Our company is looking for an experienced Machine Learning Engineer to help us scale. You should have 6+ years in the field and be comfortable with tensorflow, model deployment, python, docker, aws. We value problem solving and a growth mindset.",0,Machine Learning Engineer,Machine Learning Engineer
"Experienced Data Analyst with a passion for building great products. 0 years working in related roles. Core skills include communication, data visualization, excel, power bi, python, reporting, statistics, tableau, time management. Known for strong communication and teamwork.","Data Analyst wanted for a fast-paced, collaborative environment. The ideal candidate has 6+ years of experience and is skilled in reporting, data visualization, sql, statistics, pandas, a/b testing, tableau, power bi. Remote-friendly with flexible hours.",0,Data Analyst,Data Analyst
"Experienced Frontend Developer with a passion for building great products. 6 years working in related roles. Proficient in accessibility, git, html, javascript, redux, webpack. Known for strong communication and teamwork.","Frontend Developer wanted for a fast-paced, collaborative environment. The ideal candidate has 7+ years of experience and is skilled in responsive design, javascript, webpack, css, redux, react, html, rest api. Competitive salary and benefits offered.",0,Frontend Developer,Frontend Developer
"Cloud Engineer with a proven track record of delivering results. 6 years working in related roles. Hands-on experience with azure, kubernetes, leadership, networking, teamwork, terraform. Known for strong communication and teamwork.","Backend Developer wanted for a fast-paced, collaborative environment. The ideal candidate has 6+ years of experience and is skilled in microservices, rest api, unit testing, git, python, celery. Remote-friendly with flexible hours.",1,Backend Developer,Cloud Engineer
"Motivated Backend Developer eager to contribute technical expertise. 8 years working in related roles. Proficient in android, django, docker, flask, flutter, leadership, microservices. Continuously learning new tools and technologies.","Our company is looking for an experienced Product Manager to help us scale. Requirements: at least 6 years of relevant experience, with hands-on skills in scrum, product strategy, communication, data analysis, agile. Remote-friendly with flexible hours.",0,Product Manager,Backend Developer
"Experienced Data Scientist with a passion for building great products. Has 0 years of professional experience. Core skills include a/b testing, classification, communication, feature engineering, mentoring, numpy, sql, statistics. Known for strong communication and teamwork.","Our company is looking for an experienced DevOps Engineer to help us scale. Requirements: at least 1 years of relevant experience, with hands-on skills in jenkins, terraform, docker, ci/cd, monitoring, networking. Strong communication and teamwork are a plus.",1,DevOps Engineer,Data Scientist
"Experienced Data Scientist with a passion for building great products. Has 3 years of professional experience. Proficient in a/b testing, jupyter, numpy, pandas, regression, scikit-learn, sql, statistics. Comfortable working independently or in a team.","Our company is looking for an experienced Data Scientist to help us scale. Requirements: at least 1 years of relevant experience, with hands-on skills in jupyter, machine learning, feature engineering, classification, sql, a/b testing, statistics, scikit-learn. Strong communication and teamwork are a plus.",1,Data Scientist,Data Scientist
"Motivated Cloud Engineer eager to contribute technical expertise. Has 7 years of professional experience. Core skills include aws, azure, ci/cd, docker, gcp, kubernetes, linux, problem solving, selenium, terraform, test case design. Continuously learning new tools and technologies.","We are hiring a Product Manager to join our growing team. The ideal candidate has 6+ years of experience and is skilled in user research, scrum, product roadmap, jira, agile. Remote-friendly with flexible hours.",0,Product Manager,Cloud Engineer
"Experienced Mobile Developer with a passion for building great products. 5 years working in related roles. Hands-on experience with android, flutter, ios, jenkins, linux, project management, react native, swift. Known for strong communication and teamwork.","We are hiring a Frontend Developer to join our growing team. The ideal candidate has 1+ years of experience and is skilled in react, git, accessibility, css, redux, typescript, javascript. Strong communication and teamwork are a plus.",0,Frontend Developer,Mobile Developer
"Data Scientist with a proven track record of delivering results. Has 3 years of professional experience. Core skills include a/b testing, ci/cd, classification, data visualization, machine learning, regression, scikit-learn, terraform. Known for strong communication and teamwork.","Cloud Engineer wanted for a fast-paced, collaborative environment. Requirements: at least 7 years of relevant experience, with hands-on skills in networking, azure, linux, cloud security, gcp. Strong communication and teamwork are a plus.",0,Cloud Engineer,Data Scientist
"Detail-oriented DevOps Engineer with hands-on experience across projects. 5 years working in related roles. Proficient in aws, bash, docker, jenkins, kubernetes, monitoring, terraform. Continuously learning new tools and technologies.","Data Analyst wanted for a fast-paced, collaborative environment. The ideal candidate has 6+ years of experience and is skilled in data visualization, sql, statistics, reporting, a/b testing. We value problem solving and a growth mindset.",0,Data Analyst,DevOps Engineer
"Frontend Developer with a proven track record of delivering results. Brings 5 years of hands-on industry experience. Core skills include accessibility, communication, css, flask, git, html, project management, react, typescript, webpack. Comfortable working independently or in a team.","Frontend Developer wanted for a fast-paced, collaborative environment. Requirements: at least 3 years of relevant experience, with hands-on skills in react, git, javascript, webpack, redux, accessibility, responsive design, html. Competitive salary and benefits offered.",1,Frontend Developer,Frontend Developer
"QA Engineer with a proven track record of delivering results. Has 8 years of professional experience. Core skills include api testing, ci/cd, jira, manual testing, regression testing, selenium, test automation. Known for strong communication and teamwork.","Backend Developer wanted for a fast-paced, collaborative environment. The ideal candidate has 7+ years of experience and is skilled in flask, redis, sql, python, rest api. Strong communication and teamwork are a plus.",0,Backend Developer,QA Engineer
"Detail-oriented Data Analyst with hands-on experience across projects. Brings 6 years of hands-on industry experience. Proficient in a/b testing, aws, data visualization, excel, gcp, pandas, power bi, python, reporting, sql, statistics, tableau. Comfortable working independently or in a team.","Join us as a Frontend Developer and make an impact from day one. Requirements: at least 7 years of relevant experience, with hands-on skills in javascript, accessibility, css, html, react. Strong communication and teamwork are a plus.",0,Frontend Developer,Data Analyst
"Experienced Product Manager with a passion for building great products. Brings 3 years of hands-on industry experience. Hands-on experience with agile, communication, data analysis, product roadmap, product strategy, scrum, stakeholder management. Comfortable working independently or in a team.","Our company is looking for an experienced Frontend Developer to help us scale. You should have 5+ years in the field and be comfortable with css, html, typescript, rest api, accessibility, react, javascript. Competitive salary and benefits offered.",0,Frontend Developer,Product Manager
"Mobile Developer with a proven track record of delivering results. 0 years working in related roles. Core skills include ansible, flutter, git, kotlin, mobile ui design, react native, rest api, swift, terraform. Comfortable working independently or in a team.","Our company is looking for an experienced Mobile Developer to help us scale. The ideal candidate has 5+ years of experience and is skilled in mobile ui design, flutter, ios, android, kotlin, swift, react native. Competitive salary and benefits offered.",0,Mobile Developer,Mobile Developer
"Machine Learning Engineer with a proven track record of delivering results. Brings 3 years of hands-on industry experience. Hands-on experience with aws, deep learning, docker, feature engineering, kubernetes, machine learning, mlops, model deployment, python, sql, tensorflow. Known for strong communication and teamwork.","Frontend Developer wanted for a fast-paced, collaborative environment. You should have 6+ years in the field and be comfortable with css, git, redux, rest api, typescript, javascript. We value problem solving and a growth mindset.",0,Frontend Developer,Machine Learning Engineer
"Motivated Cybersecurity Analyst eager to contribute technical expertise. Has 7 years of professional experience. Hands-on experience with compliance, firewalls, linux, penetration testing, python, risk assessment, siem. Continuously learning new tools and technologies.","Data Analyst wanted for a fast-paced, collaborative environment. The ideal candidate has 7+ years of experience and is skilled in sql, power bi, pandas, statistics, a/b testing. Competitive salary and benefits offered.",0,Data Analyst,Cybersecurity Analyst
"Motivated UI/UX Designer eager to contribute technical expertise. Has 5 years of professional experience. Hands-on experience with adobe xd, agile, design systems, interaction design, leadership, product strategy, user research. Known for strong communication and teamwork.","We are hiring a Product Manager to join our growing team. You should have 6+ years in the field and be comfortable with stakeholder management, scrum, communication, product strategy, data analysis, agile, product roadmap. Remote-friendly with flexible hours.",0,Product Manager,UI/UX Designer
"Motivated UI/UX Designer eager to contribute technical expertise. Brings 0 years of hands-on industry experience. Proficient in adobe xd, android, design systems, interaction design, ios, prototyping, teamwork, usability testing, user research, wireframing. Known for strong communication and teamwork.","UI/UX Designer wanted for a fast-paced, collaborative environment. The ideal candidate has 3+ years of experience and is skilled in design systems, figma, user research, wireframing, interaction design, usability testing, adobe xd. Strong communication and teamwork are a plus.",0,UI/UX Designer,UI/UX Designer
"Motivated Mobile Developer eager to contribute technical expertise. 8 years working in related roles. Core skills include android, flutter, git, kotlin, swift. Comfortable working independently or in a team.","We are hiring a QA Engineer to join our growing team. Requirements: at least 6 years of relevant experience, with hands-on skills in selenium, api testing, manual testing, test case design, regression testing, python. We value problem solving and a growth mindset.",0,QA Engineer,Mobile Developer
"Detail-oriented Data Scientist with hands-on experience across projects. Brings 6 years of hands-on industry experience. Hands-on experience with feature engineering, machine learning, numpy, scikit-learn, teamwork. Comfortable working independently or in a team.","Data Scientist wanted for a fast-paced, collaborative environment. You should have 1+ years in the field and be comfortable with a/b testing, jupyter, data visualization, numpy, python, statistics, regression, scikit-learn. Remote-friendly with flexible hours.",0,Data Scientist,Data Scientist
"UI/UX Designer with a proven track record of delivering results. 9 years working in related roles. Proficient in adobe xd, figma, pandas, statistics, usability testing, user research. Comfortable working independently or in a team.","Join us as a Cloud Engineer and make an impact from day one. Requirements: at least 4 years of relevant experience, with hands-on skills in gcp, kubernetes, networking, cloud security, azure, terraform, aws, ci/cd. We value problem solving and a growth mindset.",0,Cloud Engineer,UI/UX Designer
"Motivated DevOps Engineer eager to contribute technical expertise. Brings 9 years of hands-on industry experience. Hands-on experience with ansible, bash, docker, jenkins, kubernetes. Known for strong communication and teamwork.","Join us as a QA Engineer and make an impact from day one. The ideal candidate has 1+ years of experience and is skilled in python, ci/cd, manual testing, test automation, api testing, regression testing, jira, test case design. We value problem solving and a growth mindset.",0,QA Engineer,DevOps Engineer
"Experienced UI/UX Designer with a passion for building great products. Has 7 years of professional experience. Core skills include adobe xd, design systems, interaction design, mentoring, project management, user research. Comfortable working independently or in a team.","Our company is looking for an experienced Cloud Engineer to help us scale. The ideal candidate has 4+ years of experience and is skilled in ci/cd, kubernetes, docker, linux, terraform, aws, cloud security, networking. Strong communication and teamwork are a plus.",0,Cloud Engineer,UI/UX Designer
"Experienced Machine Learning Engineer with a passion for building great products. Has 6 years of professional experience. Core skills include docker, feature engineering, machine learning, pytorch, sql, teamwork, tensorflow, time management. Known for strong communication and teamwork.","Product Manager wanted for a fast-paced, collaborative environment. The ideal candidate has 3+ years of experience and is skilled in product roadmap, jira, scrum, data analysis, agile, communication, product strategy, user research. Competitive salary and benefits offered.",0,Product Manager,Machine Learning Engineer
"Motivated QA Engineer eager to contribute technical expertise. Brings 4 years of hands-on industry experience. Hands-on experience with api testing, ci/cd, jira, python, test automation. Comfortable working independently or in a team.","Join us as a QA Engineer and make an impact from day one. The ideal candidate has 6+ years of experience and is skilled in api testing, regression testing, jira, test automation, test case design, selenium, ci/cd, python. Strong communication and teamwork are a plus.",0,QA Engineer,QA Engineer
"Detail-oriented Backend Developer with hands-on experience across projects. 4 years working in related roles. Proficient in celery, django, docker, git, microservices, postgresql, python, redis, sql, unit testing. Continuously learning new tools and technologies.","Join us as a Backend Developer and make an impact from day one. You should have 7+ years in the field and be comfortable with rest api, postgresql, git, microservices, flask. Competitive salary and benefits offered.",1,Backend Developer,Backend Developer
"Motivated Cloud Engineer eager to contribute technical expertise. Brings 5 years of hands-on industry experience. Hands-on experience with ci/cd, docker, kubernetes, linux, networking, python, terraform, unit testing. Known for strong communication and teamwork.","Frontend Developer wanted for a fast-paced, collaborative environment. Requirements: at least 6 years of relevant experience, with hands-on skills in git, javascript, css, typescript, responsive design, html. Remote-friendly with flexible hours.",0,Frontend Developer,Cloud Engineer
"Cybersecurity Analyst with a proven track record of delivering results. Brings 9 years of hands-on industry experience. Hands-on experience with compliance, incident response, network security, penetration testing, python. Continuously learning new tools and technologies.","Our company is looking for an experienced Data Analyst to help us scale. The ideal candidate has 2+ years of experience and is skilled in data visualization, python, pandas, a/b testing, statistics, power bi, excel. Remote-friendly with flexible hours.",0,Data Analyst,Cybersecurity Analyst
"Motivated Product Manager eager to contribute technical expertise. Brings 9 years of hands-on industry experience. Proficient in agile, data analysis, jira, mentoring, product strategy, scrum, teamwork. Comfortable working independently or in a team.","Join us as a Cloud Engineer and make an impact from day one. The ideal candidate has 1+ years of experience and is skilled in kubernetes, ci/cd, docker, networking, azure, linux, cloud security, terraform. Competitive salary and benefits offered.",1,Cloud Engineer,Product Manager
"Experienced Frontend Developer with a passion for building great products. Has 10 years of professional experience. Core skills include css, kubernetes, monitoring, react, redux, responsive design, teamwork, webpack. Comfortable working independently or in a team.","UI/UX Designer wanted for a fast-paced, collaborative environment. Requirements: at least 5 years of relevant experience, with hands-on skills in design systems, wireframing, interaction design, figma, prototyping. Strong communication and teamwork are a plus.",0,UI/UX Designer,Frontend Developer
"Frontend Developer with a proven track record of delivering results. 3 years working in related roles. Core skills include css, git, javascript, react, redux, rest api, typescript, webpack. Comfortable working independently or in a team.","Join us as a Frontend Developer and make an impact from day one. Requirements: at least 4 years of relevant experience, with hands-on skills in responsive design, react, html, webpack, redux, css. Remote-friendly with flexible hours.",1,Frontend Developer,Frontend Developer
"QA Engineer with a proven track record of delivering results. Has 8 years of professional experience. Core skills include ci/cd, jira, project management, python, regression testing, selenium, test automation, test case design. Continuously learning new tools and technologies.","QA Engineer wanted for a fast-paced, collaborative environment. Requirements: at least 6 years of relevant experience, with hands-on skills in manual testing, selenium, jira, test automation, api testing, test case design, ci/cd. We value problem solving and a growth mindset.",1,QA Engineer,QA Engineer
"Motivated Mobile Developer eager to contribute technical expertise. 8 years working in related roles. Hands-on experience with flutter, ios, mobile ui design, network security, react native, risk assessment, time management. Continuously learning new tools and technologies.","We are hiring a Data Scientist to join our growing team. The ideal candidate has 6+ years of experience and is skilled in feature engineering, machine learning, jupyter, a/b testing, python, classification, statistics, data visualization. Strong communication and teamwork are a plus.",0,Data Scientist,Mobile Developer
"Detail-oriented Mobile Developer with hands-on experience across projects. Has 9 years of professional experience. Proficient in android, feature engineering, flutter, ios, kotlin, mentoring, python, react native, swift. Continuously learning new tools and technologies.","Our company is looking for an experienced Backend Developer to help us scale. Requirements: at least 5 years of relevant experience, with hands-on skills in sql, django, redis, git, rest api. We value problem solving and a growth mindset.",0,Backend Developer,Mobile Developer
"Motivated Machine Learning Engineer eager to contribute technical expertise. Brings 1 years of hands-on industry experience. Proficient in accessibility, deep learning, feature engineering, html, mlops, model deployment, project management, python, pytorch, teamwork. Known for strong communication and teamwork.","We are hiring a Cybersecurity Analyst to join our growing team. The ideal candidate has 4+ years of experience and is skilled in risk assessment, incident response, compliance, penetration testing, firewalls. We value problem solving and a growth mindset.",0,Cybersecurity Analyst,Machine Learning Engineer
"Detail-oriented UI/UX Designer with hands-on experience across projects. Brings 2 years of hands-on industry experience. Proficient in design systems, figma, interaction design, prototyping, usability testing, user research, wireframing. Comfortable working independently or in a team.","We are hiring a Mobile Developer to join our growing team. The ideal candidate has 6+ years of experience and is skilled in rest api, git, mobile ui design, ios, kotlin, swift, flutter. Strong communication and teamwork are a plus.",0,Mobile Developer,UI/UX Designer
"Detail-oriented Cybersecurity Analyst with hands-on experience across projects. Brings 1 years of hands-on industry experience. Proficient in compliance, firewalls, incident response, linux, network security, penetration testing, python, risk assessment, siem. Comfortable working independently or in a team.","We are hiring a Backend Developer to join our growing team. Requirements: at least 5 years of relevant experience, with hands-on skills in redis, postgresql, python, unit testing, rest api, celery, flask. We value problem solving and a growth mindset.",0,Backend Developer,Cybersecurity Analyst
"Experienced Data Scientist with a passion for building great products. 0 years working in related roles. Hands-on experience with classification, data visualization, feature engineering, pandas, python, scikit-learn, statistics. Continuously learning new tools and technologies.","Join us as a Data Scientist and make an impact from day one. You should have 4+ years in the field and be comfortable with jupyter, feature engineering, sql, regression, scikit-learn, pandas. Remote-friendly with flexible hours.",0,Data Scientist,Data Scientist
"Motivated Data Analyst eager to contribute technical expertise. 4 years working in related roles. Proficient in a/b testing, data visualization, excel, pandas, power bi, python, reporting, sql, statistics. Known for strong communication and teamwork.","Join us as a Cloud Engineer and make an impact from day one. Requirements: at least 7 years of relevant experience, with hands-on skills in linux, kubernetes, ci/cd, networking, aws, azure. Remote-friendly with flexible hours.",0,Cloud Engineer,Data Analyst
"DevOps Engineer with a proven track record of delivering results. Brings 8 years of hands-on industry experience. Proficient in ansible, bash, docker, jenkins, kubernetes, linux, monitoring, networking, terraform. Continuously learning new tools and technologies.","Join us as a Mobile Developer and make an impact from day one. The ideal candidate has 1+ years of experience and is skilled in rest api, kotlin, android, react native, git, flutter. Remote-friendly with flexible hours.",0,Mobile Developer,DevOps Engineer
"Motivated UI/UX Designer eager to contribute technical expertise. 8 years working in related roles. Hands-on experience with adobe xd, interaction design, mentoring, prototyping, time management, usability testing, user research. Continuously learning new tools and technologies.","Cloud Engineer wanted for a fast-paced, collaborative environment. You should have 4+ years in the field and be comfortable with cloud security, linux, gcp, kubernetes, docker, azure, networking, aws. Remote-friendly with flexible hours.",0,Cloud Engineer,UI/UX Designer
"Motivated Product Manager eager to contribute technical expertise. Has 10 years of professional experience. Proficient in communication, data analysis, feature engineering, jira, product roadmap, product strategy, python, stakeholder management, teamwork, user research. Continuously learning new tools and technologies.","DevOps Engineer wanted for a fast-paced, collaborative environment. You should have 2+ years in the field and be comfortable with bash, terraform, linux, aws, ansible, jenkins. Strong communication and teamwork are a plus.",0,DevOps Engineer,Product Manager
"Motivated Data Scientist eager to contribute technical expertise. 10 years working in related roles. Hands-on experience with classification, data visualization, feature engineering, jupyter, leadership, mentoring, python, sql, statistics. Continuously learning new tools and technologies.","Join us as a DevOps Engineer and make an impact from day one. The ideal candidate has 6+ years of experience and is skilled in linux, monitoring, kubernetes, ci/cd, networking. Competitive salary and benefits offered.",0,DevOps Engineer,Data Scientist
"Experienced Cloud Engineer with a passion for building great products. 9 years working in related roles. Hands-on experience with aws, ci/cd, cloud security, docker, gcp, teamwork, terraform. Continuously learning new tools and technologies.","We are hiring a Cybersecurity Analyst to join our growing team. Requirements: at least 2 years of relevant experience, with hands-on skills in risk assessment, compliance, siem, firewalls, network security, python. Strong communication and teamwork are a plus.",0,Cybersecurity Analyst,Cloud Engineer
"Experienced Product Manager with a passion for building great products. Has 10 years of professional experience. Hands-on experience with data analysis, design systems, interaction design, jira, product strategy, scrum, stakeholder management. Comfortable working independently or in a team.","Join us as a Product Manager and make an impact from day one. You should have 2+ years in the field and be comfortable with agile, data analysis, user research, communication, product strategy, product roadmap, scrum. Remote-friendly with flexible hours.",0,Product Manager,Product Manager
"Cloud Engineer with a proven track record of delivering results. 1 years working in related roles. Hands-on experience with aws, azure, ci/cd, docker, gcp, kubernetes, linux, time management. Known for strong communication and teamwork.","UI/UX Designer wanted for a fast-paced, collaborative environment. The ideal candidate has 3+ years of experience and is skilled in figma, usability testing, user research, prototyping, design systems, wireframing. Competitive salary and benefits offered.",0,UI/UX Designer,Cloud Engineer
"Motivated QA Engineer eager to contribute technical expertise. Brings 3 years of hands-on industry experience. Core skills include ci/cd, jira, manual testing, test automation. Comfortable working independently or in a team.","Join us as a QA Engineer and make an impact from day one. You should have 1+ years in the field and be comfortable with python, jira, regression testing, test automation, selenium. Competitive salary and benefits offered.",0,QA Engineer,QA Engineer
"Detail-oriented Backend Developer with hands-on experience across projects. Has 0 years of professional experience. Hands-on experience with django, flask, mentoring, microservices, redis, sql, time management, unit testing. Known for strong communication and teamwork.","We are hiring a QA Engineer to join our growing team. You should have 6+ years in the field and be comfortable with test automation, jira, regression testing, api testing, test case design, ci/cd, manual testing. Strong communication and teamwork are a plus.",0,QA Engineer,Backend Developer
"Experienced QA Engineer with a passion for building great products. 9 years working in related roles. Core skills include api testing, bash, ci/cd, jira, manual testing, python, regression testing, selenium, terraform, test automation, time management. Continuously learning new tools and technologies.","Our company is looking for an experienced QA Engineer to help us scale. The ideal candidate has 7+ years of experience and is skilled in manual testing, test case design, regression testing, jira, api testing, test automation, ci/cd. Strong communication and teamwork are a plus.",1,QA Engineer,QA Engineer
"Machine Learning Engineer with a proven track record of delivering results. Has 6 years of professional experience. Core skills include aws, docker, feature engineering, machine learning, mentoring, mlops, pytorch, sql, teamwork, tensorflow. Known for strong communication and teamwork.","Our company is looking for an experienced Machine Learning Engineer to help us scale. You should have 3+ years in the field and be comfortable with docker, pytorch, machine learning, sql, tensorflow. We value problem solving and a growth mindset.",1,Machine Learning Engineer,Machine Learning Engineer
"Experienced Cybersecurity Analyst with a passion for building great products. 8 years working in related roles. Hands-on experience with compliance, firewalls, incident response, linux, network security, python, risk assessment, siem. Comfortable working independently or in a team.","Cybersecurity Analyst wanted for a fast-paced, collaborative environment. Requirements: at least 3 years of relevant experience, with hands-on skills in risk assessment, firewalls, siem, compliance, penetration testing, incident response, python, linux. Strong communication and teamwork are a plus.",1,Cybersecurity Analyst,Cybersecurity Analyst
"DevOps Engineer with a proven track record of delivering results. 9 years working in related roles. Proficient in aws, bash, ci/cd, docker, jenkins, kubernetes, linux, monitoring, networking, terraform. Comfortable working independently or in a team.","Our company is looking for an experienced DevOps Engineer to help us scale. Requirements: at least 7 years of relevant experience, with hands-on skills in ansible, terraform, networking, monitoring, linux. Remote-friendly with flexible hours.",1,DevOps Engineer,DevOps Engineer
"Motivated Product Manager eager to contribute technical expertise. 8 years working in related roles. Core skills include communication, data analysis, jira, product strategy, stakeholder management, time management. Continuously learning new tools and technologies.","Product Manager wanted for a fast-paced, collaborative environment. Requirements: at least 1 years of relevant experience, with hands-on skills in product strategy, data analysis, product roadmap, agile, stakeholder management, communication. We value problem solving and a growth mindset.",1,Product Manager,Product Manager
"Experienced Cloud Engineer with a passion for building great products. 5 years working in related roles. Proficient in aws, azure, ci/cd, cloud security, gcp, kubernetes, leadership, linux, terraform. Comfortable working independently or in a team.","Join us as a Frontend Developer and make an impact from day one. Requirements: at least 5 years of relevant experience, with hands-on skills in accessibility, webpack, redux, react, typescript, html, css, responsive design. Competitive salary and benefits offered.",0,Frontend Developer,Cloud Engineer
"Experienced Cybersecurity Analyst with a passion for building great products. 9 years working in related roles. Hands-on experience with compliance, firewalls, linux, network security, penetration testing, python, rest api, risk assessment, siem, webpack. Continuously learning new tools and technologies.","Join us as a Cybersecurity Analyst and make an impact from day one. The ideal candidate has 2+ years of experience and is skilled in compliance, linux, incident response, siem, risk assessment. We value problem solving and a growth mindset.",1,Cybersecurity Analyst,Cybersecurity Analyst
"Experienced DevOps Engineer with a passion for building great products. Has 1 years of professional experience. Hands-on experience with ansible, aws, ci/cd, jenkins, leadership, linux, monitoring, networking, problem solving, terraform. Continuously learning new tools and technologies.","Join us as a Backend Developer and make an impact from day one. You should have 7+ years in the field and be comfortable with git, microservices, celery, redis, flask, django. We value problem solving and a growth mindset.",0,Backend Developer,DevOps Engineer
"Motivated Cybersecurity Analyst eager to contribute technical expertise. 1 years working in related roles. Hands-on experience with agile, compliance, firewalls, incident response, jira, leadership, linux, mentoring, network security, penetration testing, python, risk assessment, siem. Comfortable working independently or in a team.","Our company is looking for an experienced Frontend Developer to help us scale. You should have 4+ years in the field and be comfortable with html, responsive design, javascript, react, rest api. Strong communication and teamwork are a plus.",0,Frontend Developer,Cybersecurity Analyst
"Motivated Frontend Developer eager to contribute technical expertise. 9 years working in related roles. Core skills include accessibility, git, rest api, typescript, webpack. Known for strong communication and teamwork.","Our company is looking for an experienced Data Scientist to help us scale. You should have 4+ years in the field and be comfortable with a/b testing, jupyter, pandas, regression, python. Competitive salary and benefits offered.",0,Data Scientist,Frontend Developer
"Detail-oriented Mobile Developer with hands-on experience across projects. Has 7 years of professional experience. Proficient in android, flutter, git, ios, kotlin, mobile ui design, network security, react native, rest api, siem, swift. Comfortable working independently or in a team.","Our company is looking for an experienced Cloud Engineer to help us scale. You should have 4+ years in the field and be comfortable with gcp, kubernetes, linux, cloud security, networking, docker, ci/cd, terraform. Strong communication and teamwork are a plus.",0,Cloud Engineer,Mobile Developer
"Motivated Machine Learning Engineer eager to contribute technical expertise. Brings 1 years of hands-on industry experience. Core skills include aws, deep learning, docker, feature engineering, leadership, machine learning, mlops, model deployment, python, pytorch, tensorflow. Continuously learning new tools and technologies.","We are hiring a Backend Developer to join our growing team. The ideal candidate has 6+ years of experience and is skilled in celery, docker, redis, unit testing, sql. Remote-friendly with flexible hours.",0,Backend Developer,Machine Learning Engineer
"Motivated Product Manager eager to contribute technical expertise. Brings 8 years of hands-on industry experience. Proficient in api testing, communication, jira, product roadmap, product strategy, selenium, stakeholder management, user research. Continuously learning new tools and technologies.","Product Manager wanted for a fast-paced, collaborative environment. You should have 5+ years in the field and be comfortable with communication, product roadmap, data analysis, jira, product strategy, user research. Competitive salary and benefits offered.",1,Product Manager,Product Manager
"Machine Learning Engineer with a proven track record of delivering results. Brings 4 years of hands-on industry experience. Proficient in aws, machine learning, mlops, model deployment, time management. Comfortable working independently or in a team.","Join us as a Cloud Engineer and make an impact from day one. You should have 6+ years in the field and be comfortable with linux, networking, cloud security, ci/cd, azure, gcp, terraform. Strong communication and teamwork are a plus.",0,Cloud Engineer,Machine Learning Engineer
"DevOps Engineer with a proven track record of delivering results. Has 5 years of professional experience. Proficient in ansible, ci/cd, kubernetes, networking, terraform. Known for strong communication and teamwork.","Data Analyst wanted for a fast-paced, collaborative environment. The ideal candidate has 2+ years of experience and is skilled in pandas, power bi, reporting, a/b testing, statistics. We value problem solving and a growth mindset.",0,Data Analyst,DevOps Engineer
"Motivated Cloud Engineer eager to contribute technical expertise. Brings 8 years of hands-on industry experience. Hands-on experience with aws, ci/cd, docker, gcp, networking, terraform. Known for strong communication and teamwork.","UI/UX Designer wanted for a fast-paced, collaborative environment. Requirements: at least 5 years of relevant experience, with hands-on skills in figma, adobe xd, interaction design, design systems, prototyping, wireframing, user research, usability testing. We value problem solving and a growth mindset.",0,UI/UX Designer,Cloud Engineer
"Detail-oriented Backend Developer with hands-on experience across projects. Brings 5 years of hands-on industry experience. Core skills include django, flask, git, microservices, postgresql, redis, rest api. Known for strong communication and teamwork.","Backend Developer wanted for a fast-paced, collaborative environment. The ideal candidate has 3+ years of experience and is skilled in postgresql, python, redis, rest api, docker, sql, microservices, flask. Competitive salary and benefits offered.",1,Backend Developer,Backend Developer
"Experienced Frontend Developer with a passion for building great products. Brings 8 years of hands-on industry experience. Proficient in html, javascript, mentoring, react, redux, responsive design, teamwork, typescript, webpack. Continuously learning new tools and technologies.","Join us as a Product Manager and make an impact from day one. The ideal candidate has 7+ years of experience and is skilled in agile, user research, jira, communication, product strategy, stakeholder management. We value problem solving and a growth mindset.",0,Product Manager,Frontend Developer
"QA Engineer with a proven track record of delivering results. 2 years working in related roles. Core skills include api testing, ci/cd, jira, manual testing, problem solving, python, regression testing, selenium, test automation, test case design, time management. Comfortable working independently or in a team.","DevOps Engineer wanted for a fast-paced, collaborative environment. Requirements: at least 5 years of relevant experience, with hands-on skills in monitoring, kubernetes, networking, linux, aws, jenkins, ansible. Strong communication and teamwork are a plus.",0,DevOps Engineer,QA Engineer
"Product Manager with a proven track record of delivering results. Has 1 years of professional experience. Core skills include agile, communication, data analysis, jira, product roadmap, product strategy, stakeholder management. Known for strong communication and teamwork.","Product Manager wanted for a fast-paced, collaborative environment. You should have 6+ years in the field and be comfortable with agile, communication, product strategy, scrum, jira, data analysis, user research, stakeholder management. Remote-friendly with flexible hours.",0,Product Manager,Product Manager
"Motivated Mobile Developer eager to contribute technical expertise. Brings 5 years of hands-on industry experience. Core skills include flutter, git, kotlin, react native, rest api, time management. Continuously learning new tools and technologies.","Our company is looking for an experienced Mobile Developer to help us scale. The ideal candidate has 3+ years of experience and is skilled in swift, rest api, react native, mobile ui design, flutter. Remote-friendly with flexible hours.",1,Mobile Developer,Mobile Developer
"Detail-oriented Backend Developer with hands-on experience across projects. Brings 7 years of hands-on industry experience. Proficient in celery, docker, flask, git, linux, postgresql, python, sql, terraform, time management. Comfortable working independently or in a team.","Cloud Engineer wanted for a fast-paced, collaborative environment. Requirements: at least 6 years of relevant experience, with hands-on skills in gcp, ci/cd, cloud security, docker, networking, terraform, kubernetes, linux. Remote-friendly with flexible hours.",0,Cloud Engineer,Backend Developer
"DevOps Engineer with a proven track record of delivering results. Has 6 years of professional experience. Proficient in aws, ci/cd, jenkins, kubernetes, linux, terraform. Known for strong communication and teamwork.","Our company is looking for an experienced Product Manager to help us scale. The ideal candidate has 4+ years of experience and is skilled in product roadmap, data analysis, agile, stakeholder management, user research, product strategy. Remote-friendly with flexible hours.",0,Product Manager,DevOps Engineer
"UI/UX Designer with a proven track record of delivering results. Brings 7 years of hands-on industry experience. Core skills include communication, interaction design, prototyping, user research, wireframing. Comfortable working independently or in a team.","We are hiring a UI/UX Designer to join our growing team. You should have 2+ years in the field and be comfortable with design systems, user research, usability testing, interaction design, prototyping, figma, wireframing, adobe xd. Strong communication and teamwork are a plus.",0,UI/UX Designer,UI/UX Designer
"Experienced Mobile Developer with a passion for building great products. 7 years working in related roles. Hands-on experience with flutter, git, ios, kotlin, leadership, rest api, swift. Known for strong communication and teamwork.","Join us as a Mobile Developer and make an impact from day one. The ideal candidate has 7+ years of experience and is skilled in git, swift, android, mobile ui design, kotlin, flutter, react native. Remote-friendly with flexible hours.",0,Mobile Developer,Mobile Developer
"Detail-oriented Cybersecurity Analyst with hands-on experience across projects. 0 years working in related roles. Hands-on experience with aws, communication, compliance, firewalls, incident response, penetration testing, pytorch, siem. Known for strong communication and teamwork.","UI/UX Designer wanted for a fast-paced, collaborative environment. The ideal candidate has 6+ years of experience and is skilled in usability testing, wireframing, design systems, figma, interaction design, adobe xd, user research. Competitive salary and benefits offered.",0,UI/UX Designer,Cybersecurity Analyst
"Motivated Backend Developer eager to contribute technical expertise. 7 years working in related roles. Hands-on experience with android, celery, flutter, git, postgresql, problem solving, rest api, unit testing. Comfortable working independently or in a team.","Our company is looking for an experienced Backend Developer to help us scale. You should have 3+ years in the field and be comfortable with flask, git, django, postgresql, python, redis. Strong communication and teamwork are a plus.",0,Backend Developer,Backend Developer
"Cybersecurity Analyst with a proven track record of delivering results. 6 years working in related roles. Hands-on experience with compliance, incident response, linux, network security, penetration testing, python, risk assessment, siem. Comfortable working independently or in a team.","Frontend Developer wanted for a fast-paced, collaborative environment. Requirements: at least 4 years of relevant experience, with hands-on skills in redux, responsive design, typescript, html, javascript, rest api, react. Competitive salary and benefits offered.",0,Frontend Developer,Cybersecurity Analyst
"Motivated Frontend Developer eager to contribute technical expertise. Has 0 years of professional experience. Hands-on experience with accessibility, css, javascript, react, redux, typescript, webpack. Continuously learning new tools and technologies.","Our company is looking for an experienced Frontend Developer to help us scale. The ideal candidate has 1+ years of experience and is skilled in redux, webpack, accessibility, react, javascript, typescript, git. Strong communication and teamwork are a plus.",1,Frontend Developer,Frontend Developer
"Detail-oriented Backend Developer with hands-on experience across projects. 8 years working in related roles. Proficient in django, docker, git, incident response, microservices, penetration testing, postgresql, python, redis, rest api, sql, unit testing. Continuously learning new tools and technologies.","We are hiring a DevOps Engineer to join our growing team. You should have 7+ years in the field and be comfortable with kubernetes, monitoring, docker, linux, terraform, bash, ci/cd, aws. Competitive salary and benefits offered.",0,DevOps Engineer,Backend Developer
"Motivated Data Analyst eager to contribute technical expertise. Brings 4 years of hands-on industry experience. Core skills include a/b testing, data visualization, excel, pandas, power bi, python, reporting, sql, statistics, tableau. Comfortable working independently or in a team.","Join us as a UI/UX Designer and make an impact from day one. Requirements: at least 5 years of relevant experience, with hands-on skills in adobe xd, figma, wireframing, usability testing, prototyping, user research, interaction design, design systems. Competitive salary and benefits offered.",1,UI/UX Designer,Data Analyst
"Data Analyst with a proven track record of delivering results. 6 years working in related roles. Proficient in a/b testing, api testing, communication, data visualization, pandas, power bi, project management, python, reporting, sql, statistics, tableau. Continuously learning new tools and technologies.","Our company is looking for an experienced Data Scientist to help us scale. Requirements: at least 2 years of relevant experience, with hands-on skills in a/b testing, python, jupyter, numpy, machine learning, regression, classification. Strong communication and teamwork are a plus.",0,Data Scientist,Data Analyst
"Detail-oriented Data Analyst with hands-on experience across projects. Has 10 years of professional experience. Core skills include a/b testing, excel, pandas, python, reporting, statistics. Continuously learning new tools and technologies.","Join us as a Mobile Developer and make an impact from day one. The ideal candidate has 6+ years of experience and is skilled in git, kotlin, react native, flutter, android, swift. Strong communication and teamwork are a plus.",1,Mobile Developer,Data Analyst
"Cloud Engineer with a proven track record of delivering results. Brings 2 years of hands-on industry experience. Hands-on experience with aws, cloud security, docker, gcp, kubernetes, networking, problem solving, project management, terraform. Known for strong communication and teamwork.","We are hiring a Cloud Engineer to join our growing team. The ideal candidate has 4+ years of experience and is skilled in kubernetes, ci/cd, terraform, azure, aws, linux. Remote-friendly with flexible hours.",0,Cloud Engineer,Cloud Engineer
"Motivated Data Analyst eager to contribute technical expertise. Has 10 years of professional experience. Hands-on experience with a/b testing, ci/cd, data visualization, leadership, manual testing, power bi, sql, statistics. Known for strong communication and teamwork.","We are hiring a UI/UX Designer to join our growing team. The ideal candidate has 6+ years of experience and is skilled in prototyping, wireframing, figma, user research, design systems, adobe xd. Remote-friendly with flexible hours.",0,UI/UX Designer,Data Analyst
"Experienced Data Scientist with a passion for building great products. Brings 9 years of hands-on industry experience. Proficient in a/b testing, classification, data visualization, feature engineering, jupyter, machine learning, problem solving, regression, scikit-learn, sql. Known for strong communication and teamwork.","Join us as a Data Scientist and make an impact from day one. Requirements: at least 3 years of relevant experience, with hands-on skills in a/b testing, numpy, machine learning, python, statistics, pandas. Strong communication and teamwork are a plus.",0,Data Scientist,Data Scientist
"Cybersecurity Analyst with a proven track record of delivering results. Has 6 years of professional experience. Core skills include compliance, firewalls, incident response, linux, mobile ui design, network security, penetration testing, problem solving, python, risk assessment, siem, swift, teamwork. Continuously learning new tools and technologies.","Cybersecurity Analyst wanted for a fast-paced, collaborative environment. The ideal candidate has 3+ years of experience and is skilled in network security, compliance, firewalls, linux, python, incident response, penetration testing. Strong communication and teamwork are a plus.",1,Cybersecurity Analyst,Cybersecurity Analyst
"UI/UX Designer with a proven track record of delivering results. Has 7 years of professional experience. Hands-on experience with adobe xd, figma, interaction design, project management, prototyping, teamwork, usability testing, user research, wireframing. Known for strong communication and teamwork.","UI/UX Designer wanted for a fast-paced, collaborative environment. The ideal candidate has 5+ years of experience and is skilled in prototyping, interaction design, user research, figma, usability testing, wireframing, adobe xd. We value problem solving and a growth mindset.",1,UI/UX Designer,UI/UX Designer
"UI/UX Designer with a proven track record of delivering results. Has 1 years of professional experience. Proficient in adobe xd, design systems, figma, interaction design, penetration testing, prototyping, risk assessment, usability testing, user research, wireframing. Continuously learning new tools and technologies.","Our company is looking for an experienced UI/UX Designer to help us scale. You should have 7+ years in the field and be comfortable with user research, design systems, usability testing, interaction design, wireframing, prototyping. We value problem solving and a growth mindset.",0,UI/UX Designer,UI/UX Designer
"Data Analyst with a proven track record of delivering results. 6 years working in related roles. Hands-on experience with a/b testing, excel, pandas, python, reporting, sql, statistics. Known for strong communication and teamwork.","Join us as a Product Manager and make an impact from day one. The ideal candidate has 6+ years of experience and is skilled in stakeholder management, communication, data analysis, product roadmap, scrum, jira. Remote-friendly with flexible hours.",0,Product Manager,Data Analyst
"Experienced Mobile Developer with a passion for building great products. Has 6 years of professional experience. Core skills include android, flutter, git, ios, mobile ui design, project management, react native, rest api, swift. Comfortable working independently or in a team.","Join us as a Backend Developer and make an impact from day one. The ideal candidate has 4+ years of experience and is skilled in git, microservices, celery, postgresql, redis, django. Remote-friendly with flexible hours.",0,Backend Developer,Mobile Developer
"Motivated Machine Learning Engineer eager to contribute technical expertise. Brings 1 years of hands-on industry experience. Hands-on experience with aws, cloud security, feature engineering, machine learning, mlops, model deployment, pytorch, sql, tensorflow, terraform. Continuously learning new tools and technologies.","Join us as a Machine Learning Engineer and make an impact from day one. You should have 2+ years in the field and be comfortable with sql, tensorflow, model deployment, docker, deep learning, python, feature engineering. Remote-friendly with flexible hours.",0,Machine Learning Engineer,Machine Learning Engineer
"Detail-oriented Mobile Developer with hands-on experience across projects. Brings 0 years of hands-on industry experience. Core skills include android, flutter, git, leadership, react native. Continuously learning new tools and technologies.","Join us as a Frontend Developer and make an impact from day one. You should have 5+ years in the field and be comfortable with react, accessibility, responsive design, redux, javascript. We value problem solving and a growth mindset.",0,Frontend Developer,Mobile Developer
"Cloud Engineer with a proven track record of delivering results. Has 4 years of professional experience. Proficient in ci/cd, cloud security, figma, linux, networking, terraform, wireframing. Known for strong communication and teamwork.","Join us as a Mobile Developer and make an impact from day one. Requirements: at least 4 years of relevant experience, with hands-on skills in android, kotlin, git, rest api, swift, mobile ui design, react native. Strong communication and teamwork are a plus.",1,Mobile Developer,Cloud Engineer
"Experienced Data Analyst with a passion for building great products. Brings 6 years of hands-on industry experience. Core skills include a/b testing, communication, data visualization, machine learning, mentoring, pandas, power bi, python, tableau. Known for strong communication and teamwork.","We are hiring a Data Analyst to join our growing team. Requirements: at least 1 years of relevant experience, with hands-on skills in power bi, sql, python, a/b testing, pandas. We value problem solving and a growth mindset.",1,Data Analyst,Data Analyst
"UI/UX Designer with a proven track record of delivering results. 9 years working in related roles. Core skills include adobe xd, design systems, figma, interaction design, leadership, problem solving, usability testing, user research. Known for strong communication and teamwork.","We are hiring a Machine Learning Engineer to join our growing team. You should have 1+ years in the field and be comfortable with feature engineering, model deployment, deep learning, machine learning, mlops, pytorch, docker. Strong communication and teamwork are a plus.",1,Machine Learning Engineer,UI/UX Designer
"Detail-oriented Data Analyst with hands-on experience across projects. Brings 10 years of hands-on industry experience. Proficient in a/b testing, adobe xd, data visualization, excel, figma, mentoring, pandas, power bi, python, reporting, sql, statistics, tableau, teamwork. Continuously learning new tools and technologies.","Our company is looking for an experienced Data Scientist to help us scale. The ideal candidate has 3+ years of experience and is skilled in feature engineering, pandas, scikit-learn, a/b testing, sql, jupyter, python, numpy. We value problem solving and a growth mindset.",0,Data Scientist,Data Analyst
"Motivated Frontend Developer eager to contribute technical expertise. 1 years working in related roles. Core skills include accessibility, css, html, javascript, leadership, project management, react, redux, responsive design, typescript, webpack. Continuously learning new tools and technologies.","Frontend Developer wanted for a fast-paced, collaborative environment. You should have 5+ years in the field and be comfortable with rest api, redux, responsive design, webpack, git, javascript, typescript, html. Strong communication and teamwork are a plus.",1,Frontend Developer,Frontend Developer
"Motivated Data Scientist eager to contribute technical expertise. Brings 8 years of hands-on industry experience. Proficient in data visualization, feature engineering, jupyter, machine learning, numpy, pandas, python, regression, scikit-learn, statistics. Known for strong communication and teamwork.","QA Engineer wanted for a fast-paced, collaborative environment. The ideal candidate has 2+ years of experience and is skilled in ci/cd, python, manual testing, api testing, jira. Strong communication and teamwork are a plus.",0,QA Engineer,Data Scientist
"Experienced UI/UX Designer with a passion for building great products. 4 years working in related roles. Core skills include design systems, figma, prototyping, usability testing. Continuously learning new tools and technologies.","We are hiring a Cloud Engineer to join our growing team. Requirements: at least 1 years of relevant experience, with hands-on skills in terraform, aws, linux, cloud security, kubernetes, docker. Strong communication and teamwork are a plus.",0,Cloud Engineer,UI/UX Designer
"Data Analyst with a proven track record of delivering results. 4 years working in related roles. Core skills include excel, pandas, reporting, sql. Continuously learning new tools and technologies.","We are hiring a Data Analyst to join our growing team. Requirements: at least 6 years of relevant experience, with hands-on skills in tableau, python, pandas, reporting, power bi, a/b testing. We value problem solving and a growth mindset.",0,Data Analyst,Data Analyst
"Experienced Backend Developer with a passion for building great products. Brings 10 years of hands-on industry experience. Hands-on experience with celery, docker, flask, git, microservices, postgresql, redis. Known for strong communication and teamwork.","We are hiring a Backend Developer to join our growing team. The ideal candidate has 4+ years of experience and is skilled in microservices, postgresql, unit testing, git, python, django, celery. Remote-friendly with flexible hours.",0,Backend Developer,Backend Developer
"Motivated Cybersecurity Analyst eager to contribute technical expertise. 4 years working in related roles. Hands-on experience with compliance, firewalls, incident response, linux, network security, penetration testing, python, risk assessment, siem. Known for strong communication and teamwork.","Cybersecurity Analyst wanted for a fast-paced, collaborative environment. Requirements: at least 2 years of relevant experience, with hands-on skills in siem, compliance, penetration testing, firewalls, incident response, risk assessment, network security, python. Remote-friendly with flexible hours.",1,Cybersecurity Analyst,Cybersecurity Analyst
"Motivated QA Engineer eager to contribute technical expertise. 9 years working in related roles. Hands-on experience with adobe xd, api testing, design systems, jira, manual testing, python, test automation. Known for strong communication and teamwork.","Join us as a QA Engineer and make an impact from day one. You should have 4+ years in the field and be comfortable with regression testing, selenium, jira, manual testing, test case design. Remote-friendly with flexible hours.",0,QA Engineer,QA Engineer
"Experienced UI/UX Designer with a passion for building great products. Has 2 years of professional experience. Hands-on experience with adobe xd, design systems, figma, interaction design, mentoring, prototyping, user research, wireframing. Known for strong communication and teamwork.","We are hiring a UI/UX Designer to join our growing team. Requirements: at least 3 years of relevant experience, with hands-on skills in design systems, figma, interaction design, usability testing, prototyping. We value problem solving and a growth mindset.",1,UI/UX Designer,UI/UX Designer
"Experienced UI/UX Designer with a passion for building great products. Brings 5 years of hands-on industry experience. Proficient in adobe xd, aws, cloud security, design systems, user research, wireframing. Known for strong communication and teamwork.","Machine Learning Engineer wanted for a fast-paced, collaborative environment. Requirements: at least 5 years of relevant experience, with hands-on skills in aws, deep learning, sql, machine learning, pytorch, mlops, tensorflow, docker. Competitive salary and benefits offered.",0,Machine Learning Engineer,UI/UX Designer
"Detail-oriented Data Analyst with hands-on experience across projects. 9 years working in related roles. Proficient in a/b testing, data visualization, excel, gcp, mentoring, networking, pandas, power bi, problem solving, python, reporting, sql, statistics, tableau. Comfortable working independently or in a team.","Our company is looking for an experienced Product Manager to help us scale. The ideal candidate has 4+ years of experience and is skilled in data analysis, jira, stakeholder management, product strategy, communication, agile, scrum, product roadmap. Remote-friendly with flexible hours.",0,Product Manager,Data Analyst
"Experienced Product Manager with a passion for building great products. Has 1 years of professional experience. Core skills include agile, data analysis, jira, problem solving, product roadmap, product strategy, project management, scrum, stakeholder management, user research. Continuously learning new tools and technologies.","Our company is looking for an experienced Cloud Engineer to help us scale. You should have 4+ years in the field and be comfortable with networking, kubernetes, terraform, azure, linux, docker, aws, gcp. Competitive salary and benefits offered.",0,Cloud Engineer,Product Manager
"Detail-oriented Data Analyst with hands-on experience across projects. 0 years working in related roles. Proficient in data visualization, excel, pandas, power bi, python, reporting, sql. Continuously learning new tools and technologies.","Join us as a UI/UX Designer and make an impact from day one. You should have 4+ years in the field and be comfortable with interaction design, design systems, figma, user research, usability testing. Remote-friendly with flexible hours.",1,UI/UX Designer,Data Analyst
"Experienced Data Analyst with a passion for building great products. Brings 2 years of hands-on industry experience. Proficient in a/b testing, data visualization, excel, pandas, power bi, problem solving, python, reporting, sql, statistics, tableau. Known for strong communication and teamwork.","Machine Learning Engineer wanted for a fast-paced, collaborative environment. Requirements: at least 1 years of relevant experience, with hands-on skills in docker, sql, pytorch, tensorflow, deep learning. We value problem solving and a growth mindset.",0,Machine Learning Engineer,Data Analyst
"Detail-oriented Backend Developer with hands-on experience across projects. Brings 6 years of hands-on industry experience. Proficient in docker, flask, git, jira, redis, stakeholder management. Continuously learning new tools and technologies.","Frontend Developer wanted for a fast-paced, collaborative environment. The ideal candidate has 5+ years of experience and is skilled in webpack, accessibility, css, responsive design, redux, git, react, typescript. Competitive salary and benefits offered.",0,Frontend Developer,Backend Developer
"Data Scientist with a proven track record of delivering results. 10 years working in related roles. Core skills include a/b testing, classification, data visualization, machine learning, pandas, sql. Continuously learning new tools and technologies.","Data Scientist wanted for a fast-paced, collaborative environment. Requirements: at least 5 years of relevant experience, with hands-on skills in classification, data visualization, sql, statistics, jupyter, python, regression. Competitive salary and benefits offered.",0,Data Scientist,Data Scientist
"Experienced Data Analyst with a passion for building great products. 3 years working in related roles. Proficient in data visualization, pandas, python, reporting, sql, tableau. Known for strong communication and teamwork.","We are hiring a Frontend Developer to join our growing team. You should have 5+ years in the field and be comfortable with rest api, javascript, git, react, accessibility, css, webpack. Remote-friendly with flexible hours.",0,Frontend Developer,Data Analyst
"Detail-oriented Data Analyst with hands-on experience across projects. Has 1 years of professional experience. Hands-on experience with a/b testing, data visualization, excel, leadership, pandas, power bi, problem solving, python, reporting, sql, statistics, tableau. Comfortable working independently or in a team.","We are hiring a Frontend Developer to join our growing team. You should have 4+ years in the field and be comfortable with accessibility, git, html, react, redux, responsive design, rest api, typescript. Remote-friendly with flexible hours.",0,Frontend Developer,Data Analyst
"Detail-oriented Mobile Developer with hands-on experience across projects. Brings 7 years of hands-on industry experience. Core skills include flutter, git, ios, kotlin, mobile ui design, react native, rest api, sql, statistics, swift. Continuously learning new tools and technologies.","Mobile Developer wanted for a fast-paced, collaborative environment. The ideal candidate has 4+ years of experience and is skilled in android, rest api, kotlin, react native, swift. Strong communication and teamwork are a plus.",1,Mobile Developer,Mobile Developer
"Experienced Cybersecurity Analyst with a passion for building great products. Brings 8 years of hands-on industry experience. Hands-on experience with firewalls, incident response, leadership, linux, network security. Known for strong communication and teamwork.","Backend Developer wanted for a fast-paced, collaborative environment. Requirements: at least 6 years of relevant experience, with hands-on skills in python, docker, git, django, postgresql, flask. Strong communication and teamwork are a plus.",0,Backend Developer,Cybersecurity Analyst
"Detail-oriented QA Engineer with hands-on experience across projects. 10 years working in related roles. Hands-on experience with api testing, ci/cd, jira, leadership, manual testing, python, regression, regression testing, selenium, statistics, test automation, test case design. Known for strong communication and teamwork.","Our company is looking for an experienced QA Engineer to help us scale. The ideal candidate has 6+ years of experience and is skilled in regression testing, ci/cd, test automation, api testing, python. Strong communication and teamwork are a plus.",1,QA Engineer,QA Engineer
"Motivated DevOps Engineer eager to contribute technical expertise. 6 years working in related roles. Hands-on experience with ansible, bash, ci/cd, docker, figma, jenkins, kubernetes, monitoring, networking, prototyping, terraform. Comfortable working independently or in a team.","We are hiring a DevOps Engineer to join our growing team. The ideal candidate has 5+ years of experience and is skilled in docker, aws, monitoring, networking, ci/cd. We value problem solving and a growth mindset.",1,DevOps Engineer,DevOps Engineer
"Frontend Developer with a proven track record of delivering results. Has 6 years of professional experience. Core skills include accessibility, html, javascript, react, redux, responsive design, rest api, typescript, webpack. Known for strong communication and teamwork.","We are hiring a UI/UX Designer to join our growing team. Requirements: at least 1 years of relevant experience, with hands-on skills in usability testing, adobe xd, wireframing, figma, design systems, prototyping. We value problem solving and a growth mindset.",1,UI/UX Designer,Frontend Developer
"Motivated Frontend Developer eager to contribute technical expertise. Brings 4 years of hands-on industry experience. Proficient in accessibility, azure, cloud security, git, html, javascript, react, responsive design, rest api, typescript, webpack. Continuously learning new tools and technologies.","Join us as a Frontend Developer and make an impact from day one. You should have 7+ years in the field and be comfortable with accessibility, git, typescript, webpack, redux. We value problem solving and a growth mindset.",0,Frontend Developer,Frontend Developer
"Backend Developer with a proven track record of delivering results. Has 0 years of professional experience. Proficient in celery, communication, django, docker, flask, git, mentoring, microservices, model deployment, postgresql, python, redis, sql, unit testing. Comfortable working independently or in a team.","Our company is looking for an experienced Backend Developer to help us scale. Requirements: at least 4 years of relevant experience, with hands-on skills in microservices, postgresql, unit testing, celery, rest api. Strong communication and teamwork are a plus.",0,Backend Developer,Backend Developer
"Backend Developer with a proven track record of delivering results. 2 years working in related roles. Core skills include celery, communication, docker, problem solving, redis, rest api. Known for strong communication and teamwork.","Backend Developer wanted for a fast-paced, collaborative environment. The ideal candidate has 6+ years of experience and is skilled in celery, git, microservices, postgresql, docker, django. Strong communication and teamwork are a plus.",0,Backend Developer,Backend Developer
"Motivated DevOps Engineer eager to contribute technical expertise. Has 7 years of professional experience. Hands-on experience with ansible, aws, ci/cd, docker, jenkins, kubernetes, linux, monitoring, networking, product strategy, stakeholder management, terraform. Comfortable working independently or in a team.","Our company is looking for an experienced Frontend Developer to help us scale. The ideal candidate has 3+ years of experience and is skilled in css, redux, typescript, accessibility, html, react, javascript, rest api. Remote-friendly with flexible hours.",0,Frontend Developer,DevOps Engineer
"Experienced Product Manager with a passion for building great products. 8 years working in related roles. Hands-on experience with communication, data analysis, jira, stakeholder management. Comfortable working independently or in a team.","We are hiring a DevOps Engineer to join our growing team. The ideal candidate has 4+ years of experience and is skilled in linux, jenkins, ci/cd, aws, terraform, docker. Remote-friendly with flexible hours.",0,DevOps Engineer,Product Manager
"Motivated Cloud Engineer eager to contribute technical expertise. 6 years working in related roles. Hands-on experience with aws, azure, ci/cd, cloud security, docker, gcp, kubernetes, linux, networking, teamwork, terraform. Continuously learning new tools and technologies.","Join us as a Frontend Developer and make an impact from day one. You should have 2+ years in the field and be comfortable with typescript, css, react, javascript, git, redux, html. Strong communication and teamwork are a plus.",0,Frontend Developer,Cloud Engineer
"QA Engineer with a proven track record of delivering results. 7 years working in related roles. Proficient in ci/cd, jira, manual testing, regression testing, selenium, test case design, time management. Comfortable working independently or in a team.","Join us as a DevOps Engineer and make an impact from day one. Requirements: at least 1 years of relevant experience, with hands-on skills in bash, linux, docker, networking, ansible. Remote-friendly with flexible hours.",0,DevOps Engineer,QA Engineer
"Backend Developer with a proven track record of delivering results. 2 years working in related roles. Hands-on experience with django, docker, flask, git, html, problem solving, react, redis. Known for strong communication and teamwork.","Machine Learning Engineer wanted for a fast-paced, collaborative environment. Requirements: at least 4 years of relevant experience, with hands-on skills in docker, python, pytorch, mlops, tensorflow, machine learning, sql, aws. Competitive salary and benefits offered.",0,Machine Learning Engineer,Backend Developer
"Cloud Engineer with a proven track record of delivering results. Brings 4 years of hands-on industry experience. Proficient in azure, ci/cd, cloud security, docker, gcp, kubernetes, linux, networking, terraform. Comfortable working independently or in a team.","We are hiring a UI/UX Designer to join our growing team. The ideal candidate has 2+ years of experience and is skilled in design systems, user research, prototyping, usability testing, figma, wireframing. We value problem solving and a growth mindset.",0,UI/UX Designer,Cloud Engineer
"Experienced Machine Learning Engineer with a passion for building great products. 8 years working in related roles. Core skills include aws, ci/cd, deep learning, leadership, machine learning, manual testing, python, tensorflow. Comfortable working independently or in a team.","Our company is looking for an experienced Machine Learning Engineer to help us scale. You should have 5+ years in the field and be comfortable with tensorflow, mlops, docker, sql, pytorch. Competitive salary and benefits offered.",0,Machine Learning Engineer,Machine Learning Engineer
"Experienced Mobile Developer with a passion for building great products. Brings 2 years of hands-on industry experience. Proficient in android, celery, flutter, git, ios, kotlin, mobile ui design, react native, rest api, swift. Comfortable working independently or in a team.","Our company is looking for an experienced Mobile Developer to help us scale. Requirements: at least 7 years of relevant experience, with hands-on skills in mobile ui design, react native, swift, rest api, ios, git. Competitive salary and benefits offered.",0,Mobile Developer,Mobile Developer
"Detail-oriented DevOps Engineer with hands-on experience across projects. 4 years working in related roles. Proficient in ansible, aws, bash, ci/cd, docker, flutter, jenkins, kubernetes, mentoring, monitoring, networking, rest api, teamwork, terraform. Known for strong communication and teamwork.","DevOps Engineer wanted for a fast-paced, collaborative environment. The ideal candidate has 7+ years of experience and is skilled in linux, kubernetes, networking, docker, terraform, ansible, bash, jenkins. Strong communication and teamwork are a plus.",0,DevOps Engineer,DevOps Engineer
"Product Manager with a proven track record of delivering results. Has 9 years of professional experience. Proficient in agile, jira, product roadmap, product strategy, scrum, stakeholder management. Comfortable working independently or in a team.","Our company is looking for an experienced Mobile Developer to help us scale. Requirements: at least 2 years of relevant experience, with hands-on skills in git, react native, kotlin, flutter, ios, mobile ui design, swift, android. Remote-friendly with flexible hours.",0,Mobile Developer,Product Manager
"Detail-oriented Mobile Developer with hands-on experience across projects. 5 years working in related roles. Core skills include android, flutter, git, ios, kotlin, mobile ui design, pytorch, react native, rest api, sql, swift. Comfortable working independently or in a team.","We are hiring a Mobile Developer to join our growing team. The ideal candidate has 2+ years of experience and is skilled in react native, mobile ui design, ios, git, rest api. We value problem solving and a growth mindset.",1,Mobile Developer,Mobile Developer
"Experienced Frontend Developer with a passion for building great products. 10 years working in related roles. Proficient in css, html, javascript, project management, redux, responsive design, teamwork, typescript. Continuously learning new tools and technologies.","We are hiring a Mobile Developer to join our growing team. The ideal candidate has 5+ years of experience and is skilled in flutter, swift, rest api, android, kotlin. Competitive salary and benefits offered.",0,Mobile Developer,Frontend Developer
"Experienced Data Scientist with a passion for building great products. Brings 3 years of hands-on industry experience. Core skills include ci/cd, data visualization, jupyter, kubernetes, machine learning, mentoring, sql, statistics. Known for strong communication and teamwork.","Backend Developer wanted for a fast-paced, collaborative environment. The ideal candidate has 6+ years of experience and is skilled in unit testing, postgresql, redis, sql, celery, microservices. Competitive salary and benefits offered.",0,Backend Developer,Data Scientist
"Experienced Frontend Developer with a passion for building great products. Has 1 years of professional experience. Core skills include css, docker, html, javascript, problem solving, react, redux, tensorflow, webpack. Comfortable working independently or in a team.","Join us as a Frontend Developer and make an impact from day one. You should have 7+ years in the field and be comfortable with responsive design, redux, typescript, git, react. Competitive salary and benefits offered.",1,Frontend Developer,Frontend Developer
"Motivated Backend Developer eager to contribute technical expertise. 2 years working in related roles. Core skills include celery, communication, django, mentoring, microservices, rest api. Comfortable working independently or in a team.","Backend Developer wanted for a fast-paced, collaborative environment. The ideal candidate has 1+ years of experience and is skilled in redis, unit testing, microservices, python, git. Strong communication and teamwork are a plus.",0,Backend Developer,Backend Developer
"Motivated Frontend Developer eager to contribute technical expertise. Brings 2 years of hands-on industry experience. Core skills include css, git, html, javascript, react, redux, responsive design, rest api, typescript, webpack. Known for strong communication and teamwork.","Our company is looking for an experienced Cloud Engineer to help us scale. You should have 5+ years in the field and be comfortable with ci/cd, azure, cloud security, networking, docker, aws. We value problem solving and a growth mindset.",0,Cloud Engineer,Frontend Developer
"Data Scientist with a proven track record of delivering results. 7 years working in related roles. Core skills include data visualization, interaction design, pandas, sql, statistics, usability testing. Comfortable working independently or in a team.","Join us as a QA Engineer and make an impact from day one. Requirements: at least 2 years of relevant experience, with hands-on skills in regression testing, selenium, python, test automation, test case design. Competitive salary and benefits offered.",0,QA Engineer,Data Scientist
"Experienced Product Manager with a passion for building great products. Has 6 years of professional experience. Core skills include agile, ci/cd, communication, data analysis, jira, linux, product roadmap, product strategy, scrum, stakeholder management, user research. Continuously learning new tools and technologies.","Join us as a QA Engineer and make an impact from day one. You should have 6+ years in the field and be comfortable with selenium, ci/cd, regression testing, manual testing, api testing, test automation. Strong communication and teamwork are a plus.",0,QA Engineer,Product Manager
"Detail-oriented Cybersecurity Analyst with hands-on experience across projects. 2 years working in related roles. Hands-on experience with compliance, data visualization, firewalls, linux, network security, pandas, python, siem. Comfortable working independently or in a team.","Cybersecurity Analyst wanted for a fast-paced, collaborative environment. The ideal candidate has 5+ years of experience and is skilled in python, firewalls, incident response, compliance, risk assessment, linux, siem. Remote-friendly with flexible hours.",0,Cybersecurity Analyst,Cybersecurity Analyst
"Motivated Cloud Engineer eager to contribute technical expertise. 10 years working in related roles. Proficient in aws, azure, ci/cd, cloud security, gcp, kubernetes, networking, project management, terraform. Comfortable working independently or in a team.","Join us as a Product Manager and make an impact from day one. Requirements: at least 3 years of relevant experience, with hands-on skills in agile, product strategy, jira, stakeholder management, communication. Competitive salary and benefits offered.",0,Product Manager,Cloud Engineer
"Motivated QA Engineer eager to contribute technical expertise. Brings 10 years of hands-on industry experience. Proficient in ci/cd, jira, mentoring, regression testing, selenium, test automation, test case design. Comfortable working independently or in a team.","Machine Learning Engineer wanted for a fast-paced, collaborative environment. Requirements: at least 4 years of relevant experience, with hands-on skills in sql, pytorch, deep learning, feature engineering, machine learning, docker, aws, python. Remote-friendly with flexible hours.",0,Machine Learning Engineer,QA Engineer
"Detail-oriented Data Analyst with hands-on experience across projects. Brings 6 years of hands-on industry experience. Hands-on experience with a/b testing, aws, cloud security, data visualization, excel, python, reporting, sql, statistics, tableau. Known for strong communication and teamwork.","Data Analyst wanted for a fast-paced, collaborative environment. The ideal candidate has 1+ years of experience and is skilled in data visualization, sql, tableau, excel, statistics, power bi, pandas, python. Competitive salary and benefits offered.",1,Data Analyst,Data Analyst
"Motivated Frontend Developer eager to contribute technical expertise. Brings 9 years of hands-on industry experience. Proficient in accessibility, css, git, html, javascript, redux, responsive design, rest api, typescript, webpack. Continuously learning new tools and technologies.","Backend Developer wanted for a fast-paced, collaborative environment. Requirements: at least 3 years of relevant experience, with hands-on skills in postgresql, git, unit testing, celery, flask, sql. We value problem solving and a growth mindset.",0,Backend Developer,Frontend Developer
"Experienced Cloud Engineer with a passion for building great products. 10 years working in related roles. Proficient in aws, azure, ci/cd, cloud security, docker, gcp, kubernetes, networking, react native, rest api, terraform. Comfortable working independently or in a team.","Join us as a Mobile Developer and make an impact from day one. Requirements: at least 2 years of relevant experience, with hands-on skills in ios, flutter, rest api, swift, android, react native, kotlin, mobile ui design. Competitive salary and benefits offered.",0,Mobile Developer,Cloud Engineer
"Cybersecurity Analyst with a proven track record of delivering results. Has 0 years of professional experience. Core skills include compliance, incident response, machine learning, network security, problem solving, risk assessment, scikit-learn, siem, time management. Known for strong communication and teamwork.","Our company is looking for an experienced DevOps Engineer to help us scale. Requirements: at least 6 years of relevant experience, with hands-on skills in networking, terraform, jenkins, ansible, aws, docker. Competitive salary and benefits offered.",1,DevOps Engineer,Cybersecurity Analyst
"Motivated Cybersecurity Analyst eager to contribute technical expertise. 5 years working in related roles. Hands-on experience with compliance, firewalls, incident response, linux, mentoring, network security, penetration testing, python, risk assessment, siem. Comfortable working independently or in a team.","Machine Learning Engineer wanted for a fast-paced, collaborative environment. The ideal candidate has 3+ years of experience and is skilled in deep learning, python, sql, aws, feature engineering, model deployment. Remote-friendly with flexible hours.",0,Machine Learning Engineer,Cybersecurity Analyst
"Motivated Data Scientist eager to contribute technical expertise. Brings 2 years of hands-on industry experience. Hands-on experience with classification, jupyter, pandas, regression, scikit-learn, sql, statistics. Comfortable working independently or in a team.","Join us as a Cybersecurity Analyst and make an impact from day one. Requirements: at least 3 years of relevant experience, with hands-on skills in python, incident response, siem, network security, linux, risk assessment. Competitive salary and benefits offered.",0,Cybersecurity Analyst,Data Scientist
"Cybersecurity Analyst with a proven track record of delivering results. Brings 3 years of hands-on industry experience. Hands-on experience with api testing, compliance, incident response, linux, python, teamwork, test case design. Comfortable working independently or in a team.","Join us as a Data Scientist and make an impact from day one. Requirements: at least 5 years of relevant experience, with hands-on skills in regression, feature engineering, python, scikit-learn, machine learning. Competitive salary and benefits offered.",0,Data Scientist,Cybersecurity Analyst
"Cloud Engineer with a proven track record of delivering results. 10 years working in related roles. Core skills include cloud security, kubernetes, networking, terraform. Continuously learning new tools and technologies.","Join us as a UI/UX Designer and make an impact from day one. The ideal candidate has 6+ years of experience and is skilled in figma, user research, design systems, prototyping, interaction design, adobe xd, wireframing, usability testing. We value problem solving and a growth mindset.",0,UI/UX Designer,Cloud Engineer
"Detail-oriented Data Analyst with hands-on experience across projects. 6 years working in related roles. Proficient in a/b testing, data visualization, excel, leadership, pandas, power bi, python, reporting, teamwork. Known for strong communication and teamwork.","Our company is looking for an experienced QA Engineer to help us scale. You should have 2+ years in the field and be comfortable with test case design, regression testing, api testing, test automation, ci/cd, selenium. Remote-friendly with flexible hours.",0,QA Engineer,Data Analyst
"Experienced Frontend Developer with a passion for building great products. Has 7 years of professional experience. Hands-on experience with html, javascript, mentoring, react, redux, time management. Known for strong communication and teamwork.","Join us as a Cloud Engineer and make an impact from day one. You should have 1+ years in the field and be comfortable with azure, linux, terraform, gcp, kubernetes, cloud security. Remote-friendly with flexible hours.",0,Cloud Engineer,Frontend Developer
"Mobile Developer with a proven track record of delivering results. Brings 7 years of hands-on industry experience. Hands-on experience with android, communication, git, kotlin, mentoring, react native, swift. Comfortable working independently or in a team.","Machine Learning Engineer wanted for a fast-paced, collaborative environment. You should have 2+ years in the field and be comfortable with sql, model deployment, tensorflow, aws, deep learning, pytorch, docker. We value problem solving and a growth mindset.",0,Machine Learning Engineer,Mobile Developer
"Experienced Cybersecurity Analyst with a passion for building great products. Brings 2 years of hands-on industry experience. Hands-on experience with compliance, firewalls, incident response, network security, penetration testing, problem solving, python, risk assessment, siem, teamwork. Continuously learning new tools and technologies.","Join us as a Cybersecurity Analyst and make an impact from day one. Requirements: at least 2 years of relevant experience, with hands-on skills in python, risk assessment, network security, linux, compliance, firewalls, incident response, siem. Strong communication and teamwork are a plus.",1,Cybersecurity Analyst,Cybersecurity Analyst
"Detail-oriented Data Analyst with hands-on experience across projects. Has 10 years of professional experience. Proficient in a/b testing, data visualization, excel, power bi, project management, python, tableau. Known for strong communication and teamwork.","Machine Learning Engineer wanted for a fast-paced, collaborative environment. You should have 7+ years in the field and be comfortable with mlops, python, tensorflow, sql, model deployment. Competitive salary and benefits offered.",1,Machine Learning Engineer,Data Analyst
"Product Manager with a proven track record of delivering results. 4 years working in related roles. Proficient in agile, communication, data analysis, deep learning, jira, product roadmap, product strategy, tensorflow, user research. Continuously learning new tools and technologies.","Join us as a Frontend Developer and make an impact from day one. The ideal candidate has 1+ years of experience and is skilled in responsive design, typescript, html, accessibility, css. Remote-friendly with flexible hours.",0,Frontend Developer,Product Manager
"Detail-oriented DevOps Engineer with hands-on experience across projects. Brings 0 years of hands-on industry experience. Hands-on experience with ansible, bash, kubernetes, monitoring, teamwork. Continuously learning new tools and technologies.","Frontend Developer wanted for a fast-paced, collaborative environment. You should have 4+ years in the field and be comfortable with react, css, responsive design, accessibility, html, javascript, webpack, redux. Strong communication and teamwork are a plus.",0,Frontend Developer,DevOps Engineer
"UI/UX Designer with a proven track record of delivering results. Has 4 years of professional experience. Core skills include adobe xd, aws, design systems, figma, interaction design, jenkins, prototyping, user research, wireframing. Comfortable working independently or in a team.","We are hiring a Product Manager to join our growing team. You should have 7+ years in the field and be comfortable with stakeholder management, product roadmap, jira, data analysis, scrum, user research. Strong communication and teamwork are a plus.",0,Product Manager,UI/UX Designer
"Detail-oriented QA Engineer with hands-on experience across projects. 5 years working in related roles. Proficient in jira, project management, regression testing, selenium, test case design. Continuously learning new tools and technologies.","Join us as a Cybersecurity Analyst and make an impact from day one. Requirements: at least 4 years of relevant experience, with hands-on skills in penetration testing, firewalls, compliance, network security, linux, siem, incident response. Competitive salary and benefits offered.",0,Cybersecurity Analyst,QA Engineer
"Experienced Product Manager with a passion for building great products. 9 years working in related roles. Proficient in communication, data analysis, jira, mentoring, product roadmap, product strategy, scrum, teamwork, user research. Known for strong communication and teamwork.","Our company is looking for an experienced Frontend Developer to help us scale. The ideal candidate has 3+ years of experience and is skilled in rest api, accessibility, react, typescript, css, webpack, javascript, redux. Competitive salary and benefits offered.",0,Frontend Developer,Product Manager
"Detail-oriented Machine Learning Engineer with hands-on experience across projects. Has 0 years of professional experience. Proficient in deep learning, docker, machine learning, mlops, python, pytorch, siem, tensorflow. Known for strong communication and teamwork.","Join us as a Mobile Developer and make an impact from day one. You should have 3+ years in the field and be comfortable with android, rest api, swift, git, ios, mobile ui design. Remote-friendly with flexible hours.",0,Mobile Developer,Machine Learning Engineer
"Mobile Developer with a proven track record of delivering results. Has 6 years of professional experience. Core skills include ios, kotlin, mobile ui design, swift. Comfortable working independently or in a team.","Our company is looking for an experienced Mobile Developer to help us scale. The ideal candidate has 2+ years of experience and is skilled in git, react native, mobile ui design, rest api, android, ios, kotlin, swift. We value problem solving and a growth mindset.",0,Mobile Developer,Mobile Developer
"Detail-oriented DevOps Engineer with hands-on experience across projects. 6 years working in related roles. Hands-on experience with ansible, bash, docker, jenkins, linux, networking. Continuously learning new tools and technologies.","Join us as a QA Engineer and make an impact from day one. The ideal candidate has 4+ years of experience and is skilled in selenium, manual testing, api testing, regression testing, python. Remote-friendly with flexible hours.",0,QA Engineer,DevOps Engineer
"Detail-oriented QA Engineer with hands-on experience across projects. Brings 3 years of hands-on industry experience. Core skills include api testing, jira, manual testing, python, regression testing, selenium, teamwork, test automation, test case design. Known for strong communication and teamwork.","We are hiring a Machine Learning Engineer to join our growing team. You should have 6+ years in the field and be comfortable with sql, model deployment, deep learning, feature engineering, pytorch. Strong communication and teamwork are a plus.",0,Machine Learning Engineer,QA Engineer
"Motivated Machine Learning Engineer eager to contribute technical expertise. Has 7 years of professional experience. Proficient in deep learning, docker, feature engineering, machine learning, model deployment, python, pytorch, sql, tensorflow. Continuously learning new tools and technologies.","Product Manager wanted for a fast-paced, collaborative environment. Requirements: at least 6 years of relevant experience, with hands-on skills in product strategy, scrum, communication, data analysis, stakeholder management, user research, jira. We value problem solving and a growth mindset.",1,Product Manager,Machine Learning Engineer
"Experienced Frontend Developer with a passion for building great products. 8 years working in related roles. Proficient in css, git, html, javascript, redux, responsive design, typescript, webpack. Comfortable working independently or in a team.","Data Scientist wanted for a fast-paced, collaborative environment. Requirements: at least 1 years of relevant experience, with hands-on skills in machine learning, statistics, feature engineering, numpy, a/b testing, python, sql. Strong communication and teamwork are a plus.",0,Data Scientist,Frontend Developer
"QA Engineer with a proven track record of delivering results. Brings 1 years of hands-on industry experience. Core skills include api testing, ci/cd, jira, leadership, python, teamwork, test case design. Known for strong communication and teamwork.","We are hiring a Backend Developer to join our growing team. The ideal candidate has 5+ years of experience and is skilled in microservices, celery, django, unit testing, python. Strong communication and teamwork are a plus.",0,Backend Developer,QA Engineer
"Experienced Frontend Developer with a passion for building great products. Has 8 years of professional experience. Core skills include accessibility, css, git, html, javascript, react, responsive design, rest api, typescript, webpack. Comfortable working independently or in a team.","Our company is looking for an experienced Mobile Developer to help us scale. The ideal candidate has 6+ years of experience and is skilled in react native, android, swift, git, flutter, ios, kotlin. Remote-friendly with flexible hours.",0,Mobile Developer,Frontend Developer
"Detail-oriented QA Engineer with hands-on experience across projects. Has 10 years of professional experience. Core skills include ci/cd, jira, python, selenium, teamwork, test automation, test case design, time management. Known for strong communication and teamwork.","Join us as a Frontend Developer and make an impact from day one. You should have 4+ years in the field and be comfortable with javascript, webpack, accessibility, html, typescript, rest api, git, responsive design. Competitive salary and benefits offered.",1,Frontend Developer,QA Engineer
"Experienced Product Manager with a passion for building great products. Brings 10 years of hands-on industry experience. Core skills include communication, data analysis, jira, mentoring, product roadmap, product strategy, scrum, stakeholder management, user research. Continuously learning new tools and technologies.","Our company is looking for an experienced Data Analyst to help us scale. The ideal candidate has 3+ years of experience and is skilled in power bi, pandas, python, excel, sql, reporting, a/b testing, tableau. Strong communication and teamwork are a plus.",0,Data Analyst,Product Manager
"Motivated DevOps Engineer eager to contribute technical expertise. 1 years working in related roles. Hands-on experience with aws, bash, ci/cd, docker, jenkins, kubernetes, linux, monitoring, networking, problem solving, terraform. Comfortable working independently or in a team.","Our company is looking for an experienced Mobile Developer to help us scale. The ideal candidate has 4+ years of experience and is skilled in ios, mobile ui design, android, rest api, flutter, kotlin, react native. Competitive salary and benefits offered.",0,Mobile Developer,DevOps Engineer
"Experienced Cloud Engineer with a passion for building great products. Has 6 years of professional experience. Core skills include aws, azure, ci/cd, cloud security, docker, gcp, kubernetes, linux, project management, terraform. Continuously learning new tools and technologies.","Our company is looking for an experienced Cloud Engineer to help us scale. Requirements: at least 2 years of relevant experience, with hands-on skills in docker, linux, networking, terraform, kubernetes, ci/cd, cloud security, aws. Remote-friendly with flexible hours.",1,Cloud Engineer,Cloud Engineer
"Experienced QA Engineer with a passion for building great products. Has 5 years of professional experience. Core skills include api testing, jira, project management, selenium, test case design. Comfortable working independently or in a team.","We are hiring a Cloud Engineer to join our growing team. The ideal candidate has 4+ years of experience and is skilled in azure, kubernetes, docker, gcp, networking, ci/cd. We value problem solving and a growth mindset.",0,Cloud Engineer,QA Engineer
"Experienced Product Manager with a passion for building great products. Has 10 years of professional experience. Hands-on experience with agile, communication, data analysis, data visualization, feature engineering, jira, product roadmap, product strategy, scrum, stakeholder management, user research. Known for strong communication and teamwork.","Join us as a Product Manager and make an impact from day one. You should have 7+ years in the field and be comfortable with data analysis, jira, stakeholder management, communication, user research, agile, product roadmap, product strategy. Remote-friendly with flexible hours.",1,Product Manager,Product Manager
"Detail-oriented Cloud Engineer with hands-on experience across projects. Has 0 years of professional experience. Core skills include aws, azure, bash, ci/cd, gcp, problem solving, project management. Comfortable working independently or in a team.","We are hiring a Cybersecurity Analyst to join our growing team. You should have 5+ years in the field and be comfortable with linux, siem, firewalls, risk assessment, network security, compliance, penetration testing. We value problem solving and a growth mindset.",0,Cybersecurity Analyst,Cloud Engineer
"Detail-oriented Data Scientist with hands-on experience across projects. Brings 2 years of hands-on industry experience. Core skills include a/b testing, classification, feature engineering, numpy, python, regression, statistics, teamwork. Comfortable working independently or in a team.","Our company is looking for an experienced Data Scientist to help us scale. Requirements: at least 2 years of relevant experience, with hands-on skills in sql, machine learning, pandas, feature engineering, a/b testing, numpy, data visualization. Strong communication and teamwork are a plus.",0,Data Scientist,Data Scientist
"Experienced Backend Developer with a passion for building great products. Has 10 years of professional experience. Hands-on experience with django, docker, git, jupyter, machine learning, postgresql, python, rest api, unit testing. Continuously learning new tools and technologies.","Join us as a Backend Developer and make an impact from day one. The ideal candidate has 5+ years of experience and is skilled in rest api, celery, microservices, redis, git. Competitive salary and benefits offered.",0,Backend Developer,Backend Developer
"Detail-oriented Product Manager with hands-on experience across projects. Brings 4 years of hands-on industry experience. Hands-on experience with communication, data analysis, jira, product roadmap, project management, scrum, stakeholder management, teamwork, user research. Known for strong communication and teamwork.","Our company is looking for an experienced Machine Learning Engineer to help us scale. You should have 7+ years in the field and be comfortable with sql, pytorch, feature engineering, machine learning, model deployment, aws, tensorflow, mlops. Remote-friendly with flexible hours.",0,Machine Learning Engineer,Product Manager
"Experienced DevOps Engineer with a passion for building great products. 2 years working in related roles. Core skills include ansible, aws, bash, ci/cd, communication, jenkins, linux, networking, python, regression testing, terraform, time management. Known for strong communication and teamwork.","Our company is looking for an experienced Cloud Engineer to help us scale. You should have 7+ years in the field and be comfortable with aws, gcp, azure, ci/cd, cloud security, terraform, kubernetes. Competitive salary and benefits offered.",0,Cloud Engineer,DevOps Engineer
"Cybersecurity Analyst with a proven track record of delivering results. 0 years working in related roles. Proficient in data visualization, firewalls, incident response, linux, pandas, penetration testing, problem solving, python, risk assessment, siem. Comfortable working independently or in a team.","We are hiring a UI/UX Designer to join our growing team. You should have 1+ years in the field and be comfortable with adobe xd, interaction design, usability testing, prototyping, design systems, user research. Strong communication and teamwork are a plus.",0,UI/UX Designer,Cybersecurity Analyst
"Product Manager with a proven track record of delivering results. Has 9 years of professional experience. Hands-on experience with aws, data analysis, feature engineering, jira, product roadmap, product strategy, stakeholder management, time management. Known for strong communication and teamwork.","Cybersecurity Analyst wanted for a fast-paced, collaborative environment. The ideal candidate has 4+ years of experience and is skilled in incident response, siem, python, risk assessment, penetration testing, compliance, network security. Competitive salary and benefits offered.",0,Cybersecurity Analyst,Product Manager
"Experienced Frontend Developer with a passion for building great products. Brings 3 years of hands-on industry experience. Core skills include accessibility, communication, css, html, javascript, product strategy, redux, responsive design, time management, webpack. Continuously learning new tools and technologies.","Frontend Developer wanted for a fast-paced, collaborative environment. You should have 6+ years in the field and be comfortable with git, css, rest api, typescript, react, redux, javascript. Remote-friendly with flexible hours.",0,Frontend Developer,Frontend Developer
"Motivated Data Scientist eager to contribute technical expertise. Brings 9 years of hands-on industry experience. Proficient in classification, feature engineering, pandas, python. Known for strong communication and teamwork.","Our company is looking for an experienced Data Scientist to help us scale. The ideal candidate has 1+ years of experience and is skilled in scikit-learn, statistics, pandas, a/b testing, python, classification, regression, data visualization. We value problem solving and a growth mindset.",0,Data Scientist,Data Scientist
"Detail-oriented Backend Developer with hands-on experience across projects. Has 9 years of professional experience. Proficient in communication, django, docker, postgresql, python, teamwork. Continuously learning new tools and technologies.","Join us as a Data Analyst and make an impact from day one. The ideal candidate has 5+ years of experience and is skilled in data visualization, pandas, tableau, sql, python. Remote-friendly with flexible hours.",1,Data Analyst,Backend Developer
"Mobile Developer with a proven track record of delivering results. 1 years working in related roles. Proficient in android, flutter, git, ios, kotlin, mobile ui design, project management, rest api, swift. Continuously learning new tools and technologies.","We are hiring a Data Scientist to join our growing team. Requirements: at least 5 years of relevant experience, with hands-on skills in sql, classification, pandas, a/b testing, regression, scikit-learn, jupyter. Remote-friendly with flexible hours.",0,Data Scientist,Mobile Developer
"Data Analyst with a proven track record of delivering results. Has 10 years of professional experience. Proficient in a/b testing, data visualization, excel, pandas, power bi, python, reporting, statistics. Continuously learning new tools and technologies.","Join us as a Data Analyst and make an impact from day one. You should have 3+ years in the field and be comfortable with reporting, a/b testing, power bi, excel, statistics, sql, python, tableau. Competitive salary and benefits offered.",1,Data Analyst,Data Analyst
"Detail-oriented Mobile Developer with hands-on experience across projects. Has 0 years of professional experience. Proficient in android, flutter, git, ios, mobile ui design, react native, rest api, swift. Continuously learning new tools and technologies.","We are hiring a Cloud Engineer to join our growing team. Requirements: at least 2 years of relevant experience, with hands-on skills in networking, kubernetes, terraform, azure, ci/cd. We value problem solving and a growth mindset.",0,Cloud Engineer,Mobile Developer
"DevOps Engineer with a proven track record of delivering results. Brings 3 years of hands-on industry experience. Proficient in ansible, aws, ci/cd, docker, figma, kubernetes, monitoring, usability testing. Known for strong communication and teamwork.","Our company is looking for an experienced DevOps Engineer to help us scale. The ideal candidate has 4+ years of experience and is skilled in bash, ci/cd, networking, monitoring, linux, aws, ansible, kubernetes. Competitive salary and benefits offered.",1,DevOps Engineer,DevOps Engineer
"Experienced Frontend Developer with a passion for building great products. Has 1 years of professional experience. Proficient in accessibility, css, git, html, jira, manual testing, react, redux, responsive design. Known for strong communication and teamwork.","Cybersecurity Analyst wanted for a fast-paced, collaborative environment. The ideal candidate has 7+ years of experience and is skilled in firewalls, incident response, siem, python, network security, linux. Strong communication and teamwork are a plus.",0,Cybersecurity Analyst,Frontend Developer
"Detail-oriented QA Engineer with hands-on experience across projects. 2 years working in related roles. Hands-on experience with ci/cd, manual testing, python, regression testing, selenium, test automation. Comfortable working independently or in a team.","Our company is looking for an experienced QA Engineer to help us scale. Requirements: at least 3 years of relevant experience, with hands-on skills in regression testing, jira, api testing, selenium, test automation, ci/cd, manual testing. We value problem solving and a growth mindset.",1,QA Engineer,QA Engineer
"UI/UX Designer with a proven track record of delivering results. Brings 9 years of hands-on industry experience. Core skills include adobe xd, design systems, mentoring, problem solving, prototyping, wireframing. Continuously learning new tools and technologies.","Mobile Developer wanted for a fast-paced, collaborative environment. You should have 4+ years in the field and be comfortable with flutter, mobile ui design, react native, git, ios, rest api. Remote-friendly with flexible hours.",0,Mobile Developer,UI/UX Designer
"Motivated Mobile Developer eager to contribute technical expertise. 1 years working in related roles. Hands-on experience with android, flutter, git, ios, kotlin, swift, teamwork. Continuously learning new tools and technologies.","Backend Developer wanted for a fast-paced, collaborative environment. Requirements: at least 5 years of relevant experience, with hands-on skills in git, unit testing, postgresql, rest api, python, redis, sql. Remote-friendly with flexible hours.",0,Backend Developer,Mobile Developer
"Experienced Machine Learning Engineer with a passion for building great products. Brings 6 years of hands-on industry experience. Hands-on experience with aws, deep learning, docker, machine learning, mentoring, mlops, model deployment, problem solving, python, sql, tensorflow. Continuously learning new tools and technologies.","Machine Learning Engineer wanted for a fast-paced, collaborative environment. The ideal candidate has 2+ years of experience and is skilled in pytorch, deep learning, aws, mlops, python, docker. Competitive salary and benefits offered.",1,Machine Learning Engineer,Machine Learning Engineer
"Motivated Frontend Developer eager to contribute technical expertise. 2 years working in related roles. Proficient in accessibility, css, project management, responsive design, rest api, webpack. Comfortable working independently or in a team.","Join us as a Frontend Developer and make an impact from day one. Requirements: at least 6 years of relevant experience, with hands-on skills in css, accessibility, git, responsive design, react, typescript, redux, rest api. Strong communication and teamwork are a plus.",0,Frontend Developer,Frontend Developer
"Frontend Developer with a proven track record of delivering results. Has 1 years of professional experience. Hands-on experience with accessibility, css, git, ios, react, rest api, teamwork, time management, webpack. Continuously learning new tools and technologies.","We are hiring a Data Analyst to join our growing team. You should have 3+ years in the field and be comfortable with tableau, statistics, pandas, data visualization, a/b testing, python, power bi. Strong communication and teamwork are a plus.",0,Data Analyst,Frontend Developer
"Motivated Data Scientist eager to contribute technical expertise. Brings 3 years of hands-on industry experience. Hands-on experience with git, kotlin, leadership, numpy, pandas, regression, sql, statistics. Continuously learning new tools and technologies.","We are hiring a Cybersecurity Analyst to join our growing team. Requirements: at least 3 years of relevant experience, with hands-on skills in network security, penetration testing, siem, linux, incident response, compliance, firewalls, risk assessment. Strong communication and teamwork are a plus.",0,Cybersecurity Analyst,Data Scientist
"Detail-oriented UI/UX Designer with hands-on experience across projects. Has 2 years of professional experience. Proficient in aws, design systems, figma, interaction design, model deployment, prototyping, usability testing, user research, wireframing. Continuously learning new tools and technologies.","Join us as a Product Manager and make an impact from day one. You should have 1+ years in the field and be comfortable with stakeholder management, product strategy, scrum, agile, product roadmap, data analysis, communication. We value problem solving and a growth mindset.",0,Product Manager,UI/UX Designer
"Experienced DevOps Engineer with a passion for building great products. Brings 3 years of hands-on industry experience. Proficient in ansible, docker, jenkins, kubernetes, leadership, linux, networking, teamwork, terraform. Known for strong communication and teamwork.","Mobile Developer wanted for a fast-paced, collaborative environment. You should have 6+ years in the field and be comfortable with android, kotlin, ios, flutter, swift, git, react native, rest api. Strong communication and teamwork are a plus.",0,Mobile Developer,DevOps Engineer
"Experienced UI/UX Designer with a passion for building great products. Has 9 years of professional experience. Core skills include adobe xd, deep learning, design systems, figma, prototyping, tensorflow, usability testing, user research, wireframing. Known for strong communication and teamwork.","We are hiring a UI/UX Designer to join our growing team. You should have 3+ years in the field and be comfortable with adobe xd, user research, usability testing, prototyping, wireframing, interaction design, figma, design systems. We value problem solving and a growth mindset.",1,UI/UX Designer,UI/UX Designer
"Detail-oriented Product Manager with hands-on experience across projects. 1 years working in related roles. Core skills include data analysis, jira, product roadmap, product strategy, user research. Comfortable working independently or in a team.","Our company is looking for an experienced QA Engineer to help us scale. The ideal candidate has 3+ years of experience and is skilled in selenium, test automation, regression testing, manual testing, api testing, python. Strong communication and teamwork are a plus.",1,QA Engineer,Product Manager
"Experienced Backend Developer with a passion for building great products. Brings 2 years of hands-on industry experience. Hands-on experience with celery, django, docker, microservices, redis, rest api. Known for strong communication and teamwork.","Our company is looking for an experienced Data Scientist to help us scale. The ideal candidate has 2+ years of experience and is skilled in classification, sql, scikit-learn, feature engineering, statistics. Strong communication and teamwork are a plus.",0,Data Scientist,Backend Developer
"Detail-oriented Data Analyst with hands-on experience across projects. Brings 3 years of hands-on industry experience. Hands-on experience with communication, data visualization, excel, mentoring, pandas, reporting, sql, statistics, tableau. Comfortable working independently or in a team.","We are hiring a Data Analyst to join our growing team. Requirements: at least 2 years of relevant experience, with hands-on skills in a/b testing, tableau, statistics, pandas, sql, excel. Competitive salary and benefits offered.",1,Data Analyst,Data Analyst
"Experienced QA Engineer with a passion for building great products. Has 9 years of professional experience. Proficient in api testing, ci/cd, jira, leadership, manual testing, mentoring, python, regression testing, selenium, test automation, test case design, user research, wireframing. Comfortable working independently or in a team.","Our company is looking for an experienced Backend Developer to help us scale. Requirements: at least 7 years of relevant experience, with hands-on skills in sql, django, microservices, postgresql, docker, unit testing. We value problem solving and a growth mindset.",0,Backend Developer,QA Engineer
"Detail-oriented DevOps Engineer with hands-on experience across projects. 3 years working in related roles. Core skills include ansible, aws, bash, docker, feature engineering, jenkins, kubernetes, linux, monitoring, networking, scikit-learn, terraform. Known for strong communication and teamwork.","DevOps Engineer wanted for a fast-paced, collaborative environment. The ideal candidate has 4+ years of experience and is skilled in jenkins, ci/cd, docker, bash, linux, terraform. Competitive salary and benefits offered.",1,DevOps Engineer,DevOps Engineer
"Detail-oriented Machine Learning Engineer with hands-on experience across projects. 4 years working in related roles. Proficient in ci/cd, feature engineering, jenkins, model deployment, pytorch, sql, teamwork, tensorflow. Comfortable working independently or in a team.","Our company is looking for an experienced Data Scientist to help us scale. The ideal candidate has 2+ years of experience and is skilled in data visualization, pandas, scikit-learn, python, numpy. We value problem solving and a growth mindset.",0,Data Scientist,Machine Learning Engineer
"Motivated Cloud Engineer eager to contribute technical expertise. Brings 2 years of hands-on industry experience. Core skills include azure, ci/cd, cloud security, networking, project management. Comfortable working independently or in a team.","Join us as a Mobile Developer and make an impact from day one. You should have 4+ years in the field and be comfortable with flutter, rest api, ios, kotlin, git. Remote-friendly with flexible hours.",0,Mobile Developer,Cloud Engineer
"Detail-oriented Mobile Developer with hands-on experience across projects. 1 years working in related roles. Proficient in android, flutter, ios, kotlin, react native, rest api, swift. Known for strong communication and teamwork.","We are hiring a QA Engineer to join our growing team. You should have 1+ years in the field and be comfortable with selenium, regression testing, api testing, ci/cd, python, jira, test automation, manual testing. Competitive salary and benefits offered.",0,QA Engineer,Mobile Developer
"Detail-oriented Machine Learning Engineer with hands-on experience across projects. Has 3 years of professional experience. Core skills include aws, deep learning, docker, feature engineering, machine learning, mlops, project management, python, pytorch, redis, sql, tensorflow. Comfortable working independently or in a team.","Our company is looking for an experienced Machine Learning Engineer to help us scale. The ideal candidate has 6+ years of experience and is skilled in feature engineering, sql, mlops, python, deep learning, machine learning, model deployment. Remote-friendly with flexible hours.",0,Machine Learning Engineer,Machine Learning Engineer
"QA Engineer with a proven track record of delivering results. Brings 2 years of hands-on industry experience. Proficient in api testing, ci/cd, jira, manual testing, python, regression testing, selenium, test automation, test case design. Continuously learning new tools and technologies.","Cloud Engineer wanted for a fast-paced, collaborative environment. The ideal candidate has 5+ years of experience and is skilled in cloud security, docker, networking, linux, kubernetes, aws, ci/cd, gcp. Competitive salary and benefits offered.",0,Cloud Engineer,QA Engineer
"Experienced DevOps Engineer with a passion for building great products. Has 7 years of professional experience. Proficient in aws, bash, django, docker, jenkins, kubernetes, monitoring, problem solving, sql. Comfortable working independently or in a team.","We are hiring a Mobile Developer to join our growing team. You should have 2+ years in the field and be comfortable with mobile ui design, kotlin, ios, react native, git, flutter. We value problem solving and a growth mindset.",0,Mobile Developer,DevOps Engineer
"Experienced UI/UX Designer with a passion for building great products. Has 5 years of professional experience. Core skills include adobe xd, design systems, figma, interaction design, teamwork, usability testing, user research, wireframing. Continuously learning new tools and technologies.","Data Scientist wanted for a fast-paced, collaborative environment. Requirements: at least 5 years of relevant experience, with hands-on skills in pandas, scikit-learn, jupyter, python, sql. Remote-friendly with flexible hours.",0,Data Scientist,UI/UX Designer
"Detail-oriented Cybersecurity Analyst with hands-on experience across projects. Has 5 years of professional experience. Hands-on experience with firewalls, linux, network security, penetration testing, python, risk assessment, siem. Comfortable working independently or in a team.","Our company is looking for an experienced Frontend Developer to help us scale. Requirements: at least 7 years of relevant experience, with hands-on skills in git, react, rest api, typescript, redux. Remote-friendly with flexible hours.",0,Frontend Developer,Cybersecurity Analyst
"Cloud Engineer with a proven track record of delivering results. Has 7 years of professional experience. Proficient in aws, ci/cd, cloud security, gcp, kubernetes, linux, networking, terraform. Known for strong communication and teamwork.","Join us as a Product Manager and make an impact from day one. Requirements: at least 6 years of relevant experience, with hands-on skills in data analysis, jira, stakeholder management, communication, product roadmap. We value problem solving and a growth mindset.",0,Product Manager,Cloud Engineer
"Detail-oriented Cybersecurity Analyst with hands-on experience across projects. Has 6 years of professional experience. Proficient in bash, compliance, firewalls, incident response, network security, networking, penetration testing, problem solving, risk assessment, siem, time management. Comfortable working independently or in a team.","Join us as a UI/UX Designer and make an impact from day one. Requirements: at least 3 years of relevant experience, with hands-on skills in wireframing, prototyping, usability testing, figma, design systems. We value problem solving and a growth mindset.",0,UI/UX Designer,Cybersecurity Analyst
"UI/UX Designer with a proven track record of delivering results. 10 years working in related roles. Hands-on experience with design systems, figma, interaction design, jira, regression testing, usability testing. Continuously learning new tools and technologies.","Backend Developer wanted for a fast-paced, collaborative environment. The ideal candidate has 5+ years of experience and is skilled in django, postgresql, microservices, rest api, celery. Competitive salary and benefits offered.",0,Backend Developer,UI/UX Designer
"Backend Developer with a proven track record of delivering results. Brings 7 years of hands-on industry experience. Core skills include celery, flask, git, microservices, postgresql, python, redis, sql, unit testing. Continuously learning new tools and technologies.","Join us as a Backend Developer and make an impact from day one. The ideal candidate has 4+ years of experience and is skilled in python, unit testing, git, postgresql, flask, docker, microservices, django. Competitive salary and benefits offered.",1,Backend Developer,Backend Developer
"Detail-oriented Product Manager with hands-on experience across projects. Has 8 years of professional experience. Proficient in agile, communication, data analysis, docker, jira, machine learning, product strategy, scrum, stakeholder management. Comfortable working independently or in a team.","Join us as a Data Scientist and make an impact from day one. Requirements: at least 4 years of relevant experience, with hands-on skills in numpy, regression, scikit-learn, feature engineering, python, classification, sql. We value problem solving and a growth mindset.",0,Data Scientist,Product Manager
"Detail-oriented Product Manager with hands-on experience across projects. Brings 2 years of hands-on industry experience. Hands-on experience with agile, communication, data analysis, jira, stakeholder management, time management. Known for strong communication and teamwork.","Join us as a Product Manager and make an impact from day one. You should have 2+ years in the field and be comfortable with user research, product strategy, data analysis, agile, communication. Remote-friendly with flexible hours.",1,Product Manager,Product Manager
"Detail-oriented Backend Developer with hands-on experience across projects. 1 years working in related roles. Core skills include celery, docker, flask, git, microservices, postgresql, sql. Comfortable working independently or in a team.","Join us as a Backend Developer and make an impact from day one. The ideal candidate has 2+ years of experience and is skilled in git, flask, python, django, postgresql, sql, rest api. Strong communication and teamwork are a plus.",0,Backend Developer,Backend Developer
"Detail-oriented Mobile Developer with hands-on experience across projects. 0 years working in related roles. Hands-on experience with android, flutter, git, ios, jira, kotlin, mobile ui design, react native, rest api, scrum, swift. Continuously learning new tools and technologies.","Our company is looking for an experienced Mobile Developer to help us scale. The ideal candidate has 6+ years of experience and is skilled in swift, kotlin, mobile ui design, rest api, flutter, ios, android. Remote-friendly with flexible hours.",0,Mobile Developer,Mobile Developer
"Motivated Backend Developer eager to contribute technical expertise. Brings 8 years of hands-on industry experience. Hands-on experience with celery, excel, flask, microservices, rest api, sql. Known for strong communication and teamwork.","Our company is looking for an experienced Cloud Engineer to help us scale. The ideal candidate has 6+ years of experience and is skilled in terraform, azure, gcp, networking, docker. Remote-friendly with flexible hours.",0,Cloud Engineer,Backend Developer
"Cloud Engineer with a proven track record of delivering results. 3 years working in related roles. Hands-on experience with aws, ci/cd, cloud security, kubernetes, networking, terraform. Known for strong communication and teamwork.","Join us as a UI/UX Designer and make an impact from day one. The ideal candidate has 6+ years of experience and is skilled in prototyping, user research, figma, interaction design, adobe xd. Remote-friendly with flexible hours.",0,UI/UX Designer,Cloud Engineer
"Machine Learning Engineer with a proven track record of delivering results. 10 years working in related roles. Core skills include deep learning, machine learning, mlops, model deployment, python, tensorflow. Continuously learning new tools and technologies.","Our company is looking for an experienced Machine Learning Engineer to help us scale. Requirements: at least 6 years of relevant experience, with hands-on skills in aws, model deployment, pytorch, docker, tensorflow, machine learning. Remote-friendly with flexible hours.",0,Machine Learning Engineer,Machine Learning Engineer
"Cloud Engineer with a proven track record of delivering results. Brings 2 years of hands-on industry experience. Proficient in azure, ci/cd, gcp, mentoring, networking, teamwork. Known for strong communication and teamwork.","Our company is looking for an experienced Cloud Engineer to help us scale. The ideal candidate has 1+ years of experience and is skilled in networking, gcp, kubernetes, cloud security, terraform, linux. Competitive salary and benefits offered.",0,Cloud Engineer,Cloud Engineer
"Detail-oriented Data Scientist with hands-on experience across projects. 6 years working in related roles. Proficient in classification, jupyter, numpy, sql, statistics. Comfortable working independently or in a team.","DevOps Engineer wanted for a fast-paced, collaborative environment. You should have 6+ years in the field and be comfortable with kubernetes, networking, aws, terraform, monitoring, ci/cd, docker, ansible. Competitive salary and benefits offered.",1,DevOps Engineer,Data Scientist
"Experienced QA Engineer with a passion for building great products. Has 1 years of professional experience. Hands-on experience with api testing, ci/cd, docker, jira, manual testing, python, regression testing, selenium, sql, test automation, test case design. Known for strong communication and teamwork.","Cloud Engineer wanted for a fast-paced, collaborative environment. You should have 1+ years in the field and be comfortable with gcp, cloud security, networking, docker, kubernetes, ci/cd. We value problem solving and a growth mindset.",0,Cloud Engineer,QA Engineer
"Experienced Product Manager with a passion for building great products. 3 years working in related roles. Core skills include agile, communication, data analysis, jira, product roadmap, product strategy, scrum, stakeholder management, user research. Known for strong communication and teamwork.","We are hiring a Frontend Developer to join our growing team. Requirements: at least 7 years of relevant experience, with hands-on skills in react, typescript, rest api, responsive design, webpack. We value problem solving and a growth mindset.",0,Frontend Developer,Product Manager
"Experienced Data Analyst with a passion for building great products. Brings 10 years of hands-on industry experience. Hands-on experience with data visualization, docker, excel, leadership, machine learning, power bi, tableau, teamwork. Comfortable working independently or in a team.","We are hiring a Cloud Engineer to join our growing team. Requirements: at least 3 years of relevant experience, with hands-on skills in gcp, azure, kubernetes, networking, ci/cd, docker. Remote-friendly with flexible hours.",1,Cloud Engineer,Data Analyst
"Machine Learning Engineer with a proven track record of delivering results. Brings 4 years of hands-on industry experience. Core skills include aws, deep learning, feature engineering, gcp, model deployment, tensorflow. Comfortable working independently or in a team.","Data Scientist wanted for a fast-paced, collaborative environment. The ideal candidate has 4+ years of experience and is skilled in statistics, machine learning, classification, pandas, python, feature engineering, data visualization, a/b testing. Strong communication and teamwork are a plus.",0,Data Scientist,Machine Learning Engineer
"Motivated QA Engineer eager to contribute technical expertise. Has 10 years of professional experience. Core skills include api testing, ci/cd, jira, manual testing, problem solving, python, regression testing, selenium, test automation, test case design. Comfortable working independently or in a team.","QA Engineer wanted for a fast-paced, collaborative environment. You should have 2+ years in the field and be comfortable with api testing, test case design, test automation, python, regression testing, selenium. Remote-friendly with flexible hours.",1,QA Engineer,QA Engineer
"Detail-oriented UI/UX Designer with hands-on experience across projects. Brings 6 years of hands-on industry experience. Core skills include adobe xd, design systems, figma, interaction design, prototyping, usability testing, user research, wireframing. Comfortable working independently or in a team.","We are hiring a UI/UX Designer to join our growing team. The ideal candidate has 1+ years of experience and is skilled in usability testing, adobe xd, prototyping, interaction design, design systems, figma. We value problem solving and a growth mindset.",1,UI/UX Designer,UI/UX Designer
"Detail-oriented QA Engineer with hands-on experience across projects. Brings 0 years of hands-on industry experience. Hands-on experience with api testing, aws, ci/cd, communication, jenkins, jira, manual testing, python, regression testing, selenium, test automation, test case design. Comfortable working independently or in a team.","Our company is looking for an experienced QA Engineer to help us scale. You should have 6+ years in the field and be comfortable with manual testing, api testing, selenium, ci/cd, test automation, regression testing. Remote-friendly with flexible hours.",0,QA Engineer,QA Engineer
"Experienced DevOps Engineer with a passion for building great products. Brings 9 years of hands-on industry experience. Proficient in ci/cd, docker, feature engineering, jenkins, kubernetes, linux, networking, problem solving, regression, teamwork. Comfortable working independently or in a team.","We are hiring a DevOps Engineer to join our growing team. Requirements: at least 6 years of relevant experience, with hands-on skills in linux, jenkins, monitoring, docker, terraform, ci/cd. Strong communication and teamwork are a plus.",1,DevOps Engineer,DevOps Engineer
"UI/UX Designer with a proven track record of delivering results. Has 9 years of professional experience. Hands-on experience with adobe xd, communication, design systems, figma, interaction design, prototyping, usability testing, user research, wireframing. Comfortable working independently or in a team.","Data Analyst wanted for a fast-paced, collaborative environment. You should have 3+ years in the field and be comfortable with python, excel, pandas, data visualization, sql, a/b testing, reporting. Competitive salary and benefits offered.",0,Data Analyst,UI/UX Designer
"Experienced Product Manager with a passion for building great products. 4 years working in related roles. Proficient in api testing, communication, data analysis, jira, leadership, product roadmap, product strategy, stakeholder management, test automation, time management. Continuously learning new tools and technologies.","Join us as a Backend Developer and make an impact from day one. You should have 2+ years in the field and be comfortable with sql, git, rest api, unit testing, flask, python, django. Competitive salary and benefits offered.",0,Backend Developer,Product Manager
"Motivated QA Engineer eager to contribute technical expertise. Has 3 years of professional experience. Hands-on experience with api testing, ci/cd, feature engineering, jira, manual testing, project management, python, pytorch, selenium, test automation, test case design. Known for strong communication and teamwork.","QA Engineer wanted for a fast-paced, collaborative environment. The ideal candidate has 4+ years of experience and is skilled in api testing, selenium, ci/cd, python, test case design, regression testing, manual testing, jira. We value problem solving and a growth mindset.",1,QA Engineer,QA Engineer
"Motivated Machine Learning Engineer eager to contribute technical expertise. Has 3 years of professional experience. Core skills include aws, deep learning, docker, feature engineering, mlops, model deployment, python, sql, tensorflow. Known for strong communication and teamwork.","Machine Learning Engineer wanted for a fast-paced, collaborative environment. You should have 1+ years in the field and be comfortable with docker, python, machine learning, feature engineering, deep learning, aws. Competitive salary and benefits offered.",1,Machine Learning Engineer,Machine Learning Engineer
"Product Manager with a proven track record of delivering results. 2 years working in related roles. Core skills include agile, communication, git, jira, kotlin, mentoring, scrum, stakeholder management. Continuously learning new tools and technologies.","Our company is looking for an experienced Product Manager to help us scale. Requirements: at least 5 years of relevant experience, with hands-on skills in jira, user research, communication, data analysis, product strategy. We value problem solving and a growth mindset.",0,Product Manager,Product Manager
"Experienced Machine Learning Engineer with a passion for building great products. Has 6 years of professional experience. Proficient in mlops, model deployment, problem solving, pytorch, sql, tensorflow. Continuously learning new tools and technologies.","Our company is looking for an experienced Machine Learning Engineer to help us scale. The ideal candidate has 5+ years of experience and is skilled in docker, tensorflow, aws, model deployment, mlops. We value problem solving and a growth mindset.",1,Machine Learning Engineer,Machine Learning Engineer
"Experienced Backend Developer with a passion for building great products. Has 1 years of professional experience. Proficient in celery, flask, gcp, git, microservices, project management, redis, terraform, time management. Continuously learning new tools and technologies.","We are hiring a Frontend Developer to join our growing team. You should have 7+ years in the field and be comfortable with react, typescript, html, javascript, webpack, responsive design. Competitive salary and benefits offered.",0,Frontend Developer,Backend Developer
"Backend Developer with a proven track record of delivering results. Has 9 years of professional experience. Core skills include celery, communication, django, flask, python, redis, rest api, sql. Continuously learning new tools and technologies.","Cloud Engineer wanted for a fast-paced, collaborative environment. The ideal candidate has 3+ years of experience and is skilled in gcp, aws, terraform, ci/cd, azure, linux, docker, networking. Remote-friendly with flexible hours.",0,Cloud Engineer,Backend Developer
"Motivated DevOps Engineer eager to contribute technical expertise. Brings 6 years of hands-on industry experience. Core skills include android, ansible, aws, bash, docker, jenkins, leadership, monitoring, react native. Comfortable working independently or in a team.","We are hiring a Frontend Developer to join our growing team. The ideal candidate has 3+ years of experience and is skilled in html, typescript, git, redux, javascript, accessibility, css, responsive design. We value problem solving and a growth mindset.",0,Frontend Developer,DevOps Engineer
"Motivated UI/UX Designer eager to contribute technical expertise. Brings 0 years of hands-on industry experience. Proficient in adobe xd, communication, design systems, figma, leadership, prototyping, usability testing, user research, wireframing. Comfortable working independently or in a team.","Join us as a QA Engineer and make an impact from day one. You should have 5+ years in the field and be comfortable with manual testing, python, ci/cd, jira, test case design, regression testing, api testing. We value problem solving and a growth mindset.",0,QA Engineer,UI/UX Designer
"QA Engineer with a proven track record of delivering results. Brings 0 years of hands-on industry experience. Proficient in api testing, python, regression testing, selenium, test automation, test case design. Known for strong communication and teamwork.","Our company is looking for an experienced Cloud Engineer to help us scale. Requirements: at least 6 years of relevant experience, with hands-on skills in terraform, cloud security, ci/cd, aws, kubernetes, azure, networking, gcp. Strong communication and teamwork are a plus.",0,Cloud Engineer,QA Engineer
"Motivated Data Scientist eager to contribute technical expertise. 8 years working in related roles. Hands-on experience with a/b testing, classification, feature engineering, numpy, problem solving, python, time management. Comfortable working independently or in a team.","Data Scientist wanted for a fast-paced, collaborative environment. Requirements: at least 6 years of relevant experience, with hands-on skills in numpy, classification, data visualization, regression, jupyter, machine learning, scikit-learn, sql. Strong communication and teamwork are a plus.",0,Data Scientist,Data Scientist
"Motivated QA Engineer eager to contribute technical expertise. Has 5 years of professional experience. Proficient in api testing, ci/cd, communication, jira, manual testing, python, regression testing, selenium, statistics, tableau, test automation, test case design. Comfortable working independently or in a team.","We are hiring a QA Engineer to join our growing team. The ideal candidate has 4+ years of experience and is skilled in test case design, selenium, api testing, python, ci/cd, jira. Remote-friendly with flexible hours.",1,QA Engineer,QA Engineer
"Backend Developer with a proven track record of delivering results. Brings 6 years of hands-on industry experience. Core skills include celery, git, mentoring, microservices, python, selenium, teamwork, test case design. Continuously learning new tools and technologies.","Our company is looking for an experienced Backend Developer to help us scale. You should have 5+ years in the field and be comfortable with rest api, microservices, python, sql, celery. Strong communication and teamwork are a plus.",1,Backend Developer,Backend Developer
"Data Scientist with a proven track record of delivering results. 10 years working in related roles. Proficient in classification, data visualization, feature engineering, jupyter, mentoring, numpy, pandas. Continuously learning new tools and technologies.","Our company is looking for an experienced Frontend Developer to help us scale. The ideal candidate has 7+ years of experience and is skilled in redux, webpack, rest api, react, typescript. Remote-friendly with flexible hours.",0,Frontend Developer,Data Scientist
"Product Manager with a proven track record of delivering results. Has 4 years of professional experience. Core skills include feature engineering, jira, leadership, product roadmap, product strategy, pytorch, scrum, teamwork. Continuously learning new tools and technologies.","Join us as a Cybersecurity Analyst and make an impact from day one. The ideal candidate has 6+ years of experience and is skilled in compliance, penetration testing, linux, python, firewalls, incident response, network security. We value problem solving and a growth mindset.",0,Cybersecurity Analyst,Product Manager
"Motivated UI/UX Designer eager to contribute technical expertise. Brings 9 years of hands-on industry experience. Proficient in adobe xd, design systems, figma, interaction design, prototyping, usability testing, user research. Continuously learning new tools and technologies.","Join us as a Backend Developer and make an impact from day one. You should have 7+ years in the field and be comfortable with flask, git, sql, redis, microservices. We value problem solving and a growth mindset.",0,Backend Developer,UI/UX Designer
"Experienced Mobile Developer with a passion for building great products. Has 7 years of professional experience. Proficient in android, git, ios, kotlin, mobile ui design, rest api, swift. Continuously learning new tools and technologies.","We are hiring a Mobile Developer to join our growing team. Requirements: at least 7 years of relevant experience, with hands-on skills in swift, mobile ui design, flutter, kotlin, react native, git, ios. Remote-friendly with flexible hours.",1,Mobile Developer,Mobile Developer
"Experienced Product Manager with a passion for building great products. Brings 6 years of hands-on industry experience. Core skills include agile, communication, data analysis, product strategy, scrum. Comfortable working independently or in a team.","Join us as a QA Engineer and make an impact from day one. The ideal candidate has 2+ years of experience and is skilled in python, jira, manual testing, test automation, ci/cd, test case design, api testing, selenium. Competitive salary and benefits offered.",0,QA Engineer,Product Manager
"Motivated DevOps Engineer eager to contribute technical expertise. Brings 6 years of hands-on industry experience. Proficient in ci/cd, communication, jenkins, monitoring, terraform. Known for strong communication and teamwork.","We are hiring a DevOps Engineer to join our growing team. The ideal candidate has 2+ years of experience and is skilled in networking, jenkins, terraform, ansible, linux. Strong communication and teamwork are a plus.",0,DevOps Engineer,DevOps Engineer
"Detail-oriented QA Engineer with hands-on experience across projects. 10 years working in related roles. Hands-on experience with api testing, ci/cd, jira, leadership, manual testing, mentoring, python, selenium, test automation. Known for strong communication and teamwork.","Our company is looking for an experienced QA Engineer to help us scale. Requirements: at least 1 years of relevant experience, with hands-on skills in ci/cd, manual testing, regression testing, python, api testing, jira, test automation, test case design. Competitive salary and benefits offered.",0,QA Engineer,QA Engineer
"Detail-oriented Data Analyst with hands-on experience across projects. Brings 6 years of hands-on industry experience. Core skills include a/b testing, data visualization, excel, python. Continuously learning new tools and technologies.","Our company is looking for an experienced Cybersecurity Analyst to help us scale. You should have 2+ years in the field and be comfortable with python, penetration testing, risk assessment, incident response, siem, compliance. Strong communication and teamwork are a plus.",0,Cybersecurity Analyst,Data Analyst
"Experienced Cybersecurity Analyst with a passion for building great products. 8 years working in related roles. Core skills include compliance, firewalls, incident response, linux, network security, penetration testing, project management, python, risk assessment, siem, time management. Continuously learning new tools and technologies.","Our company is looking for an experienced Data Analyst to help us scale. You should have 5+ years in the field and be comfortable with power bi, reporting, statistics, a/b testing, excel. Remote-friendly with flexible hours.",0,Data Analyst,Cybersecurity Analyst
"Cloud Engineer with a proven track record of delivering results. Has 6 years of professional experience. Core skills include aws, azure, cloud security, docker, gcp, kubernetes, linux, networking, risk assessment. Known for strong communication and teamwork.","Join us as a Data Scientist and make an impact from day one. The ideal candidate has 2+ years of experience and is skilled in sql, scikit-learn, regression, data visualization, jupyter, classification, python. Competitive salary and benefits offered.",1,Data Scientist,Cloud Engineer
"Detail-oriented UI/UX Designer with hands-on experience across projects. 1 years working in related roles. Core skills include adobe xd, figma, interaction design, project management, prototyping, usability testing, user research, wireframing. Continuously learning new tools and technologies.","Join us as a Frontend Developer and make an impact from day one. The ideal candidate has 2+ years of experience and is skilled in rest api, git, redux, accessibility, react, typescript, css. Remote-friendly with flexible hours.",0,Frontend Developer,UI/UX Designer
"Experienced Data Scientist with a passion for building great products. Has 4 years of professional experience. Hands-on experience with a/b testing, classification, data visualization, docker, jupyter, model deployment, numpy, pandas, regression, scikit-learn, statistics. Known for strong communication and teamwork.","We are hiring a Data Analyst to join our growing team. You should have 2+ years in the field and be comfortable with excel, a/b testing, sql, tableau, reporting, python. Strong communication and teamwork are a plus.",0,Data Analyst,Data Scientist
"Motivated Product Manager eager to contribute technical expertise. 6 years working in related roles. Core skills include agile, communication, data analysis, incident response, jira, product roadmap, product strategy, siem, stakeholder management. Known for strong communication and teamwork.","Product Manager wanted for a fast-paced, collaborative environment. Requirements: at least 2 years of relevant experience, with hands-on skills in agile, product strategy, user research, product roadmap, data analysis. We value problem solving and a growth mindset.",1,Product Manager,Product Manager
"Data Scientist with a proven track record of delivering results. Brings 1 years of hands-on industry experience. Core skills include a/b testing, classification, jupyter, leadership, machine learning, pandas, python, regression, scikit-learn, selenium, sql. Comfortable working independently or in a team.","Data Scientist wanted for a fast-paced, collaborative environment. Requirements: at least 3 years of relevant experience, with hands-on skills in feature engineering, a/b testing, classification, regression, python, pandas. Strong communication and teamwork are a plus.",0,Data Scientist,Data Scientist
"Experienced Backend Developer with a passion for building great products. 5 years working in related roles. Core skills include celery, django, docker, git, microservices, postgresql, redis, rest api, sql, unit testing. Comfortable working independently or in a team.","Our company is looking for an experienced Backend Developer to help us scale. Requirements: at least 4 years of relevant experience, with hands-on skills in celery, unit testing, sql, git, redis, rest api, microservices. We value problem solving and a growth mindset.",1,Backend Developer,Backend Developer
"Data Analyst with a proven track record of delivering results. Brings 5 years of hands-on industry experience. Hands-on experience with a/b testing, data visualization, excel, pandas, power bi, python, reporting, selenium, sql, statistics, tableau, test automation, time management. Comfortable working independently or in a team.","Data Analyst wanted for a fast-paced, collaborative environment. Requirements: at least 3 years of relevant experience, with hands-on skills in excel, reporting, power bi, sql, python, pandas, tableau. Strong communication and teamwork are a plus.",1,Data Analyst,Data Analyst
"Detail-oriented Cybersecurity Analyst with hands-on experience across projects. Has 1 years of professional experience. Hands-on experience with communication, firewalls, linux, network security, penetration testing, problem solving, python, risk assessment, siem. Comfortable working independently or in a team.","Cloud Engineer wanted for a fast-paced, collaborative environment. You should have 1+ years in the field and be comfortable with networking, docker, terraform, ci/cd, azure. Strong communication and teamwork are a plus.",0,Cloud Engineer,Cybersecurity Analyst
"Motivated DevOps Engineer eager to contribute technical expertise. Brings 8 years of hands-on industry experience. Hands-on experience with communication, jenkins, kubernetes, monitoring, networking, problem solving. Known for strong communication and teamwork.","Join us as a DevOps Engineer and make an impact from day one. The ideal candidate has 2+ years of experience and is skilled in terraform, docker, bash, monitoring, aws. Strong communication and teamwork are a plus.",0,DevOps Engineer,DevOps Engineer
"Experienced QA Engineer with a passion for building great products. Brings 0 years of hands-on industry experience. Proficient in api testing, ci/cd, manual testing, regression testing, selenium. Known for strong communication and teamwork.","We are hiring a Cybersecurity Analyst to join our growing team. The ideal candidate has 1+ years of experience and is skilled in compliance, siem, python, penetration testing, risk assessment, network security, incident response, firewalls. Strong communication and teamwork are a plus.",1,Cybersecurity Analyst,QA Engineer
"Motivated Machine Learning Engineer eager to contribute technical expertise. 4 years working in related roles. Core skills include aws, mlops, model deployment, problem solving, python, sql, tensorflow, time management. Known for strong communication and teamwork.","Our company is looking for an experienced Machine Learning Engineer to help us scale. You should have 2+ years in the field and be comfortable with docker, mlops, model deployment, deep learning, aws. Remote-friendly with flexible hours.",1,Machine Learning Engineer,Machine Learning Engineer
"Motivated Machine Learning Engineer eager to contribute technical expertise. 5 years working in related roles. Core skills include aws, deep learning, docker, machine learning, model deployment, python, pytorch, sql, tensorflow. Continuously learning new tools and technologies.","We are hiring a Machine Learning Engineer to join our growing team. Requirements: at least 1 years of relevant experience, with hands-on skills in mlops, feature engineering, machine learning, aws, deep learning. Strong communication and teamwork are a plus.",1,Machine Learning Engineer,Machine Learning Engineer
"Experienced Cloud Engineer with a passion for building great products. Brings 1 years of hands-on industry experience. Core skills include android, aws, azure, ci/cd, docker, gcp, linux, mentoring, react native, teamwork, terraform. Known for strong communication and teamwork.","Our company is looking for an experienced Cloud Engineer to help us scale. Requirements: at least 7 years of relevant experience, with hands-on skills in gcp, terraform, kubernetes, ci/cd, networking. We value problem solving and a growth mindset.",0,Cloud Engineer,Cloud Engineer
"Experienced Cloud Engineer with a passion for building great products. Has 3 years of professional experience. Proficient in cloud security, docker, gcp, linux, networking, time management. Known for strong communication and teamwork.","Join us as a Cloud Engineer and make an impact from day one. You should have 6+ years in the field and be comfortable with ci/cd, kubernetes, aws, terraform, gcp, cloud security, linux, networking. Remote-friendly with flexible hours.",0,Cloud Engineer,Cloud Engineer
"Product Manager with a proven track record of delivering results. Brings 3 years of hands-on industry experience. Hands-on experience with agile, communication, data analysis, jira, product roadmap, product strategy, scrum, stakeholder management, teamwork, time management, user research. Known for strong communication and teamwork.","Join us as a Product Manager and make an impact from day one. Requirements: at least 6 years of relevant experience, with hands-on skills in stakeholder management, agile, user research, product roadmap, scrum, product strategy, jira. Remote-friendly with flexible hours.",0,Product Manager,Product Manager
"Cloud Engineer with a proven track record of delivering results. Has 8 years of professional experience. Proficient in aws, ci/cd, cloud security, docker, gcp, kubernetes, linux, project management, terraform. Known for strong communication and teamwork.","Our company is looking for an experienced Data Analyst to help us scale. You should have 1+ years in the field and be comfortable with power bi, sql, reporting, tableau, a/b testing, pandas, excel, statistics. Strong communication and teamwork are a plus.",0,Data Analyst,Cloud Engineer
"Cybersecurity Analyst with a proven track record of delivering results. Brings 3 years of hands-on industry experience. Core skills include compliance, figma, firewalls, incident response, linux, python, risk assessment, wireframing. Known for strong communication and teamwork.","Cybersecurity Analyst wanted for a fast-paced, collaborative environment. Requirements: at least 4 years of relevant experience, with hands-on skills in compliance, linux, firewalls, penetration testing, risk assessment, python, incident response. Remote-friendly with flexible hours.",1,Cybersecurity Analyst,Cybersecurity Analyst
"Experienced Cybersecurity Analyst with a passion for building great products. Brings 9 years of hands-on industry experience. Core skills include compliance, firewalls, incident response, linux, network security, penetration testing, python, risk assessment, siem. Continuously learning new tools and technologies.","Join us as a Cybersecurity Analyst and make an impact from day one. You should have 3+ years in the field and be comfortable with firewalls, incident response, linux, network security, siem, compliance, penetration testing, python. We value problem solving and a growth mindset.",1,Cybersecurity Analyst,Cybersecurity Analyst
"Experienced Data Analyst with a passion for building great products. Has 5 years of professional experience. Core skills include a/b testing, excel, figma, problem solving, python, reporting, sql, tableau, wireframing. Known for strong communication and teamwork.","Data Analyst wanted for a fast-paced, collaborative environment. You should have 5+ years in the field and be comfortable with excel, sql, reporting, data visualization, a/b testing, tableau, statistics. We value problem solving and a growth mindset.",1,Data Analyst,Data Analyst
"Detail-oriented QA Engineer with hands-on experience across projects. 2 years working in related roles. Core skills include api testing, jira, manual testing, python, test automation. Continuously learning new tools and technologies.","Machine Learning Engineer wanted for a fast-paced, collaborative environment. The ideal candidate has 1+ years of experience and is skilled in pytorch, docker, tensorflow, machine learning, sql, aws. Strong communication and teamwork are a plus.",0,Machine Learning Engineer,QA Engineer
"Detail-oriented Mobile Developer with hands-on experience across projects. Brings 5 years of hands-on industry experience. Core skills include android, flutter, git, mobile ui design. Comfortable working independently or in a team.","Join us as a DevOps Engineer and make an impact from day one. You should have 3+ years in the field and be comfortable with aws, jenkins, ansible, ci/cd, networking, bash, docker. We value problem solving and a growth mindset.",0,DevOps Engineer,Mobile Developer
"Detail-oriented QA Engineer with hands-on experience across projects. Has 8 years of professional experience. Proficient in ci/cd, jira, manual testing, python, regression testing, selenium, test automation, test case design. Known for strong communication and teamwork.","Our company is looking for an experienced QA Engineer to help us scale. You should have 7+ years in the field and be comfortable with test automation, api testing, jira, python, ci/cd, selenium, manual testing, regression testing. Competitive salary and benefits offered.",1,QA Engineer,QA Engineer
"Motivated Cybersecurity Analyst eager to contribute technical expertise. 2 years working in related roles. Core skills include compliance, incident response, linux, network security, penetration testing, python, risk assessment, siem. Continuously learning new tools and technologies.","UI/UX Designer wanted for a fast-paced, collaborative environment. The ideal candidate has 6+ years of experience and is skilled in usability testing, interaction design, figma, user research, prototyping. Strong communication and teamwork are a plus.",0,UI/UX Designer,Cybersecurity Analyst
"Motivated Data Scientist eager to contribute technical expertise. 8 years working in related roles. Hands-on experience with data visualization, jupyter, leadership, mentoring, python, sql. Comfortable working independently or in a team.","We are hiring a Data Scientist to join our growing team. The ideal candidate has 1+ years of experience and is skilled in a/b testing, regression, scikit-learn, pandas, classification, python, jupyter, machine learning. We value problem solving and a growth mindset.",0,Data Scientist,Data Scientist
"Experienced Machine Learning Engineer with a passion for building great products. Brings 2 years of hands-on industry experience. Core skills include deep learning, docker, feature engineering, git, mlops, pytorch, sql, tensorflow. Known for strong communication and teamwork.","Our company is looking for an experienced Product Manager to help us scale. The ideal candidate has 2+ years of experience and is skilled in jira, scrum, data analysis, product roadmap, agile. We value problem solving and a growth mindset.",0,Product Manager,Machine Learning Engineer
"Experienced Data Scientist with a passion for building great products. Has 8 years of professional experience. Hands-on experience with classification, jupyter, regression, scikit-learn, statistics. Known for strong communication and teamwork.","Join us as a Data Scientist and make an impact from day one. You should have 2+ years in the field and be comfortable with python, feature engineering, regression, a/b testing, data visualization, classification, numpy. Remote-friendly with flexible hours.",0,Data Scientist,Data Scientist
"Experienced Frontend Developer with a passion for building great products. Has 1 years of professional experience. Hands-on experience with accessibility, git, html, redux, responsive design, rest api, typescript, webpack. Known for strong communication and teamwork.","Join us as a Cybersecurity Analyst and make an impact from day one. Requirements: at least 7 years of relevant experience, with hands-on skills in compliance, penetration testing, linux, firewalls, python, incident response, network security. Remote-friendly with flexible hours.",0,Cybersecurity Analyst,Frontend Developer
"Experienced QA Engineer with a passion for building great products. 5 years working in related roles. Core skills include a/b testing, ci/cd, jira, manual testing, regression testing, selenium, sql, test automation, test case design. Comfortable working independently or in a team.","Our company is looking for an experienced UI/UX Designer to help us scale. The ideal candidate has 7+ years of experience and is skilled in design systems, usability testing, prototyping, user research, wireframing. We value problem solving and a growth mindset.",0,UI/UX Designer,QA Engineer
"Motivated UI/UX Designer eager to contribute technical expertise. Has 1 years of professional experience. Hands-on experience with adobe xd, design systems, figma, mentoring, project management, wireframing. Continuously learning new tools and technologies.","Our company is looking for an experienced UI/UX Designer to help us scale. Requirements: at least 2 years of relevant experience, with hands-on skills in prototyping, user research, design systems, usability testing, adobe xd, figma. We value problem solving and a growth mindset.",0,UI/UX Designer,UI/UX Designer
"Motivated Backend Developer eager to contribute technical expertise. Has 6 years of professional experience. Proficient in celery, data analysis, django, flask, git, mentoring, product roadmap, python, rest api, sql, teamwork, unit testing. Comfortable working independently or in a team.","We are hiring a Cybersecurity Analyst to join our growing team. Requirements: at least 7 years of relevant experience, with hands-on skills in incident response, linux, risk assessment, compliance, python, penetration testing, siem, network security. Remote-friendly with flexible hours.",0,Cybersecurity Analyst,Backend Developer
"Experienced Product Manager with a passion for building great products. 7 years working in related roles. Hands-on experience with agile, communication, jira, leadership, product roadmap, scrum, stakeholder management, user research. Continuously learning new tools and technologies.","Join us as a Product Manager and make an impact from day one. Requirements: at least 5 years of relevant experience, with hands-on skills in communication, user research, stakeholder management, product strategy, product roadmap, data analysis. Strong communication and teamwork are a plus.",1,Product Manager,Product Manager
"Detail-oriented Machine Learning Engineer with hands-on experience across projects. 8 years working in related roles. Hands-on experience with aws, docker, feature engineering, machine learning, mlops, model deployment, python, pytorch, sql. Continuously learning new tools and technologies.","We are hiring a Data Scientist to join our growing team. The ideal candidate has 3+ years of experience and is skilled in pandas, sql, a/b testing, feature engineering, classification, data visualization, jupyter. Strong communication and teamwork are a plus.",1,Data Scientist,Machine Learning Engineer
"Experienced Mobile Developer with a passion for building great products. Has 9 years of professional experience. Core skills include android, communication, flutter, kotlin, mobile ui design. Continuously learning new tools and technologies.","Join us as a Mobile Developer and make an impact from day one. You should have 6+ years in the field and be comfortable with rest api, mobile ui design, flutter, kotlin, ios. We value problem solving and a growth mindset.",1,Mobile Developer,Mobile Developer
"Cloud Engineer with a proven track record of delivering results. Brings 4 years of hands-on industry experience. Hands-on experience with azure, ci/cd, cloud security, communication, docker, linux, terraform. Continuously learning new tools and technologies.","Join us as a Cloud Engineer and make an impact from day one. The ideal candidate has 2+ years of experience and is skilled in aws, terraform, cloud security, linux, networking. Competitive salary and benefits offered.",1,Cloud Engineer,Cloud Engineer
"Detail-oriented UI/UX Designer with hands-on experience across projects. Has 10 years of professional experience. Proficient in adobe xd, css, design systems, figma, interaction design, javascript, prototyping, usability testing, wireframing. Comfortable working independently or in a team.","We are hiring a DevOps Engineer to join our growing team. The ideal candidate has 3+ years of experience and is skilled in terraform, linux, ansible, networking, jenkins, bash, kubernetes, aws. Competitive salary and benefits offered.",0,DevOps Engineer,UI/UX Designer
"Motivated Data Scientist eager to contribute technical expertise. Brings 0 years of hands-on industry experience. Hands-on experience with jupyter, numpy, pandas, regression, scikit-learn, sql. Known for strong communication and teamwork.","Join us as a Machine Learning Engineer and make an impact from day one. The ideal candidate has 4+ years of experience and is skilled in aws, model deployment, docker, pytorch, python, tensorflow, feature engineering. Remote-friendly with flexible hours.",0,Machine Learning Engineer,Data Scientist
"Motivated DevOps Engineer eager to contribute technical expertise. Brings 4 years of hands-on industry experience. Hands-on experience with bash, communication, docker, kubernetes, monitoring, project management, terraform. Comfortable working independently or in a team.","Data Analyst wanted for a fast-paced, collaborative environment. The ideal candidate has 5+ years of experience and is skilled in statistics, sql, excel, python, tableau, power bi, data visualization, reporting. Remote-friendly with flexible hours.",0,Data Analyst,DevOps Engineer
"Experienced Mobile Developer with a passion for building great products. 6 years working in related roles. Proficient in android, git, ios, swift. Comfortable working independently or in a team.","Product Manager wanted for a fast-paced, collaborative environment. The ideal candidate has 7+ years of experience and is skilled in agile, user research, product strategy, data analysis, scrum. Remote-friendly with flexible hours.",0,Product Manager,Mobile Developer
"Motivated Cloud Engineer eager to contribute technical expertise. Has 4 years of professional experience. Hands-on experience with aws, azure, ci/cd, cloud security, gcp, kubernetes, linux, product roadmap, stakeholder management, terraform. Comfortable working independently or in a team.","Our company is looking for an experienced Cloud Engineer to help us scale. You should have 2+ years in the field and be comfortable with azure, linux, gcp, ci/cd, networking, kubernetes, terraform. We value problem solving and a growth mindset.",1,Cloud Engineer,Cloud Engineer
"Motivated Data Scientist eager to contribute technical expertise. Brings 10 years of hands-on industry experience. Core skills include feature engineering, machine learning, numpy, pandas, regression, sql, usability testing, user research. Continuously learning new tools and technologies.","We are hiring a Data Scientist to join our growing team. The ideal candidate has 5+ years of experience and is skilled in statistics, pandas, regression, jupyter, data visualization, feature engineering. We value problem solving and a growth mindset.",1,Data Scientist,Data Scientist
"Detail-oriented Mobile Developer with hands-on experience across projects. Brings 7 years of hands-on industry experience. Core skills include android, flutter, ios, kotlin, mobile ui design, project management, react native, rest api, swift. Known for strong communication and teamwork.","Data Analyst wanted for a fast-paced, collaborative environment. You should have 2+ years in the field and be comfortable with python, power bi, sql, reporting, a/b testing. Competitive salary and benefits offered.",0,Data Analyst,Mobile Developer
"Detail-oriented Mobile Developer with hands-on experience across projects. Has 7 years of professional experience. Hands-on experience with android, flutter, kotlin, react native, rest api, swift. Known for strong communication and teamwork.","We are hiring a Machine Learning Engineer to join our growing team. You should have 6+ years in the field and be comfortable with mlops, machine learning, deep learning, aws, sql, tensorflow. We value problem solving and a growth mindset.",0,Machine Learning Engineer,Mobile Developer
"Experienced Frontend Developer with a passion for building great products. 6 years working in related roles. Proficient in accessibility, agile, css, git, html, javascript, mentoring, product strategy, react, responsive design, webpack. Known for strong communication and teamwork.","We are hiring a DevOps Engineer to join our growing team. Requirements: at least 1 years of relevant experience, with hands-on skills in networking, bash, aws, terraform, jenkins, ansible, linux, monitoring. Remote-friendly with flexible hours.",0,DevOps Engineer,Frontend Developer
"Detail-oriented UI/UX Designer with hands-on experience across projects. 10 years working in related roles. Core skills include design systems, figma, usability testing, user research. Comfortable working independently or in a team.","We are hiring a Cloud Engineer to join our growing team. Requirements: at least 3 years of relevant experience, with hands-on skills in networking, kubernetes, gcp, terraform, ci/cd, docker, azure, linux. Competitive salary and benefits offered.",0,Cloud Engineer,UI/UX Designer
"Cloud Engineer with a proven track record of delivering results. Brings 0 years of hands-on industry experience. Hands-on experience with aws, azure, cloud security, docker, gcp, kubernetes, linux, manual testing, networking, regression testing, terraform. Comfortable working independently or in a team.","Join us as a Cybersecurity Analyst and make an impact from day one. Requirements: at least 6 years of relevant experience, with hands-on skills in penetration testing, siem, compliance, network security, risk assessment, linux. Competitive salary and benefits offered.",0,Cybersecurity Analyst,Cloud Engineer
"Product Manager with a proven track record of delivering results. Has 0 years of professional experience. Core skills include agile, aws, communication, data analysis, gcp, product roadmap, scrum, stakeholder management. Known for strong communication and teamwork.","Join us as a Product Manager and make an impact from day one. The ideal candidate has 4+ years of experience and is skilled in agile, data analysis, scrum, communication, product roadmap, jira, product strategy. We value problem solving and a growth mindset.",0,Product Manager,Product Manager
"Experienced Data Analyst with a passion for building great products. Brings 5 years of hands-on industry experience. Proficient in a/b testing, data visualization, excel, linux, pandas, power bi, python, reporting, siem, sql, statistics. Continuously learning new tools and technologies.","Join us as a Machine Learning Engineer and make an impact from day one. Requirements: at least 4 years of relevant experience, with hands-on skills in sql, feature engineering, tensorflow, deep learning, aws, python, mlops, machine learning. Strong communication and teamwork are a plus.",0,Machine Learning Engineer,Data Analyst
"Data Analyst with a proven track record of delivering results. 8 years working in related roles. Proficient in a/b testing, excel, pandas, power bi, problem solving, reporting, rest api, unit testing. Known for strong communication and teamwork.","Our company is looking for an experienced Data Analyst to help us scale. You should have 4+ years in the field and be comfortable with pandas, sql, a/b testing, excel, statistics, python. We value problem solving and a growth mindset.",0,Data Analyst,Data Analyst
"Experienced Cybersecurity Analyst with a passion for building great products. Has 6 years of professional experience. Core skills include compliance, firewalls, linux, network security, penetration testing, risk assessment, siem, time management. Comfortable working independently or in a team.","Our company is looking for an experienced Machine Learning Engineer to help us scale. Requirements: at least 7 years of relevant experience, with hands-on skills in deep learning, aws, machine learning, mlops, feature engineering, docker, pytorch, tensorflow. Remote-friendly with flexible hours.",0,Machine Learning Engineer,Cybersecurity Analyst
"Experienced QA Engineer with a passion for building great products. Brings 5 years of hands-on industry experience. Core skills include api testing, ci/cd, data visualization, jira, machine learning, python, regression testing, test case design. Comfortable working independently or in a team.","Our company is looking for an experienced Data Analyst to help us scale. Requirements: at least 3 years of relevant experience, with hands-on skills in power bi, reporting, pandas, python, tableau, excel, sql, statistics. Strong communication and teamwork are a plus.",0,Data Analyst,QA Engineer
"Motivated QA Engineer eager to contribute technical expertise. Brings 2 years of hands-on industry experience. Core skills include ansible, api testing, aws, ci/cd, regression testing, selenium, teamwork, test automation, test case design. Known for strong communication and teamwork.","We are hiring a Frontend Developer to join our growing team. Requirements: at least 1 years of relevant experience, with hands-on skills in accessibility, react, redux, html, typescript, webpack. Strong communication and teamwork are a plus.",0,Frontend Developer,QA Engineer
"Detail-oriented DevOps Engineer with hands-on experience across projects. Has 6 years of professional experience. Hands-on experience with ci/cd, docker, networking, terraform. Comfortable working independently or in a team.","Join us as a DevOps Engineer and make an impact from day one. The ideal candidate has 4+ years of experience and is skilled in docker, networking, ansible, kubernetes, terraform. We value problem solving and a growth mindset.",1,DevOps Engineer,DevOps Engineer
"Motivated Mobile Developer eager to contribute technical expertise. Brings 8 years of hands-on industry experience. Core skills include android, git, ios, kotlin, mobile ui design, python, react native, rest api, selenium, swift. Continuously learning new tools and technologies.","Join us as a Backend Developer and make an impact from day one. The ideal candidate has 1+ years of experience and is skilled in unit testing, docker, python, microservices, flask. Competitive salary and benefits offered.",0,Backend Developer,Mobile Developer
"Cloud Engineer with a proven track record of delivering results. Has 9 years of professional experience. Core skills include aws, azure, ci/cd, cloud security, docker, gcp, ios, kotlin, kubernetes, linux, project management, time management. Comfortable working independently or in a team.","We are hiring a DevOps Engineer to join our growing team. Requirements: at least 2 years of relevant experience, with hands-on skills in docker, monitoring, jenkins, linux, ansible, terraform, networking, ci/cd. We value problem solving and a growth mindset.",0,DevOps Engineer,Cloud Engineer
"Experienced Data Analyst with a passion for building great products. Has 8 years of professional experience. Proficient in a/b testing, data visualization, excel, leadership, pandas, python, reporting, sql, statistics, tableau. Comfortable working independently or in a team.","Our company is looking for an experienced Cybersecurity Analyst to help us scale. You should have 3+ years in the field and be comfortable with penetration testing, network security, linux, firewalls, risk assessment, incident response, compliance. Remote-friendly with flexible hours.",0,Cybersecurity Analyst,Data Analyst
"Motivated Backend Developer eager to contribute technical expertise. 3 years working in related roles. Hands-on experience with celery, flask, microservices, postgresql, project management, redis, sql, time management, unit testing. Comfortable working independently or in a team.","Join us as a Backend Developer and make an impact from day one. Requirements: at least 2 years of relevant experience, with hands-on skills in docker, git, flask, unit testing, redis. Strong communication and teamwork are a plus.",1,Backend Developer,Backend Developer
"Motivated Data Scientist eager to contribute technical expertise. 1 years working in related roles. Hands-on experience with classification, data visualization, git, jupyter, microservices, pandas, regression, scikit-learn. Known for strong communication and teamwork.","Our company is looking for an experienced DevOps Engineer to help us scale. Requirements: at least 2 years of relevant experience, with hands-on skills in aws, networking, ansible, monitoring, docker, bash, ci/cd. Strong communication and teamwork are a plus.",0,DevOps Engineer,Data Scientist
"Motivated Data Scientist eager to contribute technical expertise. 6 years working in related roles. Hands-on experience with html, machine learning, numpy, pandas, regression, rest api, scikit-learn. Continuously learning new tools and technologies.","Join us as a Data Scientist and make an impact from day one. Requirements: at least 5 years of relevant experience, with hands-on skills in machine learning, classification, sql, a/b testing, regression, statistics. We value problem solving and a growth mindset.",0,Data Scientist,Data Scientist
"Detail-oriented Cybersecurity Analyst with hands-on experience across projects. Brings 8 years of hands-on industry experience. Core skills include compliance, firewalls, incident response, leadership, penetration testing. Continuously learning new tools and technologies.","Our company is looking for an experienced Cybersecurity Analyst to help us scale. Requirements: at least 2 years of relevant experience, with hands-on skills in incident response, penetration testing, network security, siem, firewalls, python, compliance, linux. Strong communication and teamwork are a plus.",0,Cybersecurity Analyst,Cybersecurity Analyst
"Data Analyst with a proven track record of delivering results. Brings 8 years of hands-on industry experience. Core skills include a/b testing, data visualization, excel, leadership, pandas, power bi, project management, python, reporting, sql, statistics. Known for strong communication and teamwork.","Join us as a Machine Learning Engineer and make an impact from day one. You should have 7+ years in the field and be comfortable with feature engineering, pytorch, machine learning, tensorflow, mlops, sql, aws. Remote-friendly with flexible hours.",0,Machine Learning Engineer,Data Analyst
"Detail-oriented Backend Developer with hands-on experience across projects. Brings 7 years of hands-on industry experience. Proficient in a/b testing, celery, docker, flask, git, postgresql, python, redis, sql. Comfortable working independently or in a team.","We are hiring a Data Scientist to join our growing team. Requirements: at least 3 years of relevant experience, with hands-on skills in data visualization, statistics, jupyter, scikit-learn, python, machine learning. Competitive salary and benefits offered.",0,Data Scientist,Backend Developer
"Motivated Backend Developer eager to contribute technical expertise. 0 years working in related roles. Core skills include git, postgresql, python, redis, stakeholder management, user research. Continuously learning new tools and technologies.","Our company is looking for an experienced UI/UX Designer to help us scale. The ideal candidate has 6+ years of experience and is skilled in figma, user research, design systems, interaction design, wireframing. Strong communication and teamwork are a plus.",0,UI/UX Designer,Backend Developer
"Motivated Product Manager eager to contribute technical expertise. Brings 0 years of hands-on industry experience. Hands-on experience with agile, communication, jira, product roadmap, product strategy, stakeholder management, user research. Comfortable working independently or in a team.","Our company is looking for an experienced Product Manager to help us scale. You should have 2+ years in the field and be comfortable with communication, product roadmap, data analysis, stakeholder management, jira, product strategy, user research. Competitive salary and benefits offered.",0,Product Manager,Product Manager
"Experienced Data Scientist with a passion for building great products. Brings 4 years of hands-on industry experience. Hands-on experience with a/b testing, classification, data visualization, jupyter, numpy, pandas, python, scikit-learn, sql, statistics. Comfortable working independently or in a team.","We are hiring a Mobile Developer to join our growing team. The ideal candidate has 6+ years of experience and is skilled in git, kotlin, swift, rest api, mobile ui design. Competitive salary and benefits offered.",0,Mobile Developer,Data Scientist
"UI/UX Designer with a proven track record of delivering results. 9 years working in related roles. Core skills include adobe xd, design systems, interaction design, leadership, project management, prototyping, usability testing, user research. Comfortable working independently or in a team.","Join us as a Frontend Developer and make an impact from day one. Requirements: at least 3 years of relevant experience, with hands-on skills in webpack, css, git, typescript, react, accessibility, html. Strong communication and teamwork are a plus.",0,Frontend Developer,UI/UX Designer
"Motivated UI/UX Designer eager to contribute technical expertise. 0 years working in related roles. Proficient in adobe xd, project management, prototyping, time management, user research, wireframing. Continuously learning new tools and technologies.","Our company is looking for an experienced UI/UX Designer to help us scale. Requirements: at least 3 years of relevant experience, with hands-on skills in prototyping, user research, usability testing, interaction design, adobe xd, figma, design systems. Competitive salary and benefits offered.",0,UI/UX Designer,UI/UX Designer
"Experienced Backend Developer with a passion for building great products. Has 4 years of professional experience. Hands-on experience with celery, ci/cd, django, docker, git, microservices, regression testing, rest api, unit testing. Known for strong communication and teamwork.","Data Scientist wanted for a fast-paced, collaborative environment. The ideal candidate has 3+ years of experience and is skilled in sql, data visualization, statistics, feature engineering, pandas, numpy. Remote-friendly with flexible hours.",0,Data Scientist,Backend Developer
"Experienced Data Scientist with a passion for building great products. Has 4 years of professional experience. Proficient in aws, data visualization, gcp, machine learning, numpy, statistics, teamwork. Known for strong communication and teamwork.","Our company is looking for an experienced Machine Learning Engineer to help us scale. The ideal candidate has 5+ years of experience and is skilled in aws, python, tensorflow, feature engineering, sql, docker, mlops, pytorch. Competitive salary and benefits offered.",0,Machine Learning Engineer,Data Scientist
"Experienced Mobile Developer with a passion for building great products. Brings 8 years of hands-on industry experience. Core skills include android, flutter, git, ios, kotlin, mobile ui design, python, react native, rest api, statistics, swift. Continuously learning new tools and technologies.","Join us as a Cybersecurity Analyst and make an impact from day one. You should have 1+ years in the field and be comfortable with penetration testing, firewalls, network security, incident response, siem, linux. Remote-friendly with flexible hours.",0,Cybersecurity Analyst,Mobile Developer
"Motivated QA Engineer eager to contribute technical expertise. Brings 2 years of hands-on industry experience. Core skills include api testing, manual testing, model deployment, problem solving, python, pytorch, selenium. Continuously learning new tools and technologies.","Product Manager wanted for a fast-paced, collaborative environment. You should have 3+ years in the field and be comfortable with stakeholder management, scrum, jira, agile, product strategy. Strong communication and teamwork are a plus.",0,Product Manager,QA Engineer
"Detail-oriented Mobile Developer with hands-on experience across projects. 0 years working in related roles. Hands-on experience with android, flutter, kotlin, react native. Comfortable working independently or in a team.","We are hiring a Data Scientist to join our growing team. Requirements: at least 7 years of relevant experience, with hands-on skills in sql, numpy, regression, classification, jupyter, pandas, scikit-learn. Strong communication and teamwork are a plus.",0,Data Scientist,Mobile Developer
"Detail-oriented Data Scientist with hands-on experience across projects. Brings 9 years of hands-on industry experience. Proficient in classification, interaction design, jupyter, numpy, pandas, sql, wireframing. Comfortable working independently or in a team.","Data Scientist wanted for a fast-paced, collaborative environment. You should have 4+ years in the field and be comfortable with sql, machine learning, feature engineering, pandas, data visualization, statistics, classification. Competitive salary and benefits offered.",0,Data Scientist,Data Scientist
"Backend Developer with a proven track record of delivering results. Has 6 years of professional experience. Proficient in docker, git, javascript, postgresql, python, redux, sql, unit testing. Continuously learning new tools and technologies.","We are hiring a Backend Developer to join our growing team. You should have 7+ years in the field and be comfortable with git, postgresql, python, redis, sql, rest api, flask, unit testing. Competitive salary and benefits offered.",1,Backend Developer,Backend Developer
"Cybersecurity Analyst with a proven track record of delivering results. 0 years working in related roles. Core skills include incident response, mentoring, penetration testing, problem solving, risk assessment, siem. Continuously learning new tools and technologies.","Join us as a Cybersecurity Analyst and make an impact from day one. The ideal candidate has 7+ years of experience and is skilled in compliance, python, penetration testing, linux, incident response, siem. Strong communication and teamwork are a plus.",0,Cybersecurity Analyst,Cybersecurity Analyst
"Motivated Cloud Engineer eager to contribute technical expertise. Brings 2 years of hands-on industry experience. Proficient in ci/cd, docker, gcp, linux, networking. Comfortable working independently or in a team.","Our company is looking for an experienced Backend Developer to help us scale. You should have 7+ years in the field and be comfortable with django, rest api, microservices, sql, unit testing, git, docker, postgresql. Strong communication and teamwork are a plus.",0,Backend Developer,Cloud Engineer
"Motivated QA Engineer eager to contribute technical expertise. Brings 5 years of hands-on industry experience. Core skills include api testing, ci/cd, jira, manual testing, python, regression testing, selenium, test case design. Comfortable working independently or in a team.","Our company is looking for an experienced QA Engineer to help us scale. The ideal candidate has 2+ years of experience and is skilled in test case design, api testing, python, ci/cd, manual testing, test automation. Competitive salary and benefits offered.",1,QA Engineer,QA Engineer
"Experienced Cybersecurity Analyst with a passion for building great products. Brings 6 years of hands-on industry experience. Hands-on experience with compliance, data analysis, firewalls, incident response, linux, network security, penetration testing, python, risk assessment, scrum, siem. Continuously learning new tools and technologies.","Join us as a Cybersecurity Analyst and make an impact from day one. You should have 6+ years in the field and be comfortable with incident response, penetration testing, firewalls, linux, compliance, python, network security, risk assessment. Competitive salary and benefits offered.",1,Cybersecurity Analyst,Cybersecurity Analyst
"Motivated Mobile Developer eager to contribute technical expertise. 10 years working in related roles. Hands-on experience with android, flutter, git, ios, kotlin, mobile ui design, react native, rest api. Continuously learning new tools and technologies.","DevOps Engineer wanted for a fast-paced, collaborative environment. The ideal candidate has 1+ years of experience and is skilled in ansible, aws, jenkins, kubernetes, docker, ci/cd, monitoring, terraform. We value problem solving and a growth mindset.",0,DevOps Engineer,Mobile Developer
"Detail-oriented Backend Developer with hands-on experience across projects. Has 1 years of professional experience. Core skills include aws, celery, django, docker, microservices, postgresql, redis, tensorflow, unit testing. Continuously learning new tools and technologies.","QA Engineer wanted for a fast-paced, collaborative environment. Requirements: at least 1 years of relevant experience, with hands-on skills in ci/cd, test case design, jira, python, selenium, api testing, regression testing, manual testing. We value problem solving and a growth mindset.",0,QA Engineer,Backend Developer
"Detail-oriented DevOps Engineer with hands-on experience across projects. Has 9 years of professional experience. Proficient in a/b testing, aws, ci/cd, linux, monitoring, networking, scikit-learn, time management. Comfortable working independently or in a team.","Our company is looking for an experienced Product Manager to help us scale. Requirements: at least 7 years of relevant experience, with hands-on skills in agile, data analysis, product roadmap, product strategy, user research, stakeholder management, scrum, jira. Competitive salary and benefits offered.",0,Product Manager,DevOps Engineer
"Motivated Frontend Developer eager to contribute technical expertise. Brings 0 years of hands-on industry experience. Hands-on experience with accessibility, git, html, javascript, mentoring, react, redux, responsive design, rest api, time management, typescript, webpack. Continuously learning new tools and technologies.","Join us as a Backend Developer and make an impact from day one. You should have 6+ years in the field and be comfortable with flask, rest api, git, django, python, postgresql, microservices. Remote-friendly with flexible hours.",0,Backend Developer,Frontend Developer
"Motivated Mobile Developer eager to contribute technical expertise. Brings 4 years of hands-on industry experience. Hands-on experience with android, git, ios, leadership, mentoring, rest api, swift. Comfortable working independently or in a team.","Join us as a Mobile Developer and make an impact from day one. You should have 3+ years in the field and be comfortable with kotlin, mobile ui design, git, android, react native, swift, flutter, ios. Competitive salary and benefits offered.",0,Mobile Developer,Mobile Developer
"Machine Learning Engineer with a proven track record of delivering results. Has 4 years of professional experience. Proficient in aws, deep learning, docker, feature engineering, machine learning, mentoring, mlops, problem solving, pytorch, sql, tensorflow. Continuously learning new tools and technologies.","Mobile Developer wanted for a fast-paced, collaborative environment. You should have 2+ years in the field and be comfortable with react native, swift, rest api, kotlin, flutter, android, git. Competitive salary and benefits offered.",0,Mobile Developer,Machine Learning Engineer
"Detail-oriented Cybersecurity Analyst with hands-on experience across projects. Has 8 years of professional experience. Core skills include firewalls, incident response, linux, mentoring, penetration testing, risk assessment. Comfortable working independently or in a team.","Join us as a Product Manager and make an impact from day one. You should have 4+ years in the field and be comfortable with user research, data analysis, product strategy, communication, jira. We value problem solving and a growth mindset.",1,Product Manager,Cybersecurity Analyst
"Experienced Cloud Engineer with a passion for building great products. Brings 8 years of hands-on industry experience. Hands-on experience with aws, azure, ci/cd, cloud security, gcp, kubernetes, networking, terraform. Continuously learning new tools and technologies.","We are hiring a Backend Developer to join our growing team. You should have 7+ years in the field and be comfortable with rest api, sql, celery, microservices, flask, git, redis. We value problem solving and a growth mindset.",0,Backend Developer,Cloud Engineer
"Motivated Cloud Engineer eager to contribute technical expertise. Has 2 years of professional experience. Proficient in aws, ci/cd, cloud security, docker, gcp, kubernetes, linux, networking, terraform. Known for strong communication and teamwork.","Our company is looking for an experienced Cloud Engineer to help us scale. You should have 7+ years in the field and be comfortable with aws, linux, terraform, azure, gcp. We value problem solving and a growth mindset.",0,Cloud Engineer,Cloud Engineer
"Motivated Product Manager eager to contribute technical expertise. Brings 6 years of hands-on industry experience. Hands-on experience with agile, communication, data analysis, product roadmap, product strategy, scrum, stakeholder management, teamwork, user research. Known for strong communication and teamwork.","Join us as a Product Manager and make an impact from day one. The ideal candidate has 1+ years of experience and is skilled in product strategy, agile, user research, product roadmap, scrum, data analysis, stakeholder management, communication. Remote-friendly with flexible hours.",1,Product Manager,Product Manager
"Detail-oriented Mobile Developer with hands-on experience across projects. Brings 1 years of hands-on industry experience. Hands-on experience with android, git, ios, react native, swift, teamwork, time management. Continuously learning new tools and technologies.","Mobile Developer wanted for a fast-paced, collaborative environment. You should have 6+ years in the field and be comfortable with react native, mobile ui design, rest api, git, kotlin, android, flutter. Remote-friendly with flexible hours.",0,Mobile Developer,Mobile Developer
"Motivated Machine Learning Engineer eager to contribute technical expertise. Has 6 years of professional experience. Core skills include aws, deep learning, docker, machine learning, mlops, model deployment, project management, pytorch, tensorflow, time management. Comfortable working independently or in a team.","Join us as a Frontend Developer and make an impact from day one. The ideal candidate has 3+ years of experience and is skilled in react, css, git, typescript, responsive design, html. Competitive salary and benefits offered.",0,Frontend Developer,Machine Learning Engineer
"Data Scientist with a proven track record of delivering results. Has 5 years of professional experience. Hands-on experience with classification, data visualization, feature engineering, jupyter, mentoring, numpy, pandas, problem solving, python, regression, sql, statistics. Continuously learning new tools and technologies.","Machine Learning Engineer wanted for a fast-paced, collaborative environment. Requirements: at least 4 years of relevant experience, with hands-on skills in tensorflow, docker, mlops, feature engineering, model deployment, sql, deep learning. Remote-friendly with flexible hours.",0,Machine Learning Engineer,Data Scientist
"Detail-oriented Cloud Engineer with hands-on experience across projects. Has 1 years of professional experience. Hands-on experience with aws, ci/cd, docker, linux, networking, problem solving, teamwork. Known for strong communication and teamwork.","Join us as a Machine Learning Engineer and make an impact from day one. The ideal candidate has 4+ years of experience and is skilled in pytorch, machine learning, tensorflow, mlops, sql. Remote-friendly with flexible hours.",0,Machine Learning Engineer,Cloud Engineer
"Machine Learning Engineer with a proven track record of delivering results. Has 0 years of professional experience. Hands-on experience with aws, deep learning, feature engineering, linux, machine learning, mlops, model deployment, monitoring, project management, python, pytorch, teamwork, tensorflow. Comfortable working independently or in a team.","Our company is looking for an experienced Cybersecurity Analyst to help us scale. Requirements: at least 4 years of relevant experience, with hands-on skills in penetration testing, linux, risk assessment, compliance, python, siem, firewalls, network security. Competitive salary and benefits offered.",0,Cybersecurity Analyst,Machine Learning Engineer
"Detail-oriented Cloud Engineer with hands-on experience across projects. 1 years working in related roles. Hands-on experience with agile, aws, azure, ci/cd, cloud security, docker, kubernetes, scrum. Known for strong communication and teamwork.","Join us as a Mobile Developer and make an impact from day one. The ideal candidate has 5+ years of experience and is skilled in mobile ui design, swift, react native, android, git. Competitive salary and benefits offered.",0,Mobile Developer,Cloud Engineer
"Detail-oriented Data Scientist with hands-on experience across projects. 5 years working in related roles. Hands-on experience with classification, numpy, pandas, python, regression, scikit-learn, sql, statistics. Known for strong communication and teamwork.","Join us as a UI/UX Designer and make an impact from day one. The ideal candidate has 4+ years of experience and is skilled in interaction design, prototyping, adobe xd, wireframing, user research, figma, usability testing, design systems. Remote-friendly with flexible hours.",0,UI/UX Designer,Data Scientist
"Experienced Cloud Engineer with a passion for building great products. Has 5 years of professional experience. Core skills include azure, ci/cd, cloud security, kubernetes, linux, mentoring, networking, typescript, webpack. Known for strong communication and teamwork.","We are hiring a Product Manager to join our growing team. You should have 1+ years in the field and be comfortable with scrum, stakeholder management, jira, agile, data analysis, communication, product roadmap. Strong communication and teamwork are a plus.",0,Product Manager,Cloud Engineer
"Motivated UI/UX Designer eager to contribute technical expertise. 7 years working in related roles. Core skills include communication, design systems, interaction design, usability testing, wireframing. Comfortable working independently or in a team.","Join us as a QA Engineer and make an impact from day one. The ideal candidate has 4+ years of experience and is skilled in ci/cd, python, api testing, test automation, jira. We value problem solving and a growth mindset.",0,QA Engineer,UI/UX Designer
"Data Analyst with a proven track record of delivering results. Has 0 years of professional experience. Proficient in a/b testing, data visualization, excel, pandas, power bi, python, reporting, sql, statistics, tableau. Continuously learning new tools and technologies.","Join us as a Backend Developer and make an impact from day one. Requirements: at least 4 years of relevant experience, with hands-on skills in git, sql, unit testing, django, celery, python, docker. Strong communication and teamwork are a plus.",1,Backend Developer,Data Analyst
"Motivated QA Engineer eager to contribute technical expertise. 5 years working in related roles. Core skills include api testing, flask, jira, manual testing, problem solving, python, regression testing, selenium, time management. Known for strong communication and teamwork.","Cloud Engineer wanted for a fast-paced, collaborative environment. Requirements: at least 7 years of relevant experience, with hands-on skills in gcp, linux, aws, ci/cd, docker, azure. Remote-friendly with flexible hours.",0,Cloud Engineer,QA Engineer
"Detail-oriented Data Analyst with hands-on experience across projects. Has 8 years of professional experience. Hands-on experience with data visualization, excel, mentoring, pandas, problem solving, tableau. Continuously learning new tools and technologies.","Join us as a Data Analyst and make an impact from day one. You should have 5+ years in the field and be comfortable with reporting, sql, power bi, tableau, pandas. We value problem solving and a growth mindset.",1,Data Analyst,Data Analyst
"Motivated Mobile Developer eager to contribute technical expertise. Brings 10 years of hands-on industry experience. Hands-on experience with android, design systems, flutter, git, kotlin, mobile ui design, react native, rest api, swift, time management, wireframing. Comfortable working independently or in a team.","Join us as a Mobile Developer and make an impact from day one. You should have 4+ years in the field and be comfortable with react native, android, git, flutter, mobile ui design, rest api, ios, swift. We value problem solving and a growth mindset.",1,Mobile Developer,Mobile Developer
"Detail-oriented Frontend Developer with hands-on experience across projects. Brings 9 years of hands-on industry experience. Proficient in a/b testing, accessibility, css, data visualization, html, javascript, leadership, time management. Comfortable working independently or in a team.","Join us as a Cloud Engineer and make an impact from day one. You should have 6+ years in the field and be comfortable with gcp, kubernetes, networking, cloud security, ci/cd, azure, aws. Strong communication and teamwork are a plus.",0,Cloud Engineer,Frontend Developer
"Data Analyst with a proven track record of delivering results. Brings 4 years of hands-on industry experience. Core skills include a/b testing, azure, cloud security, data visualization, excel, pandas, power bi, python, reporting, sql, statistics, tableau. Comfortable working independently or in a team.","Join us as a Cloud Engineer and make an impact from day one. You should have 7+ years in the field and be comfortable with azure, docker, kubernetes, gcp, cloud security, networking, ci/cd, linux. Strong communication and teamwork are a plus.",0,Cloud Engineer,Data Analyst
"DevOps Engineer with a proven track record of delivering results. 9 years working in related roles. Proficient in ansible, docker, flask, jenkins, kubernetes, linux, monitoring, networking, redis, terraform. Continuously learning new tools and technologies.","Our company is looking for an experienced Backend Developer to help us scale. You should have 1+ years in the field and be comfortable with docker, unit testing, rest api, flask, microservices, celery. Competitive salary and benefits offered.",0,Backend Developer,DevOps Engineer
"Machine Learning Engineer with a proven track record of delivering results. Brings 2 years of hands-on industry experience. Proficient in aws, docker, feature engineering, figma, pytorch, wireframing. Known for strong communication and teamwork.","Join us as a Product Manager and make an impact from day one. Requirements: at least 4 years of relevant experience, with hands-on skills in stakeholder management, user research, product roadmap, communication, scrum, data analysis, product strategy, agile. We value problem solving and a growth mindset.",0,Product Manager,Machine Learning Engineer
"Detail-oriented UI/UX Designer with hands-on experience across projects. Has 10 years of professional experience. Hands-on experience with design systems, interaction design, prototyping, sql, unit testing, user research, wireframing. Comfortable working independently or in a team.","Our company is looking for an experienced Frontend Developer to help us scale. Requirements: at least 3 years of relevant experience, with hands-on skills in webpack, git, css, rest api, accessibility, html, javascript, react. Strong communication and teamwork are a plus.",0,Frontend Developer,UI/UX Designer
"Motivated Cloud Engineer eager to contribute technical expertise. Brings 4 years of hands-on industry experience. Hands-on experience with aws, azure, ci/cd, cloud security, docker, gcp, kubernetes, linux, networking, terraform. Continuously learning new tools and technologies.","Join us as a Backend Developer and make an impact from day one. Requirements: at least 6 years of relevant experience, with hands-on skills in flask, django, postgresql, sql, python, rest api, celery, git. We value problem solving and a growth mindset.",0,Backend Developer,Cloud Engineer
"Experienced UI/UX Designer with a passion for building great products. Has 1 years of professional experience. Proficient in adobe xd, design systems, figma, interaction design, prototyping, usability testing, user research. Comfortable working independently or in a team.","Join us as a UI/UX Designer and make an impact from day one. You should have 2+ years in the field and be comfortable with usability testing, figma, adobe xd, design systems, prototyping, interaction design, wireframing. Competitive salary and benefits offered.",1,UI/UX Designer,UI/UX Designer
"Motivated Cybersecurity Analyst eager to contribute technical expertise. 4 years working in related roles. Core skills include firewalls, incident response, linux, network security, penetration testing. Comfortable working independently or in a team.","Join us as a Cybersecurity Analyst and make an impact from day one. You should have 4+ years in the field and be comfortable with python, network security, penetration testing, firewalls, incident response, risk assessment, linux, compliance. Strong communication and teamwork are a plus.",1,Cybersecurity Analyst,Cybersecurity Analyst
"Motivated QA Engineer eager to contribute technical expertise. Brings 3 years of hands-on industry experience. Proficient in ci/cd, jira, manual testing, selenium, test case design. Continuously learning new tools and technologies.","Our company is looking for an experienced DevOps Engineer to help us scale. The ideal candidate has 7+ years of experience and is skilled in monitoring, docker, linux, networking, ansible, jenkins, aws. Competitive salary and benefits offered.",0,DevOps Engineer,QA Engineer
"Frontend Developer with a proven track record of delivering results. Brings 8 years of hands-on industry experience. Hands-on experience with communication, css, javascript, react, redux, typescript, user research. Continuously learning new tools and technologies.","QA Engineer wanted for a fast-paced, collaborative environment. Requirements: at least 4 years of relevant experience, with hands-on skills in ci/cd, manual testing, jira, python, selenium, api testing, regression testing. Remote-friendly with flexible hours.",0,QA Engineer,Frontend Developer
"Experienced Mobile Developer with a passion for building great products. Brings 4 years of hands-on industry experience. Proficient in android, git, kotlin, react native, time management. Continuously learning new tools and technologies.","Backend Developer wanted for a fast-paced, collaborative environment. You should have 6+ years in the field and be comfortable with celery, microservices, docker, sql, flask. Competitive salary and benefits offered.",0,Backend Developer,Mobile Developer
"Motivated UI/UX Designer eager to contribute technical expertise. 6 years working in related roles. Core skills include adobe xd, interaction design, prototyping, usability testing, wireframing. Comfortable working independently or in a team.","Join us as a DevOps Engineer and make an impact from day one. Requirements: at least 1 years of relevant experience, with hands-on skills in monitoring, ci/cd, aws, docker, ansible, kubernetes. Remote-friendly with flexible hours.",0,DevOps Engineer,UI/UX Designer
"Detail-oriented Data Analyst with hands-on experience across projects. 0 years working in related roles. Hands-on experience with a/b testing, communication, data visualization, excel, leadership, pandas, power bi, python, reporting, sql, statistics, tableau. Known for strong communication and teamwork.","Our company is looking for an experienced Data Analyst to help us scale. You should have 3+ years in the field and be comfortable with data visualization, pandas, a/b testing, sql, reporting, excel. We value problem solving and a growth mindset.",0,Data Analyst,Data Analyst
"Frontend Developer with a proven track record of delivering results. 6 years working in related roles. Hands-on experience with css, git, html, react, responsive design, rest api, typescript. Continuously learning new tools and technologies.","We are hiring a Mobile Developer to join our growing team. You should have 6+ years in the field and be comfortable with kotlin, flutter, swift, git, android, react native. Remote-friendly with flexible hours.",0,Mobile Developer,Frontend Developer
"Experienced Machine Learning Engineer with a passion for building great products. Has 5 years of professional experience. Core skills include aws, deep learning, mlops, python, tensorflow. Continuously learning new tools and technologies.","We are hiring a Data Scientist to join our growing team. You should have 5+ years in the field and be comfortable with regression, statistics, a/b testing, pandas, feature engineering. Remote-friendly with flexible hours.",0,Data Scientist,Machine Learning Engineer
"Experienced Mobile Developer with a passion for building great products. 4 years working in related roles. Proficient in android, firewalls, ios, kotlin, project management, react native, siem. Continuously learning new tools and technologies.","UI/UX Designer wanted for a fast-paced, collaborative environment. The ideal candidate has 3+ years of experience and is skilled in adobe xd, prototyping, usability testing, design systems, wireframing, interaction design, figma, user research. Remote-friendly with flexible hours.",1,UI/UX Designer,Mobile Developer
"Frontend Developer with a proven track record of delivering results. Brings 9 years of hands-on industry experience. Hands-on experience with accessibility, git, html, manual testing, responsive design, selenium, typescript. Known for strong communication and teamwork.","Data Analyst wanted for a fast-paced, collaborative environment. The ideal candidate has 4+ years of experience and is skilled in power bi, sql, pandas, reporting, a/b testing. Competitive salary and benefits offered.",0,Data Analyst,Frontend Developer
"Detail-oriented Frontend Developer with hands-on experience across projects. Brings 8 years of hands-on industry experience. Proficient in css, html, redux, responsive design. Continuously learning new tools and technologies.","Mobile Developer wanted for a fast-paced, collaborative environment. You should have 1+ years in the field and be comfortable with swift, kotlin, rest api, android, flutter. We value problem solving and a growth mindset.",0,Mobile Developer,Frontend Developer
"Motivated Data Analyst eager to contribute technical expertise. Has 4 years of professional experience. Core skills include a/b testing, data visualization, excel, pandas, power bi, statistics, tableau. Known for strong communication and teamwork.","Join us as a Data Analyst and make an impact from day one. The ideal candidate has 7+ years of experience and is skilled in data visualization, power bi, tableau, statistics, reporting, excel. Competitive salary and benefits offered.",0,Data Analyst,Data Analyst
"UI/UX Designer with a proven track record of delivering results. 9 years working in related roles. Core skills include adobe xd, design systems, figma, interaction design, usability testing, wireframing. Continuously learning new tools and technologies.","Join us as a UI/UX Designer and make an impact from day one. You should have 3+ years in the field and be comfortable with adobe xd, prototyping, design systems, figma, usability testing, interaction design, wireframing, user research. Remote-friendly with flexible hours.",0,UI/UX Designer,UI/UX Designer
"Cybersecurity Analyst with a proven track record of delivering results. 6 years working in related roles. Proficient in communication, compliance, firewalls, incident response, linux, network security, penetration testing, python, risk assessment, siem. Comfortable working independently or in a team.","Join us as a Data Scientist and make an impact from day one. You should have 1+ years in the field and be comfortable with machine learning, sql, scikit-learn, statistics, jupyter. We value problem solving and a growth mindset.",1,Data Scientist,Cybersecurity Analyst
"Detail-oriented Data Analyst with hands-on experience across projects. Brings 3 years of hands-on industry experience. Hands-on experience with a/b testing, data visualization, power bi, problem solving, python, reporting, statistics, tableau, teamwork. Known for strong communication and teamwork.","Our company is looking for an experienced DevOps Engineer to help us scale. You should have 2+ years in the field and be comfortable with aws, jenkins, ci/cd, linux, bash, ansible, docker. We value problem solving and a growth mindset.",0,DevOps Engineer,Data Analyst
"Motivated Cloud Engineer eager to contribute technical expertise. 4 years working in related roles. Core skills include azure, ci/cd, gcp, kubernetes, project management, teamwork. Known for strong communication and teamwork.","We are hiring a QA Engineer to join our growing team. The ideal candidate has 1+ years of experience and is skilled in ci/cd, manual testing, regression testing, jira, selenium. We value problem solving and a growth mindset.",0,QA Engineer,Cloud Engineer
"Experienced QA Engineer with a passion for building great products. 9 years working in related roles. Hands-on experience with ci/cd, jira, manual testing, problem solving, python, regression testing, selenium, test automation. Known for strong communication and teamwork.","Join us as a QA Engineer and make an impact from day one. The ideal candidate has 4+ years of experience and is skilled in selenium, ci/cd, api testing, jira, test case design, test automation. Strong communication and teamwork are a plus.",1,QA Engineer,QA Engineer
"Motivated Frontend Developer eager to contribute technical expertise. 8 years working in related roles. Proficient in aws, css, git, html, linux, project management, react, redux, rest api. Known for strong communication and teamwork.","Our company is looking for an experienced Cybersecurity Analyst to help us scale. You should have 4+ years in the field and be comfortable with network security, linux, siem, penetration testing, firewalls, python, incident response. Strong communication and teamwork are a plus.",0,Cybersecurity Analyst,Frontend Developer
"Experienced Frontend Developer with a passion for building great products. 10 years working in related roles. Hands-on experience with a/b testing, accessibility, css, javascript, mentoring, sql, webpack. Known for strong communication and teamwork.","Our company is looking for an experienced Data Analyst to help us scale. You should have 1+ years in the field and be comfortable with excel, a/b testing, statistics, python, reporting. Competitive salary and benefits offered.",1,Data Analyst,Frontend Developer
"Data Analyst with a proven track record of delivering results. Has 4 years of professional experience. Core skills include a/b testing, power bi, problem solving, python, reporting, tableau. Comfortable working independently or in a team.","Join us as a Mobile Developer and make an impact from day one. Requirements: at least 3 years of relevant experience, with hands-on skills in react native, rest api, ios, flutter, kotlin, git, android, mobile ui design. We value problem solving and a growth mindset.",0,Mobile Developer,Data Analyst
"Motivated QA Engineer eager to contribute technical expertise. Brings 3 years of hands-on industry experience. Hands-on experience with api testing, ci/cd, jira, manual testing, project management, python, regression testing, selenium. Comfortable working independently or in a team.","Join us as a Cloud Engineer and make an impact from day one. You should have 4+ years in the field and be comfortable with networking, gcp, kubernetes, azure, terraform, linux. Remote-friendly with flexible hours.",0,Cloud Engineer,QA Engineer
"Machine Learning Engineer with a proven track record of delivering results. Brings 0 years of hands-on industry experience. Hands-on experience with docker, feature engineering, mlops, model deployment, tensorflow. Continuously learning new tools and technologies.","Machine Learning Engineer wanted for a fast-paced, collaborative environment. You should have 4+ years in the field and be comfortable with model deployment, tensorflow, sql, pytorch, docker, mlops. Remote-friendly with flexible hours.",0,Machine Learning Engineer,Machine Learning Engineer
"Experienced Product Manager with a passion for building great products. Brings 4 years of hands-on industry experience. Hands-on experience with agile, celery, communication, data analysis, jira, leadership, postgresql, product roadmap, scrum, stakeholder management, user research. Comfortable working independently or in a team.","Our company is looking for an experienced Cybersecurity Analyst to help us scale. Requirements: at least 2 years of relevant experience, with hands-on skills in python, incident response, siem, compliance, penetration testing, firewalls. Competitive salary and benefits offered.",0,Cybersecurity Analyst,Product Manager
"Mobile Developer with a proven track record of delivering results. Has 7 years of professional experience. Hands-on experience with flutter, git, ios, kotlin, mentoring, mobile ui design, problem solving, react native, rest api, swift. Continuously learning new tools and technologies.","We are hiring a Mobile Developer to join our growing team. You should have 4+ years in the field and be comfortable with flutter, android, git, rest api, swift, kotlin, react native, mobile ui design. Remote-friendly with flexible hours.",1,Mobile Developer,Mobile Developer
"Detail-oriented Data Analyst with hands-on experience across projects. Has 9 years of professional experience. Hands-on experience with a/b testing, data visualization, excel, power bi, reporting, statistics, teamwork. Continuously learning new tools and technologies.","Data Analyst wanted for a fast-paced, collaborative environment. The ideal candidate has 1+ years of experience and is skilled in a/b testing, power bi, reporting, sql, tableau, python, pandas, excel. We value problem solving and a growth mindset.",0,Data Analyst,Data Analyst
"Data Analyst with a proven track record of delivering results. Brings 6 years of hands-on industry experience. Core skills include a/b testing, data visualization, numpy, pandas, power bi, reporting, sql, statistics, tableau, teamwork. Comfortable working independently or in a team.","Our company is looking for an experienced Frontend Developer to help us scale. The ideal candidate has 3+ years of experience and is skilled in typescript, css, rest api, accessibility, responsive design, javascript, git. We value problem solving and a growth mindset.",1,Frontend Developer,Data Analyst
"Mobile Developer with a proven track record of delivering results. Has 0 years of professional experience. Proficient in android, flutter, ios, kotlin, react native, swift. Known for strong communication and teamwork.","UI/UX Designer wanted for a fast-paced, collaborative environment. You should have 2+ years in the field and be comfortable with adobe xd, user research, design systems, interaction design, prototyping, wireframing, usability testing. Competitive salary and benefits offered.",0,UI/UX Designer,Mobile Developer
"Experienced Backend Developer with a passion for building great products. 2 years working in related roles. Proficient in celery, django, git, microservices, postgresql, python, redis, sql, unit testing. Known for strong communication and teamwork.","Backend Developer wanted for a fast-paced, collaborative environment. You should have 1+ years in the field and be comfortable with microservices, rest api, django, celery, python, postgresql. Strong communication and teamwork are a plus.",1,Backend Developer,Backend Developer
"Mobile Developer with a proven track record of delivering results. 2 years working in related roles. Proficient in android, flutter, git, ios, kotlin, mobile ui design, react native, swift, teamwork. Continuously learning new tools and technologies.","Our company is looking for an experienced UI/UX Designer to help us scale. Requirements: at least 6 years of relevant experience, with hands-on skills in prototyping, figma, usability testing, adobe xd, design systems, wireframing. We value problem solving and a growth mindset.",0,UI/UX Designer,Mobile Developer
"Detail-oriented DevOps Engineer with hands-on experience across projects. Has 9 years of professional experience. Hands-on experience with ansible, ci/cd, communication, docker, javascript, jenkins, linux, networking, react, time management. Continuously learning new tools and technologies.","Join us as a DevOps Engineer and make an impact from day one. You should have 3+ years in the field and be comfortable with linux, ci/cd, aws, jenkins, networking, terraform. Competitive salary and benefits offered.",1,DevOps Engineer,DevOps Engineer
"Data Analyst with a proven track record of delivering results. Has 3 years of professional experience. Hands-on experience with a/b testing, data visualization, pandas, power bi, reporting, statistics, tableau. Comfortable working independently or in a team.","We are hiring a Cybersecurity Analyst to join our growing team. You should have 6+ years in the field and be comfortable with firewalls, linux, compliance, python, risk assessment. Competitive salary and benefits offered.",0,Cybersecurity Analyst,Data Analyst
"Detail-oriented Data Analyst with hands-on experience across projects. Has 6 years of professional experience. Core skills include communication, data visualization, excel, power bi, python, sql, statistics, tableau. Comfortable working independently or in a team.","Join us as a Mobile Developer and make an impact from day one. Requirements: at least 6 years of relevant experience, with hands-on skills in rest api, git, mobile ui design, ios, flutter, kotlin, swift. Strong communication and teamwork are a plus.",0,Mobile Developer,Data Analyst
"Detail-oriented Frontend Developer with hands-on experience across projects. Has 6 years of professional experience. Core skills include accessibility, css, git, html, javascript, leadership, mentoring, react, redux. Continuously learning new tools and technologies.","Join us as a Mobile Developer and make an impact from day one. Requirements: at least 5 years of relevant experience, with hands-on skills in android, react native, rest api, git, mobile ui design, kotlin, swift, ios. Remote-friendly with flexible hours.",0,Mobile Developer,Frontend Developer
"Motivated Mobile Developer eager to contribute technical expertise. 7 years working in related roles. Core skills include android, data visualization, git, ios, swift, tableau. Continuously learning new tools and technologies.","UI/UX Designer wanted for a fast-paced, collaborative environment. You should have 3+ years in the field and be comfortable with adobe xd, interaction design, figma, design systems, wireframing, user research, prototyping. We value problem solving and a growth mindset.",0,UI/UX Designer,Mobile Developer
"Data Scientist with a proven track record of delivering results. Brings 6 years of hands-on industry experience. Hands-on experience with communication, jupyter, numpy, pandas, problem solving, regression, sql, statistics. Known for strong communication and teamwork.","Our company is looking for an experienced Cybersecurity Analyst to help us scale. The ideal candidate has 6+ years of experience and is skilled in penetration testing, firewalls, python, compliance, risk assessment, siem. Remote-friendly with flexible hours.",0,Cybersecurity Analyst,Data Scientist
"Experienced QA Engineer with a passion for building great products. Brings 6 years of hands-on industry experience. Core skills include api testing, ci/cd, jira, leadership, problem solving, python, regression testing, selenium, test automation, test case design. Known for strong communication and teamwork.","Our company is looking for an experienced Data Scientist to help us scale. Requirements: at least 4 years of relevant experience, with hands-on skills in scikit-learn, classification, feature engineering, python, statistics, jupyter, sql, machine learning. Competitive salary and benefits offered.",0,Data Scientist,QA Engineer
"Experienced UI/UX Designer with a passion for building great products. Brings 1 years of hands-on industry experience. Hands-on experience with adobe xd, data analysis, design systems, figma, prototyping, scrum, usability testing, user research, wireframing. Comfortable working independently or in a team.","Our company is looking for an experienced Data Scientist to help us scale. Requirements: at least 4 years of relevant experience, with hands-on skills in feature engineering, classification, sql, pandas, statistics. Remote-friendly with flexible hours.",0,Data Scientist,UI/UX Designer
"Detail-oriented Data Analyst with hands-on experience across projects. Brings 1 years of hands-on industry experience. Proficient in a/b testing, data visualization, excel, mentoring, pandas, power bi, python, reporting, scrum, sql, stakeholder management, statistics, tableau, teamwork. Comfortable working independently or in a team.","We are hiring a Data Analyst to join our growing team. You should have 5+ years in the field and be comfortable with pandas, sql, statistics, data visualization, power bi, tableau, excel, python. Competitive salary and benefits offered.",0,Data Analyst,Data Analyst
"Motivated Data Scientist eager to contribute technical expertise. Brings 2 years of hands-on industry experience. Core skills include classification, data visualization, feature engineering, jupyter, pandas, python, regression, scikit-learn, statistics. Continuously learning new tools and technologies.","Data Scientist wanted for a fast-paced, collaborative environment. The ideal candidate has 1+ years of experience and is skilled in feature engineering, sql, numpy, jupyter, pandas, scikit-learn, data visualization, a/b testing. We value problem solving and a growth mindset.",1,Data Scientist,Data Scientist
"Backend Developer with a proven track record of delivering results. 2 years working in related roles. Core skills include celery, django, flask, microservices, postgresql, problem solving, product roadmap, project management, rest api, user research. Comfortable working independently or in a team.","We are hiring a Data Scientist to join our growing team. The ideal candidate has 2+ years of experience and is skilled in data visualization, python, feature engineering, sql, jupyter, pandas, regression. We value problem solving and a growth mindset.",0,Data Scientist,Backend Developer
"Backend Developer with a proven track record of delivering results. Has 0 years of professional experience. Core skills include celery, flask, git, incident response, microservices, postgresql, redis, rest api, risk assessment, sql, teamwork, unit testing. Known for strong communication and teamwork.","Our company is looking for an experienced Machine Learning Engineer to help us scale. The ideal candidate has 2+ years of experience and is skilled in pytorch, docker, sql, python, machine learning, aws, mlops, model deployment. Strong communication and teamwork are a plus.",0,Machine Learning Engineer,Backend Developer
"Data Scientist with a proven track record of delivering results. Brings 3 years of hands-on industry experience. Hands-on experience with classification, data visualization, feature engineering, machine learning, python, regression, scikit-learn, statistics, teamwork. Comfortable working independently or in a team.","Our company is looking for an experienced Cybersecurity Analyst to help us scale. The ideal candidate has 7+ years of experience and is skilled in firewalls, compliance, incident response, risk assessment, siem, python, linux, penetration testing. Strong communication and teamwork are a plus.",0,Cybersecurity Analyst,Data Scientist
"Motivated Cybersecurity Analyst eager to contribute technical expertise. Has 4 years of professional experience. Hands-on experience with bash, compliance, monitoring, network security, penetration testing, python. Continuously learning new tools and technologies.","Join us as a QA Engineer and make an impact from day one. The ideal candidate has 3+ years of experience and is skilled in test case design, test automation, ci/cd, manual testing, selenium. Strong communication and teamwork are a plus.",0,QA Engineer,Cybersecurity Analyst
"Experienced Data Scientist with a passion for building great products. 0 years working in related roles. Core skills include a/b testing, data visualization, feature engineering, machine learning, numpy, pandas, python, regression, tableau. Continuously learning new tools and technologies.","Join us as a Cybersecurity Analyst and make an impact from day one. Requirements: at least 1 years of relevant experience, with hands-on skills in incident response, siem, linux, firewalls, python, network security. Remote-friendly with flexible hours.",0,Cybersecurity Analyst,Data Scientist
"Detail-oriented Data Analyst with hands-on experience across projects. Brings 7 years of hands-on industry experience. Core skills include a/b testing, data visualization, excel, manual testing, pandas, power bi, reporting, sql, statistics, tableau, test case design. Known for strong communication and teamwork.","Join us as a Mobile Developer and make an impact from day one. You should have 4+ years in the field and be comfortable with swift, react native, android, mobile ui design, git, rest api. We value problem solving and a growth mindset.",0,Mobile Developer,Data Analyst
"Motivated DevOps Engineer eager to contribute technical expertise. Brings 3 years of hands-on industry experience. Proficient in ansible, aws, bash, ci/cd, docker, jenkins, linux, monitoring, networking, terraform, time management. Comfortable working independently or in a team.","Our company is looking for an experienced Frontend Developer to help us scale. You should have 7+ years in the field and be comfortable with redux, responsive design, git, html, javascript, rest api, typescript. Competitive salary and benefits offered.",0,Frontend Developer,DevOps Engineer
"Experienced Product Manager with a passion for building great products. Has 8 years of professional experience. Proficient in data analysis, leadership, product roadmap, product strategy, scrum, teamwork. Known for strong communication and teamwork.","Join us as a Data Analyst and make an impact from day one. The ideal candidate has 6+ years of experience and is skilled in pandas, statistics, tableau, python, power bi, reporting, sql, a/b testing. We value problem solving and a growth mindset.",1,Data Analyst,Product Manager
"Experienced Backend Developer with a passion for building great products. Brings 7 years of hands-on industry experience. Core skills include celery, docker, flask, git, postgresql, redis, rest api, sql, time management. Comfortable working independently or in a team.","Join us as a Backend Developer and make an impact from day one. Requirements: at least 1 years of relevant experience, with hands-on skills in flask, redis, django, microservices, sql, rest api. Remote-friendly with flexible hours.",0,Backend Developer,Backend Developer
"Detail-oriented Backend Developer with hands-on experience across projects. Has 3 years of professional experience. Core skills include django, docker, microservices, postgresql, rest api, sql, teamwork, time management, unit testing. Comfortable working independently or in a team.","Join us as a Cybersecurity Analyst and make an impact from day one. The ideal candidate has 1+ years of experience and is skilled in python, siem, incident response, firewalls, risk assessment, penetration testing, linux, compliance. Remote-friendly with flexible hours.",0,Cybersecurity Analyst,Backend Developer
"Experienced QA Engineer with a passion for building great products. 6 years working in related roles. Proficient in api testing, ci/cd, javascript, jira, python, regression testing, selenium, test automation, test case design, typescript. Known for strong communication and teamwork.","Our company is looking for an experienced Cybersecurity Analyst to help us scale. Requirements: at least 1 years of relevant experience, with hands-on skills in incident response, python, network security, compliance, siem, firewalls, penetration testing, risk assessment. Competitive salary and benefits offered.",0,Cybersecurity Analyst,QA Engineer
"Experienced Mobile Developer with a passion for building great products. Brings 9 years of hands-on industry experience. Core skills include android, flutter, git, ios, kotlin, mobile ui design, react native, rest api, swift. Comfortable working independently or in a team.","Mobile Developer wanted for a fast-paced, collaborative environment. The ideal candidate has 1+ years of experience and is skilled in swift, rest api, git, flutter, kotlin, ios. We value problem solving and a growth mindset.",1,Mobile Developer,Mobile Developer
"Experienced Mobile Developer with a passion for building great products. Has 2 years of professional experience. Proficient in android, api testing, flutter, kotlin, mobile ui design, python. Known for strong communication and teamwork.","Join us as a QA Engineer and make an impact from day one. The ideal candidate has 4+ years of experience and is skilled in api testing, regression testing, ci/cd, test case design, test automation. Competitive salary and benefits offered.",0,QA Engineer,Mobile Developer
"Motivated UI/UX Designer eager to contribute technical expertise. 8 years working in related roles. Hands-on experience with adobe xd, communication, prototyping, regression testing, test automation, user research, wireframing. Known for strong communication and teamwork.","Our company is looking for an experienced UI/UX Designer to help us scale. You should have 1+ years in the field and be comfortable with design systems, usability testing, interaction design, user research, adobe xd, wireframing. Remote-friendly with flexible hours.",0,UI/UX Designer,UI/UX Designer
"Cybersecurity Analyst with a proven track record of delivering results. Brings 5 years of hands-on industry experience. Core skills include compliance, firewalls, incident response, linux, mentoring, network security, penetration testing, python, risk assessment, siem, time management. Known for strong communication and teamwork.","Our company is looking for an experienced Frontend Developer to help us scale. The ideal candidate has 4+ years of experience and is skilled in css, responsive design, accessibility, rest api, redux, git, webpack. We value problem solving and a growth mindset.",0,Frontend Developer,Cybersecurity Analyst
"Product Manager with a proven track record of delivering results. 1 years working in related roles. Proficient in communication, jira, product roadmap, product strategy, project management, scrum, stakeholder management, user research. Comfortable working independently or in a team.","Our company is looking for an experienced Data Scientist to help us scale. You should have 5+ years in the field and be comfortable with classification, sql, python, scikit-learn, statistics, regression, a/b testing. We value problem solving and a growth mindset.",0,Data Scientist,Product Manager
"Machine Learning Engineer with a proven track record of delivering results. Brings 9 years of hands-on industry experience. Core skills include aws, deep learning, feature engineering, mlops, model deployment, pytorch, tensorflow. Known for strong communication and teamwork.","Our company is looking for an experienced Machine Learning Engineer to help us scale. Requirements: at least 4 years of relevant experience, with hands-on skills in deep learning, mlops, docker, aws, tensorflow, machine learning, feature engineering, sql. Competitive salary and benefits offered.",1,Machine Learning Engineer,Machine Learning Engineer
"Experienced Machine Learning Engineer with a passion for building great products. 2 years working in related roles. Hands-on experience with aws, deep learning, feature engineering, mlops, pytorch. Comfortable working independently or in a team.","Our company is looking for an experienced Data Analyst to help us scale. You should have 6+ years in the field and be comfortable with tableau, data visualization, statistics, power bi, reporting, python, a/b testing. We value problem solving and a growth mindset.",0,Data Analyst,Machine Learning Engineer
"Motivated DevOps Engineer eager to contribute technical expertise. 8 years working in related roles. Hands-on experience with a/b testing, bash, ci/cd, docker, jenkins, kubernetes, monitoring, networking, reporting, terraform. Comfortable working independently or in a team.","Join us as a DevOps Engineer and make an impact from day one. You should have 5+ years in the field and be comfortable with aws, monitoring, linux, ci/cd, bash, jenkins, networking. Competitive salary and benefits offered.",1,DevOps Engineer,DevOps Engineer
"Detail-oriented Backend Developer with hands-on experience across projects. Has 10 years of professional experience. Proficient in celery, django, sql, time management, unit testing. Continuously learning new tools and technologies.","Our company is looking for an experienced Data Scientist to help us scale. The ideal candidate has 1+ years of experience and is skilled in feature engineering, data visualization, a/b testing, pandas, regression, sql, scikit-learn, numpy. Strong communication and teamwork are a plus.",0,Data Scientist,Backend Developer
"Experienced QA Engineer with a passion for building great products. Has 9 years of professional experience. Proficient in api testing, jira, leadership, manual testing, project management, test automation, test case design. Continuously learning new tools and technologies.","Our company is looking for an experienced Data Scientist to help us scale. The ideal candidate has 2+ years of experience and is skilled in statistics, a/b testing, machine learning, feature engineering, sql. Competitive salary and benefits offered.",0,Data Scientist,QA Engineer
"Experienced Machine Learning Engineer with a passion for building great products. 6 years working in related roles. Core skills include aws, deep learning, docker, feature engineering, mentoring, mlops, model deployment, project management, python, pytorch, sql. Known for strong communication and teamwork.","Our company is looking for an experienced Machine Learning Engineer to help us scale. Requirements: at least 2 years of relevant experience, with hands-on skills in pytorch, deep learning, machine learning, model deployment, aws, sql, feature engineering, mlops. Strong communication and teamwork are a plus.",1,Machine Learning Engineer,Machine Learning Engineer
"Experienced Cybersecurity Analyst with a passion for building great products. 7 years working in related roles. Hands-on experience with compliance, firewalls, linux, machine learning, model deployment, penetration testing, python, risk assessment, siem. Known for strong communication and teamwork.","Our company is looking for an experienced Mobile Developer to help us scale. You should have 3+ years in the field and be comfortable with mobile ui design, flutter, android, swift, ios, react native, kotlin, git. Strong communication and teamwork are a plus.",0,Mobile Developer,Cybersecurity Analyst
"Experienced QA Engineer with a passion for building great products. 3 years working in related roles. Proficient in adobe xd, communication, manual testing, prototyping, python, regression testing, selenium, teamwork, test case design. Known for strong communication and teamwork.","Join us as a Backend Developer and make an impact from day one. Requirements: at least 4 years of relevant experience, with hands-on skills in celery, python, docker, postgresql, unit testing, rest api, redis, microservices. Strong communication and teamwork are a plus.",0,Backend Developer,QA Engineer
"Frontend Developer with a proven track record of delivering results. Brings 9 years of hands-on industry experience. Hands-on experience with html, react, responsive design, typescript, webpack. Comfortable working independently or in a team.","Our company is looking for an experienced Cloud Engineer to help us scale. Requirements: at least 3 years of relevant experience, with hands-on skills in docker, azure, cloud security, terraform, ci/cd. Competitive salary and benefits offered.",0,Cloud Engineer,Frontend Developer
"Experienced Product Manager with a passion for building great products. Brings 8 years of hands-on industry experience. Proficient in agile, communication, data analysis, product roadmap, rest api, scrum, typescript, user research. Known for strong communication and teamwork.","Our company is looking for an experienced Frontend Developer to help us scale. You should have 3+ years in the field and be comfortable with javascript, css, react, rest api, webpack, accessibility. Strong communication and teamwork are a plus.",1,Frontend Developer,Product Manager
"Detail-oriented DevOps Engineer with hands-on experience across projects. 6 years working in related roles. Core skills include ansible, aws, bash, ci/cd, docker, jenkins, kubernetes, networking, terraform. Continuously learning new tools and technologies.","Our company is looking for an experienced Frontend Developer to help us scale. You should have 4+ years in the field and be comfortable with css, git, redux, typescript, accessibility, react. Strong communication and teamwork are a plus.",0,Frontend Developer,DevOps Engineer
"Detail-oriented Backend Developer with hands-on experience across projects. 2 years working in related roles. Hands-on experience with celery, docker, flask, postgresql, python, redis, rest api, scikit-learn, sql. Known for strong communication and teamwork.","We are hiring a Data Analyst to join our growing team. You should have 2+ years in the field and be comfortable with python, pandas, statistics, excel, a/b testing, tableau, reporting, sql. Competitive salary and benefits offered.",0,Data Analyst,Backend Developer
"Detail-oriented Mobile Developer with hands-on experience across projects. Has 10 years of professional experience. Hands-on experience with android, data visualization, flutter, ios, statistics, swift. Comfortable working independently or in a team.","Join us as a Machine Learning Engineer and make an impact from day one. Requirements: at least 4 years of relevant experience, with hands-on skills in machine learning, tensorflow, python, deep learning, sql, aws, model deployment, docker. We value problem solving and a growth mindset.",0,Machine Learning Engineer,Mobile Developer
"Experienced Product Manager with a passion for building great products. Brings 0 years of hands-on industry experience. Core skills include agile, ci/cd, communication, jira, mentoring, product roadmap, regression testing, scrum, teamwork, user research. Comfortable working independently or in a team.","We are hiring a Cloud Engineer to join our growing team. The ideal candidate has 2+ years of experience and is skilled in aws, linux, azure, gcp, networking, ci/cd, kubernetes, terraform. We value problem solving and a growth mindset.",0,Cloud Engineer,Product Manager
"Motivated Data Analyst eager to contribute technical expertise. Has 8 years of professional experience. Proficient in excel, pandas, power bi, problem solving, python, reporting, sql, tableau. Known for strong communication and teamwork.","Our company is looking for an experienced Data Scientist to help us scale. The ideal candidate has 2+ years of experience and is skilled in numpy, sql, statistics, data visualization, machine learning. Strong communication and teamwork are a plus.",0,Data Scientist,Data Analyst
"Motivated QA Engineer eager to contribute technical expertise. 9 years working in related roles. Proficient in api testing, ci/cd, jira, manual testing, python, regression testing, selenium, test case design. Known for strong communication and teamwork.","We are hiring a Data Scientist to join our growing team. The ideal candidate has 4+ years of experience and is skilled in regression, data visualization, pandas, scikit-learn, classification, numpy, statistics. Remote-friendly with flexible hours.",0,Data Scientist,QA Engineer
"DevOps Engineer with a proven track record of delivering results. 3 years working in related roles. Core skills include aws, ci/cd, communication, kubernetes, linux, monitoring, teamwork. Continuously learning new tools and technologies.","QA Engineer wanted for a fast-paced, collaborative environment. The ideal candidate has 7+ years of experience and is skilled in test case design, regression testing, api testing, manual testing, python, jira, test automation, selenium. We value problem solving and a growth mindset.",1,QA Engineer,DevOps Engineer
"Data Analyst with a proven track record of delivering results. 4 years working in related roles. Proficient in a/b testing, excel, python, reporting, statistics. Comfortable working independently or in a team.","We are hiring a Data Analyst to join our growing team. Requirements: at least 4 years of relevant experience, with hands-on skills in statistics, a/b testing, pandas, excel, tableau. Competitive salary and benefits offered.",1,Data Analyst,Data Analyst
"Experienced Data Scientist with a passion for building great products. Has 0 years of professional experience. Hands-on experience with classification, communication, data visualization, jupyter, machine learning, numpy, python, statistics, teamwork. Known for strong communication and teamwork.","Join us as a Data Analyst and make an impact from day one. The ideal candidate has 4+ years of experience and is skilled in excel, a/b testing, pandas, sql, data visualization, statistics, reporting, power bi. We value problem solving and a growth mindset.",0,Data Analyst,Data Scientist
"Detail-oriented DevOps Engineer with hands-on experience across projects. Brings 7 years of hands-on industry experience. Hands-on experience with aws, bash, ci/cd, kubernetes, leadership, monitoring, networking, terraform, time management. Comfortable working independently or in a team.","We are hiring a DevOps Engineer to join our growing team. You should have 5+ years in the field and be comfortable with jenkins, monitoring, kubernetes, terraform, bash, aws. Competitive salary and benefits offered.",1,DevOps Engineer,DevOps Engineer
"Cybersecurity Analyst with a proven track record of delivering results. 9 years working in related roles. Core skills include compliance, incident response, penetration testing, postgresql, siem, sql. Comfortable working independently or in a team.","Our company is looking for an experienced Cybersecurity Analyst to help us scale. The ideal candidate has 2+ years of experience and is skilled in python, incident response, linux, penetration testing, firewalls, siem, network security, compliance. Strong communication and teamwork are a plus.",0,Cybersecurity Analyst,Cybersecurity Analyst
"Motivated UI/UX Designer eager to contribute technical expertise. 6 years working in related roles. Hands-on experience with adobe xd, interaction design, mentoring, prototyping, time management, usability testing, user research, wireframing. Known for strong communication and teamwork.","UI/UX Designer wanted for a fast-paced, collaborative environment. The ideal candidate has 2+ years of experience and is skilled in prototyping, design systems, usability testing, figma, user research, interaction design, wireframing. Strong communication and teamwork are a plus.",0,UI/UX Designer,UI/UX Designer
"Mobile Developer with a proven track record of delivering results. Has 7 years of professional experience. Proficient in android, communication, flutter, git, swift. Comfortable working independently or in a team.","Join us as a Frontend Developer and make an impact from day one. Requirements: at least 2 years of relevant experience, with hands-on skills in webpack, react, responsive design, redux, git, javascript, accessibility. We value problem solving and a growth mindset.",0,Frontend Developer,Mobile Developer
"Detail-oriented Mobile Developer with hands-on experience across projects. Brings 1 years of hands-on industry experience. Core skills include flutter, ios, react native, swift. Continuously learning new tools and technologies.","We are hiring a Cybersecurity Analyst to join our growing team. Requirements: at least 7 years of relevant experience, with hands-on skills in linux, python, risk assessment, compliance, firewalls, siem, incident response. Competitive salary and benefits offered.",0,Cybersecurity Analyst,Mobile Developer
"Detail-oriented Data Analyst with hands-on experience across projects. Has 8 years of professional experience. Hands-on experience with excel, machine learning, pandas, reporting, sql, tableau. Continuously learning new tools and technologies.","Data Analyst wanted for a fast-paced, collaborative environment. Requirements: at least 6 years of relevant experience, with hands-on skills in reporting, python, pandas, data visualization, sql, excel. Competitive salary and benefits offered.",1,Data Analyst,Data Analyst
"UI/UX Designer with a proven track record of delivering results. Brings 6 years of hands-on industry experience. Proficient in adobe xd, design systems, docker, figma, prototyping, tensorflow, usability testing, user research, wireframing. Continuously learning new tools and technologies.","UI/UX Designer wanted for a fast-paced, collaborative environment. The ideal candidate has 4+ years of experience and is skilled in figma, prototyping, interaction design, wireframing, user research, design systems, adobe xd. We value problem solving and a growth mindset.",1,UI/UX Designer,UI/UX Designer
"Experienced Data Analyst with a passion for building great products. Brings 7 years of hands-on industry experience. Hands-on experience with data visualization, excel, python, reporting, sql. Continuously learning new tools and technologies.","We are hiring a Backend Developer to join our growing team. The ideal candidate has 7+ years of experience and is skilled in sql, unit testing, redis, django, microservices, git, python. Strong communication and teamwork are a plus.",0,Backend Developer,Data Analyst
"Experienced DevOps Engineer with a passion for building great products. Brings 5 years of hands-on industry experience. Core skills include ansible, aws, ci/cd, linux, monitoring. Comfortable working independently or in a team.","We are hiring a Backend Developer to join our growing team. You should have 6+ years in the field and be comfortable with django, postgresql, flask, docker, rest api, sql, microservices. Strong communication and teamwork are a plus.",0,Backend Developer,DevOps Engineer
"Experienced Cybersecurity Analyst with a passion for building great products. Brings 6 years of hands-on industry experience. Core skills include compliance, incident response, linux, network security, python, siem, teamwork, time management. Known for strong communication and teamwork.","Join us as a Cloud Engineer and make an impact from day one. You should have 2+ years in the field and be comfortable with terraform, gcp, cloud security, docker, kubernetes, linux, aws, ci/cd. Remote-friendly with flexible hours.",0,Cloud Engineer,Cybersecurity Analyst
"Motivated Backend Developer eager to contribute technical expertise. Brings 2 years of hands-on industry experience. Core skills include django, docker, flask, microservices, postgresql, python, sql, unit testing. Known for strong communication and teamwork.","We are hiring a Backend Developer to join our growing team. You should have 1+ years in the field and be comfortable with microservices, flask, git, celery, postgresql. Competitive salary and benefits offered.",1,Backend Developer,Backend Developer
"Motivated Frontend Developer eager to contribute technical expertise. Brings 0 years of hands-on industry experience. Hands-on experience with accessibility, flask, git, html, javascript, leadership, microservices, react, redux, typescript, webpack. Continuously learning new tools and technologies.","Data Analyst wanted for a fast-paced, collaborative environment. Requirements: at least 1 years of relevant experience, with hands-on skills in reporting, python, pandas, tableau, sql. We value problem solving and a growth mindset.",0,Data Analyst,Frontend Developer
"Experienced Backend Developer with a passion for building great products. Brings 6 years of hands-on industry experience. Proficient in aws, django, flask, linux, python, redis. Continuously learning new tools and technologies.","Join us as a Backend Developer and make an impact from day one. The ideal candidate has 3+ years of experience and is skilled in unit testing, redis, sql, django, docker, git, python. Competitive salary and benefits offered.",0,Backend Developer,Backend Developer
"Frontend Developer with a proven track record of delivering results. Brings 9 years of hands-on industry experience. Hands-on experience with accessibility, css, javascript, rest api, webpack. Known for strong communication and teamwork.","We are hiring a DevOps Engineer to join our growing team. Requirements: at least 7 years of relevant experience, with hands-on skills in linux, aws, bash, kubernetes, networking. We value problem solving and a growth mindset.",1,DevOps Engineer,Frontend Developer
"Backend Developer with a proven track record of delivering results. 9 years working in related roles. Hands-on experience with django, docker, git, microservices, python, redis, rest api, sql, unit testing. Known for strong communication and teamwork.","DevOps Engineer wanted for a fast-paced, collaborative environment. Requirements: at least 5 years of relevant experience, with hands-on skills in ci/cd, ansible, terraform, linux, kubernetes, networking, bash, monitoring. We value problem solving and a growth mindset.",0,DevOps Engineer,Backend Developer
"Detail-oriented DevOps Engineer with hands-on experience across projects. Has 3 years of professional experience. Proficient in bash, ci/cd, docker, kubernetes, teamwork. Continuously learning new tools and technologies.","Join us as a DevOps Engineer and make an impact from day one. The ideal candidate has 6+ years of experience and is skilled in docker, ci/cd, bash, networking, linux, monitoring. We value problem solving and a growth mindset.",0,DevOps Engineer,DevOps Engineer
"Motivated Cybersecurity Analyst eager to contribute technical expertise. Has 7 years of professional experience. Core skills include compliance, firewalls, incident response, linux, network security, penetration testing, python, risk assessment, siem, time management. Known for strong communication and teamwork.","Our company is looking for an experienced Backend Developer to help us scale. The ideal candidate has 2+ years of experience and is skilled in postgresql, docker, redis, unit testing, sql, rest api, celery. Remote-friendly with flexible hours.",0,Backend Developer,Cybersecurity Analyst
"Detail-oriented Cloud Engineer with hands-on experience across projects. Brings 3 years of hands-on industry experience. Proficient in azure, communication, docker, gcp, linux, networking. Continuously learning new tools and technologies.","Join us as a Frontend Developer and make an impact from day one. Requirements: at least 5 years of relevant experience, with hands-on skills in typescript, html, webpack, javascript, css, accessibility, responsive design. Competitive salary and benefits offered.",0,Frontend Developer,Cloud Engineer
"Data Scientist with a proven track record of delivering results. 9 years working in related roles. Core skills include a/b testing, deep learning, feature engineering, machine learning, pandas, scikit-learn. Continuously learning new tools and technologies.","Frontend Developer wanted for a fast-paced, collaborative environment. You should have 1+ years in the field and be comfortable with typescript, redux, rest api, accessibility, git. Competitive salary and benefits offered.",1,Frontend Developer,Data Scientist
"Experienced Mobile Developer with a passion for building great products. Brings 5 years of hands-on industry experience. Core skills include android, cloud security, flutter, git, ios, mobile ui design, react native, terraform. Comfortable working independently or in a team.","Our company is looking for an experienced Data Scientist to help us scale. The ideal candidate has 2+ years of experience and is skilled in classification, regression, jupyter, sql, statistics, python, scikit-learn. Competitive salary and benefits offered.",0,Data Scientist,Mobile Developer
"Experienced DevOps Engineer with a passion for building great products. Has 5 years of professional experience. Core skills include ansible, bash, ci/cd, jenkins, kubernetes, leadership, linux, terraform. Known for strong communication and teamwork.","Our company is looking for an experienced Cloud Engineer to help us scale. The ideal candidate has 5+ years of experience and is skilled in linux, terraform, networking, docker, aws, kubernetes, cloud security. Remote-friendly with flexible hours.",0,Cloud Engineer,DevOps Engineer
"Product Manager with a proven track record of delivering results. 1 years working in related roles. Core skills include agile, communication, data analysis, jira, product roadmap, product strategy, scrum, stakeholder management, teamwork, user research. Known for strong communication and teamwork.","We are hiring a QA Engineer to join our growing team. The ideal candidate has 2+ years of experience and is skilled in test case design, ci/cd, selenium, test automation, manual testing. Competitive salary and benefits offered.",0,QA Engineer,Product Manager
"DevOps Engineer with a proven track record of delivering results. Brings 1 years of hands-on industry experience. Hands-on experience with ansible, aws, bash, ci/cd, communication, docker, jenkins, kubernetes, monitoring, networking. Comfortable working independently or in a team.","Data Analyst wanted for a fast-paced, collaborative environment. The ideal candidate has 6+ years of experience and is skilled in reporting, pandas, power bi, sql, data visualization, statistics, python. We value problem solving and a growth mindset.",0,Data Analyst,DevOps Engineer
"Motivated Mobile Developer eager to contribute technical expertise. 2 years working in related roles. Hands-on experience with android, docker, kotlin, mobile ui design, rest api, swift. Continuously learning new tools and technologies.","We are hiring a QA Engineer to join our growing team. You should have 3+ years in the field and be comfortable with selenium, manual testing, python, jira, test automation, api testing. We value problem solving and a growth mindset.",0,QA Engineer,Mobile Developer
"Experienced UI/UX Designer with a passion for building great products. 9 years working in related roles. Proficient in figma, mentoring, prototyping, usability testing, user research, wireframing. Known for strong communication and teamwork.","Join us as a UI/UX Designer and make an impact from day one. Requirements: at least 2 years of relevant experience, with hands-on skills in design systems, wireframing, interaction design, usability testing, adobe xd, prototyping, user research. Competitive salary and benefits offered.",0,UI/UX Designer,UI/UX Designer
"Detail-oriented DevOps Engineer with hands-on experience across projects. Brings 0 years of hands-on industry experience. Proficient in ansible, api testing, aws, bash, ci/cd, docker, jenkins, kubernetes, linux, manual testing, monitoring, terraform. Known for strong communication and teamwork.","Our company is looking for an experienced Cybersecurity Analyst to help us scale. The ideal candidate has 6+ years of experience and is skilled in linux, compliance, incident response, firewalls, risk assessment. We value problem solving and a growth mindset.",0,Cybersecurity Analyst,DevOps Engineer
"Motivated Cybersecurity Analyst eager to contribute technical expertise. Has 1 years of professional experience. Hands-on experience with compliance, firewalls, linux, network security, python, risk assessment. Continuously learning new tools and technologies.","We are hiring a DevOps Engineer to join our growing team. You should have 6+ years in the field and be comfortable with ansible, aws, monitoring, kubernetes, ci/cd. Competitive salary and benefits offered.",0,DevOps Engineer,Cybersecurity Analyst
"Experienced QA Engineer with a passion for building great products. Has 8 years of professional experience. Proficient in api testing, jira, manual testing, problem solving, regression testing, selenium, teamwork, test automation, test case design. Comfortable working independently or in a team.","We are hiring a Backend Developer to join our growing team. You should have 7+ years in the field and be comfortable with git, django, celery, unit testing, postgresql, python. We value problem solving and a growth mindset.",0,Backend Developer,QA Engineer
"Mobile Developer with a proven track record of delivering results. Brings 6 years of hands-on industry experience. Hands-on experience with android, flutter, kotlin, leadership, mobile ui design, react native, rest api. Known for strong communication and teamwork.","We are hiring a Data Scientist to join our growing team. The ideal candidate has 1+ years of experience and is skilled in sql, data visualization, python, jupyter, classification, regression, feature engineering. Competitive salary and benefits offered.",0,Data Scientist,Mobile Developer
"Data Scientist with a proven track record of delivering results. Has 8 years of professional experience. Proficient in a/b testing, classification, data visualization, jupyter, machine learning, microservices, redis, scikit-learn, sql. Known for strong communication and teamwork.","We are hiring a Data Analyst to join our growing team. You should have 4+ years in the field and be comfortable with data visualization, python, power bi, statistics, pandas. Strong communication and teamwork are a plus.",0,Data Analyst,Data Scientist
"Experienced Cybersecurity Analyst with a passion for building great products. Has 10 years of professional experience. Hands-on experience with ansible, compliance, incident response, kubernetes, leadership, linux, risk assessment, siem. Comfortable working independently or in a team.","We are hiring a Data Scientist to join our growing team. Requirements: at least 5 years of relevant experience, with hands-on skills in sql, machine learning, jupyter, pandas, feature engineering. Competitive salary and benefits offered.",0,Data Scientist,Cybersecurity Analyst
"Motivated Product Manager eager to contribute technical expertise. Has 5 years of professional experience. Proficient in agile, communication, jira, leadership, product roadmap, scrum, stakeholder management, teamwork, user research. Comfortable working independently or in a team.","Our company is looking for an experienced Machine Learning Engineer to help us scale. Requirements: at least 1 years of relevant experience, with hands-on skills in feature engineering, aws, docker, model deployment, tensorflow, pytorch. We value problem solving and a growth mindset.",0,Machine Learning Engineer,Product Manager
"Motivated Cloud Engineer eager to contribute technical expertise. Brings 2 years of hands-on industry experience. Hands-on experience with aws, azure, ci/cd, cloud security, docker, gcp, linux, networking. Known for strong communication and teamwork.","Cybersecurity Analyst wanted for a fast-paced, collaborative environment. Requirements: at least 4 years of relevant experience, with hands-on skills in firewalls, penetration testing, compliance, siem, network security, risk assessment, linux. Competitive salary and benefits offered.",0,Cybersecurity Analyst,Cloud Engineer
"Experienced DevOps Engineer with a passion for building great products. 1 years working in related roles. Hands-on experience with ansible, aws, bash, ci/cd, docker, jenkins, linux, monitoring, networking, terraform. Comfortable working independently or in a team.","Cybersecurity Analyst wanted for a fast-paced, collaborative environment. The ideal candidate has 7+ years of experience and is skilled in firewalls, network security, penetration testing, linux, compliance. We value problem solving and a growth mindset.",0,Cybersecurity Analyst,DevOps Engineer
"Detail-oriented Frontend Developer with hands-on experience across projects. Brings 9 years of hands-on industry experience. Core skills include accessibility, css, git, javascript, redux, responsive design, rest api. Known for strong communication and teamwork.","We are hiring a Cybersecurity Analyst to join our growing team. You should have 5+ years in the field and be comfortable with linux, network security, risk assessment, siem, firewalls. We value problem solving and a growth mindset.",0,Cybersecurity Analyst,Frontend Developer
"Experienced Cloud Engineer with a passion for building great products. 9 years working in related roles. Core skills include aws, azure, ci/cd, cloud security, git, kubernetes, react native. Known for strong communication and teamwork.","We are hiring a Cloud Engineer to join our growing team. Requirements: at least 5 years of relevant experience, with hands-on skills in ci/cd, cloud security, aws, linux, azure, kubernetes, networking, terraform. Remote-friendly with flexible hours.",1,Cloud Engineer,Cloud Engineer
"Cloud Engineer with a proven track record of delivering results. Has 6 years of professional experience. Hands-on experience with a/b testing, azure, ci/cd, cloud security, docker, gcp, kubernetes, linux, networking, numpy, terraform. Known for strong communication and teamwork.","UI/UX Designer wanted for a fast-paced, collaborative environment. You should have 1+ years in the field and be comfortable with adobe xd, user research, interaction design, design systems, wireframing, figma. Strong communication and teamwork are a plus.",0,UI/UX Designer,Cloud Engineer
"Experienced Machine Learning Engineer with a passion for building great products. Has 0 years of professional experience. Hands-on experience with aws, classification, deep learning, feature engineering, mentoring, model deployment, problem solving, python, statistics. Known for strong communication and teamwork.","We are hiring a Product Manager to join our growing team. The ideal candidate has 4+ years of experience and is skilled in agile, stakeholder management, product strategy, scrum, data analysis, user research. Competitive salary and benefits offered.",0,Product Manager,Machine Learning Engineer
"Experienced Backend Developer with a passion for building great products. Brings 5 years of hands-on industry experience. Hands-on experience with ci/cd, django, flask, git, microservices, postgresql, redis, terraform, unit testing. Continuously learning new tools and technologies.","Join us as a Data Scientist and make an impact from day one. You should have 4+ years in the field and be comfortable with scikit-learn, python, jupyter, classification, statistics. Strong communication and teamwork are a plus.",0,Data Scientist,Backend Developer
"Product Manager with a proven track record of delivering results. Brings 10 years of hands-on industry experience. Proficient in agile, linux, problem solving, scrum, stakeholder management, terraform, user research. Known for strong communication and teamwork.","Our company is looking for an experienced Product Manager to help us scale. You should have 5+ years in the field and be comfortable with product strategy, communication, stakeholder management, user research, agile. Competitive salary and benefits offered.",1,Product Manager,Product Manager
"Detail-oriented UI/UX Designer with hands-on experience across projects. 9 years working in related roles. Core skills include adobe xd, design systems, figma, interaction design, mentoring, project management, prototyping, usability testing, user research, wireframing. Continuously learning new tools and technologies.","We are hiring a Data Analyst to join our growing team. You should have 6+ years in the field and be comfortable with sql, excel, data visualization, tableau, reporting. Strong communication and teamwork are a plus.",0,Data Analyst,UI/UX Designer
"Detail-oriented Product Manager with hands-on experience across projects. 6 years working in related roles. Hands-on experience with agile, communication, data analysis, jira, product roadmap, product strategy, stakeholder management, user research. Known for strong communication and teamwork.","Product Manager wanted for a fast-paced, collaborative environment. You should have 2+ years in the field and be comfortable with agile, user research, communication, product strategy, scrum, stakeholder management, data analysis, product roadmap. Strong communication and teamwork are a plus.",1,Product Manager,Product Manager
"Experienced Cybersecurity Analyst with a passion for building great products. Brings 8 years of hands-on industry experience. Proficient in design systems, incident response, linux, python, risk assessment, siem, time management, usability testing. Comfortable working independently or in a team.","Join us as a Cybersecurity Analyst and make an impact from day one. The ideal candidate has 4+ years of experience and is skilled in linux, compliance, siem, incident response, network security. Remote-friendly with flexible hours.",1,Cybersecurity Analyst,Cybersecurity Analyst
"Detail-oriented Data Analyst with hands-on experience across projects. Brings 8 years of hands-on industry experience. Proficient in communication, data visualization, excel, power bi, python, reporting, sql, statistics, tableau. Continuously learning new tools and technologies.","We are hiring a UI/UX Designer to join our growing team. You should have 3+ years in the field and be comfortable with user research, usability testing, interaction design, adobe xd, prototyping. We value problem solving and a growth mindset.",0,UI/UX Designer,Data Analyst
"Experienced Frontend Developer with a passion for building great products. Has 6 years of professional experience. Proficient in accessibility, communication, css, html, javascript, jira, react, redux, responsive design, rest api, typescript, webpack. Comfortable working independently or in a team.","Frontend Developer wanted for a fast-paced, collaborative environment. Requirements: at least 7 years of relevant experience, with hands-on skills in rest api, redux, git, react, html, responsive design. We value problem solving and a growth mindset.",1,Frontend Developer,Frontend Developer
"Data Analyst with a proven track record of delivering results. 10 years working in related roles. Core skills include data visualization, excel, python, sql. Continuously learning new tools and technologies.","We are hiring a Backend Developer to join our growing team. Requirements: at least 1 years of relevant experience, with hands-on skills in redis, rest api, microservices, postgresql, python. Strong communication and teamwork are a plus.",0,Backend Developer,Data Analyst
"Detail-oriented Data Scientist with hands-on experience across projects. Brings 7 years of hands-on industry experience. Proficient in classification, data visualization, feature engineering, jupyter, machine learning, numpy, python, regression, sql. Known for strong communication and teamwork.","Join us as a Frontend Developer and make an impact from day one. Requirements: at least 4 years of relevant experience, with hands-on skills in redux, css, typescript, rest api, javascript. Competitive salary and benefits offered.",0,Frontend Developer,Data Scientist
"Detail-oriented Product Manager with hands-on experience across projects. Has 1 years of professional experience. Proficient in agile, ci/cd, communication, jira, product strategy, scrum, selenium. Known for strong communication and teamwork.","We are hiring a Product Manager to join our growing team. The ideal candidate has 3+ years of experience and is skilled in user research, product roadmap, stakeholder management, communication, data analysis. We value problem solving and a growth mindset.",0,Product Manager,Product Manager
"Motivated UI/UX Designer eager to contribute technical expertise. 4 years working in related roles. Proficient in adobe xd, design systems, figma, prototyping, usability testing, wireframing. Continuously learning new tools and technologies.","Backend Developer wanted for a fast-paced, collaborative environment. The ideal candidate has 7+ years of experience and is skilled in python, docker, django, rest api, redis, microservices. Remote-friendly with flexible hours.",0,Backend Developer,UI/UX Designer
"Product Manager with a proven track record of delivering results. Has 2 years of professional experience. Proficient in accessibility, agile, communication, jira, responsive design, stakeholder management, user research. Known for strong communication and teamwork.","Product Manager wanted for a fast-paced, collaborative environment. Requirements: at least 4 years of relevant experience, with hands-on skills in product roadmap, scrum, jira, stakeholder management, product strategy, communication, data analysis. Strong communication and teamwork are a plus.",0,Product Manager,Product Manager
"Experienced Cybersecurity Analyst with a passion for building great products. Brings 6 years of hands-on industry experience. Proficient in compliance, incident response, linux, network security, penetration testing, python, risk assessment, siem. Continuously learning new tools and technologies.","Mobile Developer wanted for a fast-paced, collaborative environment. You should have 5+ years in the field and be comfortable with kotlin, ios, android, react native, git, mobile ui design. Remote-friendly with flexible hours.",0,Mobile Developer,Cybersecurity Analyst
"Mobile Developer with a proven track record of delivering results. Has 10 years of professional experience. Proficient in android, communication, git, mobile ui design, rest api, swift. Continuously learning new tools and technologies.","Join us as a Cybersecurity Analyst and make an impact from day one. You should have 4+ years in the field and be comfortable with compliance, python, incident response, firewalls, network security. Strong communication and teamwork are a plus.",0,Cybersecurity Analyst,Mobile Developer
"Motivated Frontend Developer eager to contribute technical expertise. Has 8 years of professional experience. Core skills include accessibility, css, git, html, react, redux, responsive design, rest api, typescript. Continuously learning new tools and technologies.","Join us as a UI/UX Designer and make an impact from day one. The ideal candidate has 5+ years of experience and is skilled in wireframing, prototyping, usability testing, user research, figma, design systems. Competitive salary and benefits offered.",0,UI/UX Designer,Frontend Developer
"Experienced UI/UX Designer with a passion for building great products. Brings 1 years of hands-on industry experience. Core skills include design systems, interaction design, prototyping, usability testing, user research, wireframing. Comfortable working independently or in a team.","Our company is looking for an experienced Machine Learning Engineer to help us scale. You should have 1+ years in the field and be comfortable with tensorflow, deep learning, python, mlops, model deployment. Remote-friendly with flexible hours.",0,Machine Learning Engineer,UI/UX Designer
"Detail-oriented Cloud Engineer with hands-on experience across projects. Brings 7 years of hands-on industry experience. Hands-on experience with aws, ci/cd, cloud security, docker, gcp, kubernetes, linux, networking. Known for strong communication and teamwork.","Join us as a Cloud Engineer and make an impact from day one. The ideal candidate has 4+ years of experience and is skilled in aws, linux, azure, gcp, ci/cd, kubernetes, terraform, docker. We value problem solving and a growth mindset.",1,Cloud Engineer,Cloud Engineer
"Detail-oriented Data Scientist with hands-on experience across projects. 6 years working in related roles. Hands-on experience with classification, feature engineering, jupyter, numpy, postgresql, python, redis, scikit-learn, statistics. Comfortable working independently or in a team.","We are hiring a Product Manager to join our growing team. You should have 4+ years in the field and be comfortable with communication, product strategy, data analysis, agile, jira, scrum, stakeholder management, product roadmap. Competitive salary and benefits offered.",0,Product Manager,Data Scientist
"Motivated Product Manager eager to contribute technical expertise. Brings 9 years of hands-on industry experience. Proficient in agile, aws, communication, data analysis, jira, networking, product strategy, scrum, stakeholder management, user research. Known for strong communication and teamwork.","Product Manager wanted for a fast-paced, collaborative environment. Requirements: at least 2 years of relevant experience, with hands-on skills in product roadmap, agile, product strategy, scrum, user research. Competitive salary and benefits offered.",1,Product Manager,Product Manager
"Motivated Mobile Developer eager to contribute technical expertise. 3 years working in related roles. Hands-on experience with flutter, git, kotlin, react native, rest api. Continuously learning new tools and technologies.","Product Manager wanted for a fast-paced, collaborative environment. The ideal candidate has 6+ years of experience and is skilled in data analysis, jira, agile, scrum, product roadmap. Competitive salary and benefits offered.",0,Product Manager,Mobile Developer
"Detail-oriented Product Manager with hands-on experience across projects. 1 years working in related roles. Core skills include bash, data analysis, jira, mentoring, product roadmap, scrum, stakeholder management, terraform, user research. Known for strong communication and teamwork.","Join us as a DevOps Engineer and make an impact from day one. You should have 6+ years in the field and be comfortable with ansible, jenkins, linux, networking, docker. Competitive salary and benefits offered.",1,DevOps Engineer,Product Manager
"Experienced Cloud Engineer with a passion for building great products. Has 8 years of professional experience. Core skills include aws, azure, ci/cd, cloud security, docker, jenkins, kubernetes, monitoring, networking. Comfortable working independently or in a team.","Join us as a Cloud Engineer and make an impact from day one. Requirements: at least 2 years of relevant experience, with hands-on skills in cloud security, terraform, docker, networking, aws, kubernetes, gcp. Strong communication and teamwork are a plus.",1,Cloud Engineer,Cloud Engineer
"Motivated Data Scientist eager to contribute technical expertise. Brings 8 years of hands-on industry experience. Proficient in a/b testing, classification, data visualization, docker, jupyter, leadership, machine learning, monitoring, pandas, regression. Known for strong communication and teamwork.","We are hiring a Data Scientist to join our growing team. The ideal candidate has 7+ years of experience and is skilled in a/b testing, machine learning, numpy, pandas, regression. Competitive salary and benefits offered.",1,Data Scientist,Data Scientist
"Motivated Frontend Developer eager to contribute technical expertise. Has 9 years of professional experience. Hands-on experience with accessibility, git, html, mentoring, redux, responsive design, rest api, teamwork, typescript. Known for strong communication and teamwork.","Join us as a Cloud Engineer and make an impact from day one. Requirements: at least 5 years of relevant experience, with hands-on skills in networking, aws, kubernetes, cloud security, docker, linux, terraform, azure. Competitive salary and benefits offered.",0,Cloud Engineer,Frontend Developer
"Motivated Product Manager eager to contribute technical expertise. Has 5 years of professional experience. Proficient in agile, communication, data analysis, mentoring, product roadmap, stakeholder management, user research. Known for strong communication and teamwork.","We are hiring a Product Manager to join our growing team. The ideal candidate has 7+ years of experience and is skilled in agile, jira, scrum, product roadmap, communication. Strong communication and teamwork are a plus.",0,Product Manager,Product Manager
"Motivated Mobile Developer eager to contribute technical expertise. 7 years working in related roles. Core skills include flutter, git, ios, jenkins, mobile ui design, monitoring, react native, rest api. Known for strong communication and teamwork.","Our company is looking for an experienced Mobile Developer to help us scale. You should have 5+ years in the field and be comfortable with mobile ui design, ios, flutter, rest api, git. Strong communication and teamwork are a plus.",1,Mobile Developer,Mobile Developer
"Detail-oriented Machine Learning Engineer with hands-on experience across projects. Brings 3 years of hands-on industry experience. Proficient in aws, docker, feature engineering, jupyter, leadership, machine learning, mlops, model deployment, pandas, problem solving, python, pytorch, sql, tensorflow. Continuously learning new tools and technologies.","Our company is looking for an experienced Frontend Developer to help us scale. You should have 2+ years in the field and be comfortable with rest api, html, redux, typescript, react, javascript, responsive design. Strong communication and teamwork are a plus.",0,Frontend Developer,Machine Learning Engineer
"Machine Learning Engineer with a proven track record of delivering results. 8 years working in related roles. Proficient in compliance, deep learning, docker, feature engineering, model deployment, python, pytorch, tensorflow. Comfortable working independently or in a team.","Mobile Developer wanted for a fast-paced, collaborative environment. Requirements: at least 4 years of relevant experience, with hands-on skills in mobile ui design, kotlin, flutter, ios, git, react native, rest api, android. Competitive salary and benefits offered.",1,Mobile Developer,Machine Learning Engineer
"Motivated Data Scientist eager to contribute technical expertise. 6 years working in related roles. Hands-on experience with a/b testing, classification, numpy, regression, scikit-learn, sql. Known for strong communication and teamwork.","Our company is looking for an experienced Frontend Developer to help us scale. You should have 4+ years in the field and be comfortable with react, responsive design, html, accessibility, css, redux, git, typescript. We value problem solving and a growth mindset.",0,Frontend Developer,Data Scientist
"Motivated DevOps Engineer eager to contribute technical expertise. Brings 9 years of hands-on industry experience. Core skills include bash, ci/cd, ios, monitoring, networking, react native. Continuously learning new tools and technologies.","Our company is looking for an experienced DevOps Engineer to help us scale. Requirements: at least 7 years of relevant experience, with hands-on skills in ci/cd, aws, linux, ansible, monitoring, kubernetes. Competitive salary and benefits offered.",0,DevOps Engineer,DevOps Engineer
"Frontend Developer with a proven track record of delivering results. Has 8 years of professional experience. Proficient in css, leadership, project management, redux, responsive design, rest api. Known for strong communication and teamwork.","Our company is looking for an experienced Mobile Developer to help us scale. You should have 1+ years in the field and be comfortable with android, git, react native, rest api, ios. We value problem solving and a growth mindset.",0,Mobile Developer,Frontend Developer
"Experienced Cybersecurity Analyst with a passion for building great products. Brings 3 years of hands-on industry experience. Core skills include communication, compliance, firewalls, incident response, linux, mentoring, penetration testing, python, siem. Known for strong communication and teamwork.","We are hiring a Backend Developer to join our growing team. Requirements: at least 1 years of relevant experience, with hands-on skills in postgresql, docker, python, unit testing, rest api, django. Remote-friendly with flexible hours.",0,Backend Developer,Cybersecurity Analyst
"UI/UX Designer with a proven track record of delivering results. Has 4 years of professional experience. Hands-on experience with adobe xd, design systems, interaction design, problem solving, usability testing, user research. Known for strong communication and teamwork.","Our company is looking for an experienced UI/UX Designer to help us scale. The ideal candidate has 7+ years of experience and is skilled in usability testing, figma, prototyping, adobe xd, user research. Strong communication and teamwork are a plus.",0,UI/UX Designer,UI/UX Designer
"Experienced Backend Developer with a passion for building great products. Has 10 years of professional experience. Proficient in django, docker, flask, git, microservices, project management. Comfortable working independently or in a team.","Join us as a Product Manager and make an impact from day one. The ideal candidate has 2+ years of experience and is skilled in product strategy, agile, communication, data analysis, user research, stakeholder management, product roadmap, scrum. We value problem solving and a growth mindset.",0,Product Manager,Backend Developer
"Motivated Machine Learning Engineer eager to contribute technical expertise. 7 years working in related roles. Proficient in ansible, aws, docker, machine learning, model deployment. Known for strong communication and teamwork.","Join us as a Frontend Developer and make an impact from day one. The ideal candidate has 3+ years of experience and is skilled in javascript, react, accessibility, responsive design, git, redux. We value problem solving and a growth mindset.",0,Frontend Developer,Machine Learning Engineer
"Motivated Data Scientist eager to contribute technical expertise. 5 years working in related roles. Core skills include classification, feature engineering, machine learning, numpy, pandas, python, sql, statistics. Known for strong communication and teamwork.","Join us as a Machine Learning Engineer and make an impact from day one. You should have 6+ years in the field and be comfortable with pytorch, deep learning, docker, python, model deployment, feature engineering. We value problem solving and a growth mindset.",0,Machine Learning Engineer,Data Scientist
"Motivated Backend Developer eager to contribute technical expertise. Has 0 years of professional experience. Hands-on experience with docker, leadership, postgresql, rest api, sql, unit testing. Known for strong communication and teamwork.","We are hiring a Cybersecurity Analyst to join our growing team. The ideal candidate has 4+ years of experience and is skilled in incident response, firewalls, siem, compliance, risk assessment. We value problem solving and a growth mindset.",1,Cybersecurity Analyst,Backend Developer
"Detail-oriented Mobile Developer with hands-on experience across projects. Has 0 years of professional experience. Proficient in flutter, git, mobile ui design, rest api, swift. Known for strong communication and teamwork.","Our company is looking for an experienced Mobile Developer to help us scale. You should have 4+ years in the field and be comfortable with rest api, kotlin, android, react native, git. Remote-friendly with flexible hours.",0,Mobile Developer,Mobile Developer
"Detail-oriented Cloud Engineer with hands-on experience across projects. Brings 10 years of hands-on industry experience. Core skills include aws, azure, kubernetes, terraform. Comfortable working independently or in a team.","We are hiring a Cloud Engineer to join our growing team. The ideal candidate has 7+ years of experience and is skilled in kubernetes, cloud security, docker, networking, azure. Competitive salary and benefits offered.",0,Cloud Engineer,Cloud Engineer
"Data Scientist with a proven track record of delivering results. Has 0 years of professional experience. Hands-on experience with classification, jupyter, pandas, python. Comfortable working independently or in a team.","We are hiring a Data Analyst to join our growing team. The ideal candidate has 4+ years of experience and is skilled in a/b testing, data visualization, pandas, power bi, tableau, excel, python, reporting. Competitive salary and benefits offered.",0,Data Analyst,Data Scientist
"Experienced Cybersecurity Analyst with a passion for building great products. Has 7 years of professional experience. Hands-on experience with compliance, firewalls, linux, network security, risk assessment, siem. Known for strong communication and teamwork.","We are hiring a Backend Developer to join our growing team. You should have 5+ years in the field and be comfortable with docker, sql, django, git, flask, rest api, redis, python. Strong communication and teamwork are a plus.",0,Backend Developer,Cybersecurity Analyst
"Detail-oriented Machine Learning Engineer with hands-on experience across projects. Brings 5 years of hands-on industry experience. Hands-on experience with deep learning, docker, feature engineering, machine learning, mlops, model deployment, python, pytorch, sql, tensorflow. Comfortable working independently or in a team.","Backend Developer wanted for a fast-paced, collaborative environment. Requirements: at least 7 years of relevant experience, with hands-on skills in python, git, rest api, postgresql, django, celery. Competitive salary and benefits offered.",0,Backend Developer,Machine Learning Engineer
"Detail-oriented Mobile Developer with hands-on experience across projects. Has 2 years of professional experience. Proficient in git, ios, kotlin, mobile ui design, react native, rest api, swift. Known for strong communication and teamwork.","Our company is looking for an experienced Mobile Developer to help us scale. You should have 2+ years in the field and be comfortable with ios, kotlin, react native, swift, android. Remote-friendly with flexible hours.",1,Mobile Developer,Mobile Developer
"Motivated Backend Developer eager to contribute technical expertise. 10 years working in related roles. Proficient in celery, django, docker, python, rest api, sql. Comfortable working independently or in a team.","Join us as a QA Engineer and make an impact from day one. You should have 1+ years in the field and be comfortable with jira, selenium, manual testing, api testing, test case design, test automation, python, regression testing. Remote-friendly with flexible hours.",0,QA Engineer,Backend Developer
"Detail-oriented Product Manager with hands-on experience across projects. 6 years working in related roles. Hands-on experience with agile, communication, data analysis, jira, product roadmap, product strategy, stakeholder management. Continuously learning new tools and technologies.","We are hiring a Cybersecurity Analyst to join our growing team. You should have 5+ years in the field and be comfortable with firewalls, penetration testing, network security, compliance, risk assessment. Competitive salary and benefits offered.",0,Cybersecurity Analyst,Product Manager
"Data Analyst with a proven track record of delivering results. Has 10 years of professional experience. Proficient in leadership, pandas, power bi, problem solving, python, reporting, sql, statistics, tableau. Comfortable working independently or in a team.","QA Engineer wanted for a fast-paced, collaborative environment. The ideal candidate has 5+ years of experience and is skilled in selenium, manual testing, api testing, python, ci/cd, test automation, jira, test case design. We value problem solving and a growth mindset.",1,QA Engineer,Data Analyst
"Detail-oriented Mobile Developer with hands-on experience across projects. Brings 8 years of hands-on industry experience. Core skills include android, flutter, git, ios, kotlin, mobile ui design, react native, rest api, swift. Continuously learning new tools and technologies.","Mobile Developer wanted for a fast-paced, collaborative environment. The ideal candidate has 6+ years of experience and is skilled in kotlin, mobile ui design, ios, swift, git, flutter. Strong communication and teamwork are a plus.",1,Mobile Developer,Mobile Developer
"Backend Developer with a proven track record of delivering results. Brings 2 years of hands-on industry experience. Hands-on experience with docker, git, postgresql, redis. Known for strong communication and teamwork.","Our company is looking for an experienced Backend Developer to help us scale. The ideal candidate has 1+ years of experience and is skilled in postgresql, unit testing, redis, rest api, git, sql, flask, microservices. Strong communication and teamwork are a plus.",0,Backend Developer,Backend Developer
"Product Manager with a proven track record of delivering results. 5 years working in related roles. Proficient in data analysis, jira, product strategy, project management, stakeholder management, user research. Comfortable working independently or in a team.","Our company is looking for an experienced QA Engineer to help us scale. You should have 3+ years in the field and be comfortable with selenium, manual testing, test case design, python, jira. Remote-friendly with flexible hours.",0,QA Engineer,Product Manager
"Detail-oriented Backend Developer with hands-on experience across projects. Brings 9 years of hands-on industry experience. Hands-on experience with adobe xd, celery, django, docker, flask, git, microservices, postgresql, usability testing. Known for strong communication and teamwork.","Join us as a Backend Developer and make an impact from day one. Requirements: at least 2 years of relevant experience, with hands-on skills in django, postgresql, docker, python, git, sql, redis, celery. We value problem solving and a growth mindset.",1,Backend Developer,Backend Developer
"Product Manager with a proven track record of delivering results. Brings 9 years of hands-on industry experience. Hands-on experience with agile, aws, data analysis, gcp, scrum, stakeholder management, user research. Comfortable working independently or in a team.","Our company is looking for an experienced Product Manager to help us scale. You should have 1+ years in the field and be comfortable with product roadmap, user research, stakeholder management, product strategy, scrum, agile, communication, jira. Competitive salary and benefits offered.",0,Product Manager,Product Manager
"Backend Developer with a proven track record of delivering results. Has 10 years of professional experience. Hands-on experience with celery, django, microservices, python, redis, sql, teamwork, unit testing. Comfortable working independently or in a team.","Our company is looking for an experienced Cloud Engineer to help us scale. You should have 4+ years in the field and be comfortable with cloud security, aws, networking, azure, gcp, terraform. Remote-friendly with flexible hours.",0,Cloud Engineer,Backend Developer
"Motivated Data Scientist eager to contribute technical expertise. Brings 3 years of hands-on industry experience. Proficient in data visualization, machine learning, mentoring, numpy, prototyping, regression, statistics, wireframing. Continuously learning new tools and technologies.","We are hiring a DevOps Engineer to join our growing team. Requirements: at least 5 years of relevant experience, with hands-on skills in jenkins, docker, linux, aws, kubernetes, bash, monitoring, terraform. Competitive salary and benefits offered.",0,DevOps Engineer,Data Scientist
"Detail-oriented Cloud Engineer with hands-on experience across projects. Brings 6 years of hands-on industry experience. Hands-on experience with aws, azure, ci/cd, cloud security, docker, gcp, kubernetes, linux, networking, terraform. Comfortable working independently or in a team.","We are hiring a Backend Developer to join our growing team. You should have 5+ years in the field and be comfortable with celery, git, django, unit testing, flask, postgresql, redis, sql. Strong communication and teamwork are a plus.",0,Backend Developer,Cloud Engineer
"Experienced Cloud Engineer with a passion for building great products. Brings 6 years of hands-on industry experience. Proficient in aws, azure, cloud security, docker, gcp, kubernetes, leadership, linux, networking, teamwork. Known for strong communication and teamwork.","Cloud Engineer wanted for a fast-paced, collaborative environment. You should have 5+ years in the field and be comfortable with cloud security, networking, linux, gcp, docker, terraform. Strong communication and teamwork are a plus.",1,Cloud Engineer,Cloud Engineer
"Detail-oriented QA Engineer with hands-on experience across projects. Brings 4 years of hands-on industry experience. Hands-on experience with adobe xd, api testing, ci/cd, communication, interaction design, leadership, manual testing, python, regression testing, selenium, test automation, test case design. Comfortable working independently or in a team.","Join us as a QA Engineer and make an impact from day one. You should have 2+ years in the field and be comfortable with python, jira, selenium, api testing, manual testing. We value problem solving and a growth mindset.",1,QA Engineer,QA Engineer
"Mobile Developer with a proven track record of delivering results. 6 years working in related roles. Proficient in android, flutter, git, ios, jira, problem solving, product roadmap, react native, rest api, swift, teamwork. Comfortable working independently or in a team.","Cybersecurity Analyst wanted for a fast-paced, collaborative environment. Requirements: at least 1 years of relevant experience, with hands-on skills in python, compliance, incident response, network security, penetration testing, linux, siem, firewalls. Remote-friendly with flexible hours.",0,Cybersecurity Analyst,Mobile Developer
"Detail-oriented Machine Learning Engineer with hands-on experience across projects. 6 years working in related roles. Hands-on experience with aws, deep learning, docker, pytorch, tensorflow. Comfortable working independently or in a team.","We are hiring a Machine Learning Engineer to join our growing team. You should have 1+ years in the field and be comfortable with pytorch, model deployment, mlops, feature engineering, deep learning. Remote-friendly with flexible hours.",0,Machine Learning Engineer,Machine Learning Engineer
"Product Manager with a proven track record of delivering results. Has 8 years of professional experience. Proficient in adobe xd, communication, data analysis, jira, product roadmap, product strategy, prototyping, user research. Known for strong communication and teamwork.","We are hiring a Frontend Developer to join our growing team. The ideal candidate has 3+ years of experience and is skilled in git, react, webpack, javascript, responsive design, rest api, accessibility. Competitive salary and benefits offered.",0,Frontend Developer,Product Manager
"Frontend Developer with a proven track record of delivering results. Brings 5 years of hands-on industry experience. Core skills include accessibility, css, rest api, typescript. Continuously learning new tools and technologies.","Join us as a Data Analyst and make an impact from day one. The ideal candidate has 6+ years of experience and is skilled in sql, python, reporting, excel, data visualization, tableau, power bi, a/b testing. We value problem solving and a growth mindset.",0,Data Analyst,Frontend Developer
"Detail-oriented QA Engineer with hands-on experience across projects. Brings 10 years of hands-on industry experience. Core skills include api testing, communication, manual testing, mentoring, python, test case design. Continuously learning new tools and technologies.","QA Engineer wanted for a fast-paced, collaborative environment. You should have 3+ years in the field and be comfortable with ci/cd, regression testing, jira, api testing, selenium. We value problem solving and a growth mindset.",0,QA Engineer,QA Engineer
"Detail-oriented Product Manager with hands-on experience across projects. Brings 1 years of hands-on industry experience. Hands-on experience with agile, communication, data analysis, jira, leadership, product roadmap, product strategy, scrum, stakeholder management, time management, user research. Known for strong communication and teamwork.","Join us as a UI/UX Designer and make an impact from day one. Requirements: at least 2 years of relevant experience, with hands-on skills in usability testing, design systems, wireframing, adobe xd, figma, prototyping, user research, interaction design. Remote-friendly with flexible hours.",0,UI/UX Designer,Product Manager
"Detail-oriented Machine Learning Engineer with hands-on experience across projects. Brings 1 years of hands-on industry experience. Core skills include deep learning, docker, feature engineering, project management, pytorch, sql, tensorflow, terraform. Continuously learning new tools and technologies.","Our company is looking for an experienced Data Scientist to help us scale. The ideal candidate has 3+ years of experience and is skilled in a/b testing, sql, scikit-learn, python, machine learning. Remote-friendly with flexible hours.",0,Data Scientist,Machine Learning Engineer
"Motivated QA Engineer eager to contribute technical expertise. Has 10 years of professional experience. Hands-on experience with api testing, ci/cd, jira, manual testing, python, regression testing, selenium, test automation, test case design. Continuously learning new tools and technologies.","Join us as a Backend Developer and make an impact from day one. The ideal candidate has 3+ years of experience and is skilled in postgresql, flask, sql, microservices, unit testing, celery, redis, docker. We value problem solving and a growth mindset.",0,Backend Developer,QA Engineer
"Detail-oriented Cloud Engineer with hands-on experience across projects. 1 years working in related roles. Core skills include aws, ci/cd, cloud security, communication, gcp, linux, terraform. Known for strong communication and teamwork.","Our company is looking for an experienced Cloud Engineer to help us scale. You should have 5+ years in the field and be comfortable with ci/cd, cloud security, docker, networking, linux, terraform, kubernetes, gcp. Strong communication and teamwork are a plus.",0,Cloud Engineer,Cloud Engineer
"Cybersecurity Analyst with a proven track record of delivering results. Has 3 years of professional experience. Proficient in compliance, firewalls, incident response, linux, network security, penetration testing, risk assessment, siem. Known for strong communication and teamwork.","We are hiring a DevOps Engineer to join our growing team. The ideal candidate has 7+ years of experience and is skilled in bash, monitoring, aws, ci/cd, kubernetes, terraform. Strong communication and teamwork are a plus.",0,DevOps Engineer,Cybersecurity Analyst
"Experienced Data Scientist with a passion for building great products. Has 6 years of professional experience. Hands-on experience with a/b testing, classification, feature engineering, jupyter. Known for strong communication and teamwork.","Join us as a Data Scientist and make an impact from day one. Requirements: at least 4 years of relevant experience, with hands-on skills in scikit-learn, numpy, python, feature engineering, pandas, sql. Strong communication and teamwork are a plus.",0,Data Scientist,Data Scientist
"Experienced Backend Developer with a passion for building great products. Has 1 years of professional experience. Proficient in celery, data visualization, django, docker, git, microservices, python, sql, statistics, unit testing. Continuously learning new tools and technologies.","DevOps Engineer wanted for a fast-paced, collaborative environment. You should have 3+ years in the field and be comfortable with jenkins, kubernetes, terraform, docker, linux, bash, ansible. We value problem solving and a growth mindset.",0,DevOps Engineer,Backend Developer
"Data Scientist with a proven track record of delivering results. Brings 1 years of hands-on industry experience. Proficient in a/b testing, classification, communication, feature engineering, jupyter, machine learning, python, regression, sql, statistics, teamwork. Comfortable working independently or in a team.","Join us as a Data Scientist and make an impact from day one. Requirements: at least 5 years of relevant experience, with hands-on skills in classification, sql, numpy, python, statistics, machine learning, feature engineering, jupyter. Strong communication and teamwork are a plus.",0,Data Scientist,Data Scientist
"Experienced Data Analyst with a passion for building great products. Brings 8 years of hands-on industry experience. Hands-on experience with data visualization, excel, pandas, power bi, python, sql, statistics, tableau. Continuously learning new tools and technologies.","Our company is looking for an experienced Backend Developer to help us scale. Requirements: at least 3 years of relevant experience, with hands-on skills in microservices, celery, sql, git, python, redis, docker, unit testing. Remote-friendly with flexible hours.",0,Backend Developer,Data Analyst
"Detail-oriented QA Engineer with hands-on experience across projects. Has 2 years of professional experience. Core skills include jira, manual testing, pandas, python, reporting, test automation. Known for strong communication and teamwork.","Mobile Developer wanted for a fast-paced, collaborative environment. Requirements: at least 2 years of relevant experience, with hands-on skills in flutter, swift, android, react native, ios. Strong communication and teamwork are a plus.",0,Mobile Developer,QA Engineer
"Detail-oriented Cybersecurity Analyst with hands-on experience across projects. Brings 2 years of hands-on industry experience. Hands-on experience with compliance, firewalls, incident response, jira, leadership, linux, network security, penetration testing, python, risk assessment, scrum, siem. Continuously learning new tools and technologies.","Join us as a Data Scientist and make an impact from day one. Requirements: at least 4 years of relevant experience, with hands-on skills in numpy, pandas, data visualization, statistics, a/b testing, jupyter, python. Competitive salary and benefits offered.",0,Data Scientist,Cybersecurity Analyst
"Experienced Backend Developer with a passion for building great products. 9 years working in related roles. Proficient in django, docker, flask, microservices, python, time management, unit testing. Known for strong communication and teamwork.","Data Scientist wanted for a fast-paced, collaborative environment. You should have 5+ years in the field and be comfortable with regression, classification, statistics, machine learning, numpy, pandas, sql. Competitive salary and benefits offered.",0,Data Scientist,Backend Developer
"UI/UX Designer with a proven track record of delivering results. Has 8 years of professional experience. Hands-on experience with adobe xd, figma, interaction design, prototyping, usability testing, user research. Comfortable working independently or in a team.","Join us as a DevOps Engineer and make an impact from day one. The ideal candidate has 3+ years of experience and is skilled in jenkins, terraform, docker, monitoring, kubernetes, networking, linux. We value problem solving and a growth mindset.",0,DevOps Engineer,UI/UX Designer
"Experienced DevOps Engineer with a passion for building great products. Brings 1 years of hands-on industry experience. Proficient in ansible, aws, bash, ci/cd, docker, jenkins, kubernetes, linux, networking, terraform. Comfortable working independently or in a team.","DevOps Engineer wanted for a fast-paced, collaborative environment. The ideal candidate has 7+ years of experience and is skilled in aws, jenkins, kubernetes, bash, terraform. Remote-friendly with flexible hours.",0,DevOps Engineer,DevOps Engineer
"Motivated Cybersecurity Analyst eager to contribute technical expertise. 8 years working in related roles. Hands-on experience with compliance, firewalls, network security, penetration testing. Comfortable working independently or in a team.","Join us as a Data Scientist and make an impact from day one. The ideal candidate has 1+ years of experience and is skilled in scikit-learn, data visualization, python, a/b testing, numpy, classification, feature engineering. Remote-friendly with flexible hours.",0,Data Scientist,Cybersecurity Analyst
"DevOps Engineer with a proven track record of delivering results. 1 years working in related roles. Proficient in bash, jenkins, kubernetes, linux, mentoring, monitoring, project management, prototyping, terraform, user research. Known for strong communication and teamwork.","Our company is looking for an experienced DevOps Engineer to help us scale. Requirements: at least 5 years of relevant experience, with hands-on skills in bash, ansible, monitoring, jenkins, terraform, networking. Competitive salary and benefits offered.",0,DevOps Engineer,DevOps Engineer
"Machine Learning Engineer with a proven track record of delivering results. 9 years working in related roles. Core skills include aws, deep learning, docker, leadership, machine learning, mlops, model deployment, problem solving, python, pytorch, sql, tensorflow. Comfortable working independently or in a team.","Our company is looking for an experienced Data Scientist to help us scale. The ideal candidate has 6+ years of experience and is skilled in statistics, jupyter, feature engineering, a/b testing, sql, scikit-learn. Remote-friendly with flexible hours.",0,Data Scientist,Machine Learning Engineer
"Data Analyst with a proven track record of delivering results. 3 years working in related roles. Proficient in a/b testing, cloud security, data visualization, kubernetes, leadership, pandas, power bi, problem solving, reporting, sql. Continuously learning new tools and technologies.","Cloud Engineer wanted for a fast-paced, collaborative environment. Requirements: at least 7 years of relevant experience, with hands-on skills in ci/cd, docker, gcp, linux, azure, terraform. We value problem solving and a growth mindset.",1,Cloud Engineer,Data Analyst
"Backend Developer with a proven track record of delivering results. 2 years working in related roles. Proficient in communication, django, docker, flask, git, python, redis, time management, unit testing. Comfortable working independently or in a team.","We are hiring a Data Analyst to join our growing team. The ideal candidate has 6+ years of experience and is skilled in excel, sql, reporting, data visualization, statistics, power bi, pandas. Strong communication and teamwork are a plus.",0,Data Analyst,Backend Developer
"Motivated UI/UX Designer eager to contribute technical expertise. Brings 5 years of hands-on industry experience. Hands-on experience with adobe xd, design systems, figma, interaction design, power bi, prototyping, tableau, wireframing. Continuously learning new tools and technologies.","Our company is looking for an experienced Data Analyst to help us scale. The ideal candidate has 1+ years of experience and is skilled in data visualization, python, excel, a/b testing, reporting, sql. Remote-friendly with flexible hours.",0,Data Analyst,UI/UX Designer
"Motivated DevOps Engineer eager to contribute technical expertise. Has 4 years of professional experience. Proficient in aws, bash, ci/cd, communication, docker, jenkins, kubernetes, linux, networking, terraform. Known for strong communication and teamwork.","We are hiring a Mobile Developer to join our growing team. Requirements: at least 5 years of relevant experience, with hands-on skills in swift, git, mobile ui design, ios, kotlin, react native, flutter. Competitive salary and benefits offered.",0,Mobile Developer,DevOps Engineer
"Experienced Data Analyst with a passion for building great products. 9 years working in related roles. Proficient in data visualization, excel, pandas, power bi, python, sql, tableau. Comfortable working independently or in a team.","Cloud Engineer wanted for a fast-paced, collaborative environment. You should have 6+ years in the field and be comfortable with azure, cloud security, docker, kubernetes, linux, aws, ci/cd. We value problem solving and a growth mindset.",0,Cloud Engineer,Data Analyst
"Motivated Product Manager eager to contribute technical expertise. Brings 2 years of hands-on industry experience. Proficient in agile, communication, data analysis, mentoring, problem solving, scrum, sql, stakeholder management, tableau, user research. Known for strong communication and teamwork.","Cloud Engineer wanted for a fast-paced, collaborative environment. The ideal candidate has 4+ years of experience and is skilled in azure, ci/cd, networking, kubernetes, terraform. We value problem solving and a growth mindset.",0,Cloud Engineer,Product Manager
"Experienced Data Analyst with a passion for building great products. 1 years working in related roles. Proficient in a/b testing, excel, linux, pandas, power bi, python, sql, statistics, terraform. Continuously learning new tools and technologies.","Our company is looking for an experienced Data Analyst to help us scale. Requirements: at least 3 years of relevant experience, with hands-on skills in excel, reporting, tableau, pandas, power bi. We value problem solving and a growth mindset.",1,Data Analyst,Data Analyst
"Detail-oriented QA Engineer with hands-on experience across projects. Brings 9 years of hands-on industry experience. Hands-on experience with api testing, git, javascript, jira, problem solving, python, regression testing, selenium, teamwork. Known for strong communication and teamwork.","Join us as a QA Engineer and make an impact from day one. You should have 5+ years in the field and be comfortable with regression testing, python, test automation, api testing, test case design. Competitive salary and benefits offered.",1,QA Engineer,QA Engineer
"Experienced Data Analyst with a passion for building great products. Has 3 years of professional experience. Proficient in excel, leadership, mentoring, pandas, power bi, python, reporting, sql, statistics, tableau. Comfortable working independently or in a team.","We are hiring a Product Manager to join our growing team. You should have 7+ years in the field and be comfortable with user research, scrum, stakeholder management, product roadmap, agile, communication, jira, data analysis. We value problem solving and a growth mindset.",0,Product Manager,Data Analyst
"Motivated Cybersecurity Analyst eager to contribute technical expertise. 9 years working in related roles. Hands-on experience with compliance, data visualization, incident response, network security, pandas, python, risk assessment, siem. Comfortable working independently or in a team.","We are hiring a Frontend Developer to join our growing team. You should have 5+ years in the field and be comfortable with accessibility, git, html, react, rest api. Remote-friendly with flexible hours.",0,Frontend Developer,Cybersecurity Analyst
"Motivated UI/UX Designer eager to contribute technical expertise. Brings 2 years of hands-on industry experience. Core skills include adobe xd, design systems, interaction design, prototyping, wireframing. Known for strong communication and teamwork.","Mobile Developer wanted for a fast-paced, collaborative environment. The ideal candidate has 7+ years of experience and is skilled in kotlin, rest api, react native, git, swift, flutter. Remote-friendly with flexible hours.",0,Mobile Developer,UI/UX Designer
"Experienced Cybersecurity Analyst with a passion for building great products. Has 8 years of professional experience. Core skills include compliance, ios, linux, network security, penetration testing, python, react native. Comfortable working independently or in a team.","Our company is looking for an experienced Cloud Engineer to help us scale. You should have 5+ years in the field and be comfortable with gcp, linux, cloud security, aws, networking, azure. Competitive salary and benefits offered.",0,Cloud Engineer,Cybersecurity Analyst
"Frontend Developer with a proven track record of delivering results. Has 5 years of professional experience. Proficient in accessibility, git, html, leadership, responsive design, rest api. Continuously learning new tools and technologies.","Our company is looking for an experienced Cybersecurity Analyst to help us scale. The ideal candidate has 1+ years of experience and is skilled in network security, penetration testing, firewalls, python, linux, siem. Competitive salary and benefits offered.",0,Cybersecurity Analyst,Frontend Developer
"Experienced Cloud Engineer with a passion for building great products. Brings 9 years of hands-on industry experience. Hands-on experience with aws, azure, cloud security, docker, kubernetes, linux, networking, python, redis. Continuously learning new tools and technologies.","We are hiring a Data Analyst to join our growing team. Requirements: at least 6 years of relevant experience, with hands-on skills in statistics, python, a/b testing, excel, sql. We value problem solving and a growth mindset.",0,Data Analyst,Cloud Engineer
"Experienced Backend Developer with a passion for building great products. 7 years working in related roles. Proficient in celery, django, docker, git, microservices, problem solving, python, redis, sql, unit testing. Comfortable working independently or in a team.","We are hiring a Backend Developer to join our growing team. The ideal candidate has 2+ years of experience and is skilled in sql, docker, microservices, python, flask, celery, postgresql, redis. Competitive salary and benefits offered.",1,Backend Developer,Backend Developer
"Data Analyst with a proven track record of delivering results. 9 years working in related roles. Proficient in a/b testing, data visualization, excel, pandas, python, reporting, sql, tableau. Continuously learning new tools and technologies.","Join us as a Data Analyst and make an impact from day one. Requirements: at least 5 years of relevant experience, with hands-on skills in statistics, reporting, sql, tableau, excel, a/b testing, data visualization, pandas. Competitive salary and benefits offered.",1,Data Analyst,Data Analyst
"Motivated Frontend Developer eager to contribute technical expertise. Brings 5 years of hands-on industry experience. Hands-on experience with accessibility, css, html, typescript. Known for strong communication and teamwork.","Our company is looking for an experienced Data Scientist to help us scale. Requirements: at least 7 years of relevant experience, with hands-on skills in feature engineering, a/b testing, sql, numpy, data visualization, scikit-learn, pandas. We value problem solving and a growth mindset.",0,Data Scientist,Frontend Developer
"Detail-oriented Backend Developer with hands-on experience across projects. Has 4 years of professional experience. Core skills include celery, django, docker, flask, microservices, redis, rest api, sql, unit testing. Continuously learning new tools and technologies.","Our company is looking for an experienced Cloud Engineer to help us scale. You should have 4+ years in the field and be comfortable with ci/cd, linux, azure, kubernetes, docker. We value problem solving and a growth mindset.",1,Cloud Engineer,Backend Developer
"Detail-oriented Product Manager with hands-on experience across projects. 7 years working in related roles. Hands-on experience with agile, communication, data analysis, jira, problem solving, product roadmap, scrum, teamwork, user research. Continuously learning new tools and technologies.","We are hiring a Cloud Engineer to join our growing team. You should have 1+ years in the field and be comfortable with terraform, cloud security, docker, azure, aws, networking. Competitive salary and benefits offered.",0,Cloud Engineer,Product Manager
"Motivated UI/UX Designer eager to contribute technical expertise. 0 years working in related roles. Core skills include adobe xd, design systems, figma, interaction design, mlops, prototyping, python, usability testing, user research, wireframing. Continuously learning new tools and technologies.","Machine Learning Engineer wanted for a fast-paced, collaborative environment. Requirements: at least 7 years of relevant experience, with hands-on skills in machine learning, mlops, deep learning, model deployment, tensorflow, docker, feature engineering. Remote-friendly with flexible hours.",0,Machine Learning Engineer,UI/UX Designer
"Data Analyst with a proven track record of delivering results. Has 4 years of professional experience. Proficient in a/b testing, data visualization, excel, pandas, power bi, python, reporting, sql, statistics, tableau. Comfortable working independently or in a team.","Join us as a Data Analyst and make an impact from day one. Requirements: at least 4 years of relevant experience, with hands-on skills in statistics, power bi, data visualization, a/b testing, pandas, python. Remote-friendly with flexible hours.",1,Data Analyst,Data Analyst
"Experienced Cybersecurity Analyst with a passion for building great products. Has 2 years of professional experience. Core skills include incident response, network security, risk assessment, siem. Continuously learning new tools and technologies.","Join us as a Machine Learning Engineer and make an impact from day one. The ideal candidate has 6+ years of experience and is skilled in docker, machine learning, python, sql, deep learning, aws, pytorch. Strong communication and teamwork are a plus.",0,Machine Learning Engineer,Cybersecurity Analyst
"Cybersecurity Analyst with a proven track record of delivering results. Brings 2 years of hands-on industry experience. Core skills include compliance, firewalls, incident response, linux, network security, penetration testing, python, risk assessment, siem. Comfortable working independently or in a team.","Join us as a Backend Developer and make an impact from day one. Requirements: at least 4 years of relevant experience, with hands-on skills in postgresql, flask, rest api, celery, sql, unit testing, django. Competitive salary and benefits offered.",0,Backend Developer,Cybersecurity Analyst
"Motivated Cloud Engineer eager to contribute technical expertise. Has 1 years of professional experience. Core skills include aws, azure, ci/cd, docker, gcp, html, kubernetes, linux, responsive design, terraform. Comfortable working independently or in a team.","We are hiring a QA Engineer to join our growing team. You should have 1+ years in the field and be comfortable with regression testing, jira, selenium, ci/cd, python, test automation, test case design, api testing. Competitive salary and benefits offered.",0,QA Engineer,Cloud Engineer
"Cybersecurity Analyst with a proven track record of delivering results. 10 years working in related roles. Hands-on experience with compliance, firewalls, incident response, linux, network security, penetration testing, project management, python, rest api, risk assessment, siem, webpack. Continuously learning new tools and technologies.","We are hiring a DevOps Engineer to join our growing team. The ideal candidate has 6+ years of experience and is skilled in jenkins, docker, terraform, ci/cd, ansible. Remote-friendly with flexible hours.",0,DevOps Engineer,Cybersecurity Analyst
"Experienced UI/UX Designer with a passion for building great products. Has 6 years of professional experience. Hands-on experience with adobe xd, communication, design systems, figma, interaction design, jenkins, networking, problem solving, prototyping, usability testing, user research, wireframing. Comfortable working independently or in a team.","Join us as a DevOps Engineer and make an impact from day one. The ideal candidate has 2+ years of experience and is skilled in aws, linux, bash, ci/cd, kubernetes, jenkins, ansible. We value problem solving and a growth mindset.",1,DevOps Engineer,UI/UX Designer
"Detail-oriented Frontend Developer with hands-on experience across projects. 7 years working in related roles. Core skills include css, html, redux, rest api. Continuously learning new tools and technologies.","We are hiring a Frontend Developer to join our growing team. Requirements: at least 1 years of relevant experience, with hands-on skills in git, responsive design, react, html, webpack, rest api, css, javascript. Strong communication and teamwork are a plus.",0,Frontend Developer,Frontend Developer
"Product Manager with a proven track record of delivering results. 6 years working in related roles. Core skills include agile, communication, linux, penetration testing, problem solving, scrum, user research. Known for strong communication and teamwork.","Our company is looking for an experienced QA Engineer to help us scale. The ideal candidate has 6+ years of experience and is skilled in python, regression testing, api testing, manual testing, selenium, test case design, test automation, ci/cd. We value problem solving and a growth mindset.",0,QA Engineer,Product Manager
"Detail-oriented Data Scientist with hands-on experience across projects. 2 years working in related roles. Proficient in classification, data visualization, feature engineering, incident response, machine learning, numpy, python, regression, scikit-learn, siem, sql, statistics. Continuously learning new tools and technologies.","Join us as a Data Scientist and make an impact from day one. You should have 3+ years in the field and be comfortable with scikit-learn, feature engineering, data visualization, classification, pandas, jupyter, machine learning, python. Remote-friendly with flexible hours.",1,Data Scientist,Data Scientist
"Experienced Machine Learning Engineer with a passion for building great products. 10 years working in related roles. Hands-on experience with aws, deep learning, firewalls, linux, machine learning, mlops, model deployment, project management, python, pytorch, tensorflow. Comfortable working independently or in a team.","UI/UX Designer wanted for a fast-paced, collaborative environment. Requirements: at least 6 years of relevant experience, with hands-on skills in prototyping, interaction design, usability testing, design systems, user research, wireframing, figma, adobe xd. Strong communication and teamwork are a plus.",0,UI/UX Designer,Machine Learning Engineer
"Detail-oriented DevOps Engineer with hands-on experience across projects. Brings 7 years of hands-on industry experience. Proficient in ansible, aws, bash, docker, jenkins, kubernetes, microservices, monitoring, problem solving, project management, rest api. Continuously learning new tools and technologies.","We are hiring a DevOps Engineer to join our growing team. The ideal candidate has 4+ years of experience and is skilled in monitoring, ansible, networking, linux, jenkins, kubernetes, docker. Strong communication and teamwork are a plus.",1,DevOps Engineer,DevOps Engineer
"Detail-oriented Cybersecurity Analyst with hands-on experience across projects. Brings 7 years of hands-on industry experience. Proficient in compliance, firewalls, linux, risk assessment. Continuously learning new tools and technologies.","Our company is looking for an experienced Mobile Developer to help us scale. The ideal candidate has 1+ years of experience and is skilled in kotlin, android, ios, rest api, flutter, mobile ui design. Remote-friendly with flexible hours.",0,Mobile Developer,Cybersecurity Analyst
"Detail-oriented UI/UX Designer with hands-on experience across projects. Brings 5 years of hands-on industry experience. Core skills include adobe xd, figma, mentoring, user research, wireframing. Comfortable working independently or in a team.","We are hiring a UI/UX Designer to join our growing team. You should have 2+ years in the field and be comfortable with prototyping, figma, interaction design, adobe xd, design systems, wireframing, user research. Competitive salary and benefits offered.",0,UI/UX Designer,UI/UX Designer
"Detail-oriented Mobile Developer with hands-on experience across projects. 5 years working in related roles. Proficient in android, flutter, git, ios, kotlin, mobile ui design, problem solving, react native, rest api, swift. Comfortable working independently or in a team.","Join us as a Mobile Developer and make an impact from day one. Requirements: at least 5 years of relevant experience, with hands-on skills in git, swift, flutter, mobile ui design, rest api, kotlin, ios. Competitive salary and benefits offered.",1,Mobile Developer,Mobile Developer
"UI/UX Designer with a proven track record of delivering results. Brings 0 years of hands-on industry experience. Core skills include adobe xd, design systems, figma, interaction design, problem solving, project management, prototyping, python, regression testing, user research, wireframing. Known for strong communication and teamwork.","Our company is looking for an experienced Data Scientist to help us scale. The ideal candidate has 4+ years of experience and is skilled in sql, scikit-learn, statistics, feature engineering, regression. Remote-friendly with flexible hours.",0,Data Scientist,UI/UX Designer
"Frontend Developer with a proven track record of delivering results. Brings 4 years of hands-on industry experience. Hands-on experience with accessibility, css, git, html, typescript, webpack. Comfortable working independently or in a team.","Frontend Developer wanted for a fast-paced, collaborative environment. You should have 5+ years in the field and be comfortable with webpack, css, accessibility, typescript, react, javascript, html, responsive design. Remote-friendly with flexible hours.",1,Frontend Developer,Frontend Developer
"Detail-oriented Machine Learning Engineer with hands-on experience across projects. 2 years working in related roles. Proficient in a/b testing, aws, deep learning, docker, feature engineering, mlops, model deployment, python, pytorch, statistics. Continuously learning new tools and technologies.","Machine Learning Engineer wanted for a fast-paced, collaborative environment. Requirements: at least 6 years of relevant experience, with hands-on skills in model deployment, aws, machine learning, feature engineering, deep learning. Remote-friendly with flexible hours.",0,Machine Learning Engineer,Machine Learning Engineer
"Experienced Cloud Engineer with a passion for building great products. Has 2 years of professional experience. Proficient in api testing, aws, azure, docker, gcp, kubernetes, linux, mentoring, networking, regression testing. Known for strong communication and teamwork.","We are hiring a Cloud Engineer to join our growing team. You should have 2+ years in the field and be comfortable with azure, terraform, gcp, aws, networking, docker, ci/cd. We value problem solving and a growth mindset.",1,Cloud Engineer,Cloud Engineer
"Detail-oriented Product Manager with hands-on experience across projects. Has 9 years of professional experience. Core skills include communication, product strategy, scrum, stakeholder management. Continuously learning new tools and technologies.","We are hiring a Product Manager to join our growing team. The ideal candidate has 7+ years of experience and is skilled in user research, jira, product roadmap, agile, communication, data analysis, scrum, product strategy. Competitive salary and benefits offered.",0,Product Manager,Product Manager
"QA Engineer with a proven track record of delivering results. 6 years working in related roles. Hands-on experience with ci/cd, jira, leadership, manual testing, python, selenium, test automation, test case design. Known for strong communication and teamwork.","UI/UX Designer wanted for a fast-paced, collaborative environment. The ideal candidate has 5+ years of experience and is skilled in figma, interaction design, prototyping, design systems, wireframing, adobe xd, usability testing, user research. Competitive salary and benefits offered.",1,UI/UX Designer,QA Engineer
"Detail-oriented DevOps Engineer with hands-on experience across projects. 4 years working in related roles. Proficient in ansible, bash, docker, firewalls, jenkins, monitoring, networking, penetration testing, terraform. Known for strong communication and teamwork.","We are hiring a DevOps Engineer to join our growing team. The ideal candidate has 2+ years of experience and is skilled in terraform, monitoring, networking, aws, bash, ci/cd. Competitive salary and benefits offered.",1,DevOps Engineer,DevOps Engineer
"UI/UX Designer with a proven track record of delivering results. Has 5 years of professional experience. Proficient in adobe xd, cloud security, design systems, docker, figma, interaction design, leadership, problem solving, user research, wireframing. Known for strong communication and teamwork.","Our company is looking for an experienced UI/UX Designer to help us scale. The ideal candidate has 3+ years of experience and is skilled in design systems, prototyping, user research, figma, adobe xd. Competitive salary and benefits offered.",1,UI/UX Designer,UI/UX Designer
"Detail-oriented Machine Learning Engineer with hands-on experience across projects. Brings 6 years of hands-on industry experience. Proficient in deep learning, docker, machine learning, model deployment, time management. Comfortable working independently or in a team.","We are hiring a Frontend Developer to join our growing team. The ideal candidate has 5+ years of experience and is skilled in javascript, html, accessibility, git, responsive design, css. We value problem solving and a growth mindset.",0,Frontend Developer,Machine Learning Engineer
"Experienced Frontend Developer with a passion for building great products. Has 2 years of professional experience. Hands-on experience with css, git, rest api, teamwork, typescript, webpack. Comfortable working independently or in a team.","Frontend Developer wanted for a fast-paced, collaborative environment. The ideal candidate has 3+ years of experience and is skilled in git, accessibility, redux, rest api, react, responsive design, javascript, webpack. Strong communication and teamwork are a plus.",0,Frontend Developer,Frontend Developer
"Motivated Data Scientist eager to contribute technical expertise. Brings 7 years of hands-on industry experience. Core skills include classification, data visualization, jupyter, machine learning, pandas, regression, sql. Known for strong communication and teamwork.","Our company is looking for an experienced Product Manager to help us scale. Requirements: at least 6 years of relevant experience, with hands-on skills in agile, product strategy, data analysis, communication, jira. Strong communication and teamwork are a plus.",0,Product Manager,Data Scientist
"Data Analyst with a proven track record of delivering results. Brings 2 years of hands-on industry experience. Proficient in a/b testing, communication, excel, pandas, power bi, python, reporting, sql, statistics, user research. Continuously learning new tools and technologies.","Join us as a Product Manager and make an impact from day one. The ideal candidate has 5+ years of experience and is skilled in user research, product roadmap, stakeholder management, scrum, communication, agile. Remote-friendly with flexible hours.",0,Product Manager,Data Analyst
"Detail-oriented Data Scientist with hands-on experience across projects. Has 1 years of professional experience. Core skills include jupyter, python, regression, sql, statistics. Comfortable working independently or in a team.","We are hiring a Product Manager to join our growing team. You should have 1+ years in the field and be comfortable with scrum, agile, product strategy, product roadmap, data analysis. Remote-friendly with flexible hours.",0,Product Manager,Data Scientist
"Backend Developer with a proven track record of delivering results. Has 4 years of professional experience. Proficient in django, feature engineering, flask, git, microservices, postgresql, redis, rest api, sql, teamwork. Comfortable working independently or in a team.","Our company is looking for an experienced UI/UX Designer to help us scale. You should have 3+ years in the field and be comfortable with user research, design systems, figma, interaction design, adobe xd, prototyping. Competitive salary and benefits offered.",0,UI/UX Designer,Backend Developer
"Motivated UI/UX Designer eager to contribute technical expertise. Has 6 years of professional experience. Hands-on experience with adobe xd, android, figma, interaction design, project management, prototyping, swift, time management, usability testing, user research, wireframing. Comfortable working independently or in a team.","Our company is looking for an experienced UI/UX Designer to help us scale. The ideal candidate has 6+ years of experience and is skilled in interaction design, design systems, usability testing, prototyping, wireframing, figma, user research. Competitive salary and benefits offered.",1,UI/UX Designer,UI/UX Designer
"UI/UX Designer with a proven track record of delivering results. Has 2 years of professional experience. Hands-on experience with adobe xd, design systems, docker, figma, interaction design, postgresql, prototyping, user research, wireframing. Comfortable working independently or in a team.","UI/UX Designer wanted for a fast-paced, collaborative environment. Requirements: at least 5 years of relevant experience, with hands-on skills in design systems, user research, interaction design, wireframing, prototyping, usability testing, figma, adobe xd. We value problem solving and a growth mindset.",0,UI/UX Designer,UI/UX Designer
"Frontend Developer with a proven track record of delivering results. Has 10 years of professional experience. Core skills include accessibility, css, git, javascript, react, redux, responsive design, rest api, webpack. Comfortable working independently or in a team.","We are hiring a Frontend Developer to join our growing team. The ideal candidate has 2+ years of experience and is skilled in git, typescript, react, rest api, html, css. Competitive salary and benefits offered.",1,Frontend Developer,Frontend Developer
"Experienced UI/UX Designer with a passion for building great products. 4 years working in related roles. Core skills include adobe xd, design systems, figma, interaction design, prototyping, teamwork, usability testing, user research, wireframing. Continuously learning new tools and technologies.","We are hiring a UI/UX Designer to join our growing team. The ideal candidate has 2+ years of experience and is skilled in figma, usability testing, adobe xd, interaction design, user research, design systems, prototyping. Strong communication and teamwork are a plus.",1,UI/UX Designer,UI/UX Designer
"Detail-oriented Machine Learning Engineer with hands-on experience across projects. Brings 6 years of hands-on industry experience. Core skills include api testing, aws, deep learning, docker, machine learning, mlops, model deployment, python, pytorch, regression testing, sql, tensorflow. Continuously learning new tools and technologies.","QA Engineer wanted for a fast-paced, collaborative environment. Requirements: at least 5 years of relevant experience, with hands-on skills in api testing, ci/cd, python, manual testing, test automation, test case design, regression testing, jira. Strong communication and teamwork are a plus.",0,QA Engineer,Machine Learning Engineer
"Frontend Developer with a proven track record of delivering results. Has 4 years of professional experience. Core skills include css, html, javascript, project management, typescript. Continuously learning new tools and technologies.","Our company is looking for an experienced Cybersecurity Analyst to help us scale. You should have 1+ years in the field and be comfortable with python, penetration testing, siem, compliance, linux. Remote-friendly with flexible hours.",0,Cybersecurity Analyst,Frontend Developer
"Experienced Product Manager with a passion for building great products. Has 2 years of professional experience. Proficient in agile, communication, data analysis, jira, product roadmap, product strategy, scrum, stakeholder management, user research. Comfortable working independently or in a team.","Cloud Engineer wanted for a fast-paced, collaborative environment. You should have 5+ years in the field and be comfortable with azure, linux, ci/cd, cloud security, terraform. Strong communication and teamwork are a plus.",0,Cloud Engineer,Product Manager
"Experienced Data Analyst with a passion for building great products. Has 10 years of professional experience. Core skills include a/b testing, data visualization, excel, pandas, power bi, python, reporting, sql, statistics, tableau. Comfortable working independently or in a team.","We are hiring a Cybersecurity Analyst to join our growing team. The ideal candidate has 7+ years of experience and is skilled in linux, firewalls, siem, risk assessment, incident response, python. Competitive salary and benefits offered.",0,Cybersecurity Analyst,Data Analyst
"Experienced QA Engineer with a passion for building great products. Has 1 years of professional experience. Proficient in api testing, docker, jira, manual testing, python, rest api, selenium, test automation, test case design. Known for strong communication and teamwork.","Join us as a QA Engineer and make an impact from day one. You should have 7+ years in the field and be comfortable with ci/cd, jira, selenium, api testing, regression testing, test case design. We value problem solving and a growth mindset.",0,QA Engineer,QA Engineer
"Detail-oriented UI/UX Designer with hands-on experience across projects. Has 7 years of professional experience. Hands-on experience with design systems, figma, usability testing, user research. Known for strong communication and teamwork.","Our company is looking for an experienced Frontend Developer to help us scale. Requirements: at least 7 years of relevant experience, with hands-on skills in css, git, html, react, redux, typescript. We value problem solving and a growth mindset.",0,Frontend Developer,UI/UX Designer
"Mobile Developer with a proven track record of delivering results. 10 years working in related roles. Hands-on experience with android, flutter, git, ios, kotlin, react native, swift. Comfortable working independently or in a team.","We are hiring a UI/UX Designer to join our growing team. You should have 2+ years in the field and be comfortable with user research, figma, usability testing, interaction design, adobe xd, design systems, wireframing. We value problem solving and a growth mindset.",0,UI/UX Designer,Mobile Developer
"Motivated UI/UX Designer eager to contribute technical expertise. Brings 2 years of hands-on industry experience. Proficient in adobe xd, design systems, interaction design, prototyping, user research, wireframing. Continuously learning new tools and technologies.","Join us as a Mobile Developer and make an impact from day one. You should have 6+ years in the field and be comfortable with swift, android, flutter, ios, rest api, git. Remote-friendly with flexible hours.",0,Mobile Developer,UI/UX Designer
"Detail-oriented QA Engineer with hands-on experience across projects. Brings 8 years of hands-on industry experience. Hands-on experience with api testing, jira, manual testing, python, regression testing, selenium, test automation, test case design. Continuously learning new tools and technologies.","Join us as a QA Engineer and make an impact from day one. Requirements: at least 1 years of relevant experience, with hands-on skills in ci/cd, test case design, selenium, api testing, regression testing. Remote-friendly with flexible hours.",1,QA Engineer,QA Engineer
"Motivated Machine Learning Engineer eager to contribute technical expertise. Brings 4 years of hands-on industry experience. Proficient in aws, deep learning, docker, feature engineering, machine learning, mlops, python, pytorch, sql, tensorflow. Continuously learning new tools and technologies.","Cloud Engineer wanted for a fast-paced, collaborative environment. The ideal candidate has 7+ years of experience and is skilled in cloud security, docker, networking, gcp, aws, ci/cd, azure. Remote-friendly with flexible hours.",0,Cloud Engineer,Machine Learning Engineer
"UI/UX Designer with a proven track record of delivering results. 0 years working in related roles. Proficient in adobe xd, design systems, figma, interaction design, prototyping, usability testing, user research, wireframing. Comfortable working independently or in a team.","We are hiring a UI/UX Designer to join our growing team. Requirements: at least 4 years of relevant experience, with hands-on skills in figma, user research, wireframing, design systems, interaction design, prototyping, usability testing, adobe xd. Remote-friendly with flexible hours.",0,UI/UX Designer,UI/UX Designer
"Experienced Mobile Developer with a passion for building great products. 6 years working in related roles. Hands-on experience with android, git, kotlin, mobile ui design, rest api, swift. Comfortable working independently or in a team.","Our company is looking for an experienced UI/UX Designer to help us scale. The ideal candidate has 7+ years of experience and is skilled in design systems, user research, usability testing, figma, adobe xd, wireframing. We value problem solving and a growth mindset.",0,UI/UX Designer,Mobile Developer
"Experienced Product Manager with a passion for building great products. Has 5 years of professional experience. Proficient in agile, data analysis, problem solving, product roadmap, product strategy, scrum, stakeholder management, user research. Comfortable working independently or in a team.","Data Scientist wanted for a fast-paced, collaborative environment. Requirements: at least 4 years of relevant experience, with hands-on skills in sql, machine learning, pandas, jupyter, regression, scikit-learn, classification. Remote-friendly with flexible hours.",0,Data Scientist,Product Manager
"Machine Learning Engineer with a proven track record of delivering results. Has 2 years of professional experience. Hands-on experience with aws, ci/cd, jira, leadership, mentoring, model deployment, pytorch, tensorflow. Known for strong communication and teamwork.","Join us as a Machine Learning Engineer and make an impact from day one. Requirements: at least 4 years of relevant experience, with hands-on skills in tensorflow, aws, python, model deployment, machine learning, deep learning, mlops. We value problem solving and a growth mindset.",0,Machine Learning Engineer,Machine Learning Engineer
"Experienced Machine Learning Engineer with a passion for building great products. Has 2 years of professional experience. Hands-on experience with aws, azure, communication, deep learning, docker, gcp, leadership, mlops, model deployment, pytorch, sql, tensorflow. Known for strong communication and teamwork.","DevOps Engineer wanted for a fast-paced, collaborative environment. You should have 3+ years in the field and be comfortable with monitoring, docker, terraform, networking, aws, ci/cd, linux. Competitive salary and benefits offered.",0,DevOps Engineer,Machine Learning Engineer
"Machine Learning Engineer with a proven track record of delivering results. 5 years working in related roles. Core skills include deep learning, docker, feature engineering, interaction design, machine learning, mlops, model deployment, sql, tensorflow, wireframing. Known for strong communication and teamwork.","Join us as a UI/UX Designer and make an impact from day one. Requirements: at least 2 years of relevant experience, with hands-on skills in wireframing, adobe xd, figma, prototyping, design systems, user research. We value problem solving and a growth mindset.",0,UI/UX Designer,Machine Learning Engineer
"Experienced Machine Learning Engineer with a passion for building great products. Brings 4 years of hands-on industry experience. Proficient in aws, deep learning, docker, model deployment, pytorch, responsive design, sql, tensorflow, typescript. Comfortable working independently or in a team.","We are hiring a Cloud Engineer to join our growing team. Requirements: at least 1 years of relevant experience, with hands-on skills in linux, kubernetes, azure, terraform, aws, ci/cd, gcp. Competitive salary and benefits offered.",0,Cloud Engineer,Machine Learning Engineer
"Detail-oriented Cybersecurity Analyst with hands-on experience across projects. 8 years working in related roles. Hands-on experience with compliance, linux, network security, prototyping, python, siem, user research. Known for strong communication and teamwork.","We are hiring a Cybersecurity Analyst to join our growing team. The ideal candidate has 4+ years of experience and is skilled in incident response, risk assessment, penetration testing, compliance, siem, network security, firewalls, linux. We value problem solving and a growth mindset.",0,Cybersecurity Analyst,Cybersecurity Analyst
"Experienced Cloud Engineer with a passion for building great products. Has 7 years of professional experience. Hands-on experience with aws, azure, ci/cd, cloud security, gcp, kubernetes, linux, networking, terraform. Continuously learning new tools and technologies.","We are hiring a Cloud Engineer to join our growing team. Requirements: at least 2 years of relevant experience, with hands-on skills in kubernetes, gcp, linux, docker, terraform. Remote-friendly with flexible hours.",1,Cloud Engineer,Cloud Engineer
"Motivated UI/UX Designer eager to contribute technical expertise. Brings 6 years of hands-on industry experience. Proficient in design systems, figma, interaction design, prototyping, usability testing, user research, wireframing. Continuously learning new tools and technologies.","Join us as a Data Analyst and make an impact from day one. You should have 4+ years in the field and be comfortable with reporting, tableau, python, power bi, pandas, data visualization, sql, statistics. Remote-friendly with flexible hours.",0,Data Analyst,UI/UX Designer
"Motivated Cloud Engineer eager to contribute technical expertise. Brings 10 years of hands-on industry experience. Core skills include aws, azure, cloud security, gcp, kubernetes, leadership, teamwork. Continuously learning new tools and technologies.","Product Manager wanted for a fast-paced, collaborative environment. Requirements: at least 5 years of relevant experience, with hands-on skills in product roadmap, agile, communication, user research, data analysis. We value problem solving and a growth mindset.",0,Product Manager,Cloud Engineer
"Experienced Frontend Developer with a passion for building great products. Has 10 years of professional experience. Core skills include accessibility, css, git, html, javascript, react, rest api, typescript. Continuously learning new tools and technologies.","Join us as a Cloud Engineer and make an impact from day one. Requirements: at least 7 years of relevant experience, with hands-on skills in cloud security, linux, kubernetes, terraform, azure, docker, gcp. Competitive salary and benefits offered.",0,Cloud Engineer,Frontend Developer
"Experienced Frontend Developer with a passion for building great products. 1 years working in related roles. Proficient in accessibility, data analysis, git, javascript, jira, react, redux, responsive design, rest api, webpack. Continuously learning new tools and technologies.","UI/UX Designer wanted for a fast-paced, collaborative environment. The ideal candidate has 7+ years of experience and is skilled in wireframing, prototyping, figma, user research, interaction design, design systems, adobe xd, usability testing. Remote-friendly with flexible hours.",0,UI/UX Designer,Frontend Developer
"Experienced Data Scientist with a passion for building great products. 8 years working in related roles. Core skills include a/b testing, jupyter, numpy, regression testing, scikit-learn, selenium, sql, statistics. Continuously learning new tools and technologies.","Our company is looking for an experienced Mobile Developer to help us scale. The ideal candidate has 6+ years of experience and is skilled in react native, flutter, mobile ui design, swift, git. Remote-friendly with flexible hours.",1,Mobile Developer,Data Scientist
"Experienced UI/UX Designer with a passion for building great products. 5 years working in related roles. Hands-on experience with adobe xd, api testing, design systems, figma, interaction design, prototyping, test automation, usability testing, user research, wireframing. Known for strong communication and teamwork.","Our company is looking for an experienced UI/UX Designer to help us scale. You should have 1+ years in the field and be comfortable with prototyping, wireframing, usability testing, design systems, figma, user research, interaction design. Strong communication and teamwork are a plus.",0,UI/UX Designer,UI/UX Designer
"Motivated Product Manager eager to contribute technical expertise. Has 3 years of professional experience. Hands-on experience with agile, communication, data analysis, jira, pandas, product roadmap, product strategy, stakeholder management, statistics. Known for strong communication and teamwork.","Join us as a Data Analyst and make an impact from day one. The ideal candidate has 2+ years of experience and is skilled in power bi, python, tableau, data visualization, reporting. Competitive salary and benefits offered.",0,Data Analyst,Product Manager
"Experienced QA Engineer with a passion for building great products. 9 years working in related roles. Proficient in api testing, ci/cd, jira, machine learning, manual testing, model deployment, test automation. Continuously learning new tools and technologies.","Our company is looking for an experienced UI/UX Designer to help us scale. The ideal candidate has 4+ years of experience and is skilled in usability testing, adobe xd, prototyping, figma, user research, design systems, wireframing. Competitive salary and benefits offered.",0,UI/UX Designer,QA Engineer
"Mobile Developer with a proven track record of delivering results. Brings 5 years of hands-on industry experience. Hands-on experience with android, flutter, git, kotlin, microservices, mobile ui design, react native, rest api, swift. Continuously learning new tools and technologies.","We are hiring a Mobile Developer to join our growing team. Requirements: at least 4 years of relevant experience, with hands-on skills in android, git, swift, kotlin, react native, ios, mobile ui design, flutter. We value problem solving and a growth mindset.",1,Mobile Developer,Mobile Developer
"QA Engineer with a proven track record of delivering results. 9 years working in related roles. Core skills include api testing, jira, manual testing, python, pytorch, selenium, sql, test automation, test case design. Known for strong communication and teamwork.","Our company is looking for an experienced QA Engineer to help us scale. The ideal candidate has 4+ years of experience and is skilled in test automation, regression testing, api testing, jira, selenium, ci/cd, python. Competitive salary and benefits offered.",1,QA Engineer,QA Engineer
"Detail-oriented Data Analyst with hands-on experience across projects. 0 years working in related roles. Hands-on experience with a/b testing, data visualization, excel, pandas, power bi, python, reporting, sql, statistics, tableau. Known for strong communication and teamwork.","Product Manager wanted for a fast-paced, collaborative environment. You should have 2+ years in the field and be comfortable with product roadmap, jira, stakeholder management, product strategy, scrum, communication, user research, data analysis. Remote-friendly with flexible hours.",0,Product Manager,Data Analyst
"Experienced Data Analyst with a passion for building great products. Brings 0 years of hands-on industry experience. Proficient in a/b testing, pandas, power bi, project management, python, reporting, sql, statistics, tableau. Continuously learning new tools and technologies.","Our company is looking for an experienced QA Engineer to help us scale. You should have 4+ years in the field and be comfortable with test automation, python, manual testing, selenium, test case design, api testing, jira. Remote-friendly with flexible hours.",0,QA Engineer,Data Analyst
"Experienced QA Engineer with a passion for building great products. Has 1 years of professional experience. Hands-on experience with manual testing, mentoring, python, selenium, teamwork, test automation, test case design. Continuously learning new tools and technologies.","Our company is looking for an experienced QA Engineer to help us scale. The ideal candidate has 3+ years of experience and is skilled in manual testing, api testing, python, selenium, ci/cd. Competitive salary and benefits offered.",0,QA Engineer,QA Engineer
"Motivated Machine Learning Engineer eager to contribute technical expertise. 6 years working in related roles. Core skills include aws, deep learning, docker, leadership, tensorflow, time management. Known for strong communication and teamwork.","We are hiring a Product Manager to join our growing team. The ideal candidate has 6+ years of experience and is skilled in agile, stakeholder management, communication, scrum, data analysis, jira, user research. Remote-friendly with flexible hours.",0,Product Manager,Machine Learning Engineer
"Experienced Data Analyst with a passion for building great products. Has 7 years of professional experience. Hands-on experience with communication, excel, leadership, mobile ui design, pandas, reporting, rest api, sql. Comfortable working independently or in a team.","Data Analyst wanted for a fast-paced, collaborative environment. You should have 1+ years in the field and be comfortable with reporting, python, power bi, excel, a/b testing. We value problem solving and a growth mindset.",0,Data Analyst,Data Analyst
"Experienced UI/UX Designer with a passion for building great products. Has 5 years of professional experience. Core skills include adobe xd, design systems, figma, flutter, interaction design, leadership, mentoring, prototyping, swift, usability testing. Known for strong communication and teamwork.","Join us as a UI/UX Designer and make an impact from day one. You should have 4+ years in the field and be comfortable with figma, wireframing, design systems, usability testing, user research, interaction design. We value problem solving and a growth mindset.",1,UI/UX Designer,UI/UX Designer
"Detail-oriented Product Manager with hands-on experience across projects. Has 1 years of professional experience. Hands-on experience with agile, communication, data analysis, jira, problem solving, product roadmap, product strategy, stakeholder management, time management. Known for strong communication and teamwork.","Our company is looking for an experienced Backend Developer to help us scale. You should have 1+ years in the field and be comfortable with python, redis, git, flask, unit testing, celery. Remote-friendly with flexible hours.",0,Backend Developer,Product Manager
"Experienced DevOps Engineer with a passion for building great products. 10 years working in related roles. Core skills include aws, css, docker, git, jenkins, kubernetes, leadership, linux. Comfortable working independently or in a team.","Our company is looking for an experienced Backend Developer to help us scale. Requirements: at least 7 years of relevant experience, with hands-on skills in python, git, sql, microservices, rest api, redis, celery, django. Competitive salary and benefits offered.",0,Backend Developer,DevOps Engineer
"Backend Developer with a proven track record of delivering results. Has 0 years of professional experience. Proficient in communication, django, flask, git, microservices, postgresql, problem solving, python, redis, sql, unit testing. Continuously learning new tools and technologies.","We are hiring a Mobile Developer to join our growing team. The ideal candidate has 3+ years of experience and is skilled in android, rest api, react native, swift, kotlin, git, ios, mobile ui design. We value problem solving and a growth mindset.",0,Mobile Developer,Backend Developer
"Experienced Product Manager with a passion for building great products. 10 years working in related roles. Proficient in agile, communication, data analysis, jira, problem solving, product roadmap, product strategy, scrum, stakeholder management, user research. Continuously learning new tools and technologies.","Join us as a Data Analyst and make an impact from day one. Requirements: at least 3 years of relevant experience, with hands-on skills in power bi, statistics, pandas, reporting, data visualization. Remote-friendly with flexible hours.",1,Data Analyst,Product Manager
"QA Engineer with a proven track record of delivering results. Has 8 years of professional experience. Proficient in api testing, ci/cd, manual testing, python, test case design. Continuously learning new tools and technologies.","Our company is looking for an experienced Machine Learning Engineer to help us scale. Requirements: at least 5 years of relevant experience, with hands-on skills in pytorch, model deployment, docker, python, sql, machine learning. We value problem solving and a growth mindset.",0,Machine Learning Engineer,QA Engineer
"Detail-oriented Frontend Developer with hands-on experience across projects. Has 6 years of professional experience. Hands-on experience with accessibility, css, git, html, javascript, mentoring, react, redux, responsive design, time management, typescript, webpack. Known for strong communication and teamwork.","Our company is looking for an experienced QA Engineer to help us scale. You should have 2+ years in the field and be comfortable with test case design, jira, selenium, ci/cd, test automation, regression testing, api testing. Remote-friendly with flexible hours.",0,QA Engineer,Frontend Developer
"Detail-oriented DevOps Engineer with hands-on experience across projects. Brings 8 years of hands-on industry experience. Core skills include ansible, ci/cd, docker, jenkins, kubernetes, linux, monitoring, networking, selenium, terraform, test case design. Comfortable working independently or in a team.","We are hiring a Data Scientist to join our growing team. Requirements: at least 1 years of relevant experience, with hands-on skills in pandas, machine learning, classification, sql, python. We value problem solving and a growth mindset.",0,Data Scientist,DevOps Engineer
"Motivated Machine Learning Engineer eager to contribute technical expertise. Has 2 years of professional experience. Proficient in aws, deep learning, docker, feature engineering, project management, python, pytorch, teamwork, tensorflow. Known for strong communication and teamwork.","Join us as a Data Scientist and make an impact from day one. The ideal candidate has 2+ years of experience and is skilled in a/b testing, classification, jupyter, machine learning, scikit-learn. Strong communication and teamwork are a plus.",0,Data Scientist,Machine Learning Engineer
"Experienced QA Engineer with a passion for building great products. Has 4 years of professional experience. Hands-on experience with api testing, ci/cd, jira, manual testing, pandas, python, regression testing, selenium, test case design. Continuously learning new tools and technologies.","Join us as a UI/UX Designer and make an impact from day one. Requirements: at least 3 years of relevant experience, with hands-on skills in wireframing, user research, design systems, adobe xd, usability testing. Strong communication and teamwork are a plus.",0,UI/UX Designer,QA Engineer
"Cybersecurity Analyst with a proven track record of delivering results. Brings 5 years of hands-on industry experience. Core skills include compliance, firewalls, incident response, linux, penetration testing, siem. Known for strong communication and teamwork.","Our company is looking for an experienced Cybersecurity Analyst to help us scale. Requirements: at least 1 years of relevant experience, with hands-on skills in penetration testing, incident response, risk assessment, compliance, python, linux. We value problem solving and a growth mindset.",1,Cybersecurity Analyst,Cybersecurity Analyst
"Experienced DevOps Engineer with a passion for building great products. Brings 5 years of hands-on industry experience. Hands-on experience with aws, jenkins, kubernetes, networking. Comfortable working independently or in a team.","Our company is looking for an experienced DevOps Engineer to help us scale. You should have 1+ years in the field and be comfortable with monitoring, docker, bash, terraform, ansible, kubernetes, networking. Competitive salary and benefits offered.",0,DevOps Engineer,DevOps Engineer
"Detail-oriented Data Scientist with hands-on experience across projects. Has 2 years of professional experience. Core skills include classification, css, data visualization, html, jupyter, numpy, scikit-learn. Known for strong communication and teamwork.","Join us as a Data Scientist and make an impact from day one. Requirements: at least 3 years of relevant experience, with hands-on skills in data visualization, a/b testing, numpy, scikit-learn, python. Strong communication and teamwork are a plus.",1,Data Scientist,Data Scientist
"Machine Learning Engineer with a proven track record of delivering results. 10 years working in related roles. Core skills include aws, deep learning, machine learning, mentoring, mlops, model deployment, postgresql, python, pytorch, rest api, sql, tensorflow, time management. Comfortable working independently or in a team.","UI/UX Designer wanted for a fast-paced, collaborative environment. Requirements: at least 7 years of relevant experience, with hands-on skills in usability testing, figma, prototyping, design systems, interaction design, wireframing, adobe xd. Remote-friendly with flexible hours.",0,UI/UX Designer,Machine Learning Engineer
"Motivated Cybersecurity Analyst eager to contribute technical expertise. 6 years working in related roles. Core skills include compliance, incident response, network security, penetration testing, python. Known for strong communication and teamwork.","Our company is looking for an experienced Machine Learning Engineer to help us scale. The ideal candidate has 5+ years of experience and is skilled in mlops, feature engineering, model deployment, pytorch, machine learning, aws. Competitive salary and benefits offered.",0,Machine Learning Engineer,Cybersecurity Analyst
"Backend Developer with a proven track record of delivering results. Brings 2 years of hands-on industry experience. Core skills include docker, flask, git, leadership, microservices, postgresql, python, redis, rest api, teamwork, unit testing. Known for strong communication and teamwork.","Machine Learning Engineer wanted for a fast-paced, collaborative environment. You should have 7+ years in the field and be comfortable with aws, sql, model deployment, deep learning, docker. Competitive salary and benefits offered.",0,Machine Learning Engineer,Backend Developer
"Experienced Machine Learning Engineer with a passion for building great products. 8 years working in related roles. Proficient in a/b testing, aws, excel, leadership, mentoring, mlops, model deployment, python, sql, tensorflow. Comfortable working independently or in a team.","Machine Learning Engineer wanted for a fast-paced, collaborative environment. You should have 7+ years in the field and be comfortable with model deployment, feature engineering, tensorflow, pytorch, sql, python, aws, machine learning. Competitive salary and benefits offered.",1,Machine Learning Engineer,Machine Learning Engineer
"Experienced QA Engineer with a passion for building great products. 4 years working in related roles. Proficient in api testing, ci/cd, manual testing, python, regression testing, tableau, test automation, test case design. Known for strong communication and teamwork.","UI/UX Designer wanted for a fast-paced, collaborative environment. You should have 5+ years in the field and be comfortable with prototyping, user research, wireframing, adobe xd, interaction design, design systems, figma, usability testing. Remote-friendly with flexible hours.",0,UI/UX Designer,QA Engineer
"Motivated Backend Developer eager to contribute technical expertise. Brings 3 years of hands-on industry experience. Proficient in aws, celery, ci/cd, communication, flask, mentoring, python, rest api. Known for strong communication and teamwork.","We are hiring a Backend Developer to join our growing team. You should have 2+ years in the field and be comfortable with python, sql, microservices, unit testing, docker, celery, django, rest api. Remote-friendly with flexible hours.",0,Backend Developer,Backend Developer
"Detail-oriented Product Manager with hands-on experience across projects. 10 years working in related roles. Core skills include communication, product roadmap, product strategy, user research. Comfortable working independently or in a team.","Join us as a Cybersecurity Analyst and make an impact from day one. The ideal candidate has 6+ years of experience and is skilled in siem, compliance, python, firewalls, risk assessment, incident response, network security, penetration testing. Competitive salary and benefits offered.",0,Cybersecurity Analyst,Product Manager
"Experienced UI/UX Designer with a passion for building great products. 0 years working in related roles. Core skills include communication, design systems, figma, interaction design, ios, problem solving, prototyping, swift, usability testing. Known for strong communication and teamwork.","Our company is looking for an experienced UI/UX Designer to help us scale. You should have 3+ years in the field and be comfortable with wireframing, design systems, prototyping, user research, adobe xd. Strong communication and teamwork are a plus.",0,UI/UX Designer,UI/UX Designer
"Motivated Product Manager eager to contribute technical expertise. Brings 8 years of hands-on industry experience. Core skills include jira, product roadmap, product strategy, scrum. Continuously learning new tools and technologies.","Our company is looking for an experienced DevOps Engineer to help us scale. The ideal candidate has 7+ years of experience and is skilled in terraform, monitoring, bash, kubernetes, networking, ansible, ci/cd, aws. Remote-friendly with flexible hours.",1,DevOps Engineer,Product Manager
"Motivated Mobile Developer eager to contribute technical expertise. 9 years working in related roles. Hands-on experience with android, azure, flutter, git, ios, kotlin, kubernetes, leadership, mobile ui design, react native, rest api. Known for strong communication and teamwork.","We are hiring a Frontend Developer to join our growing team. Requirements: at least 2 years of relevant experience, with hands-on skills in accessibility, typescript, css, html, react, rest api, webpack. Strong communication and teamwork are a plus.",0,Frontend Developer,Mobile Developer
"Data Scientist with a proven track record of delivering results. Brings 3 years of hands-on industry experience. Hands-on experience with aws, feature engineering, jupyter, machine learning, numpy, pytorch. Comfortable working independently or in a team.","Join us as a Data Scientist and make an impact from day one. The ideal candidate has 1+ years of experience and is skilled in sql, machine learning, numpy, classification, pandas. We value problem solving and a growth mindset.",0,Data Scientist,Data Scientist
"Detail-oriented Data Scientist with hands-on experience across projects. 8 years working in related roles. Core skills include classification, data visualization, pandas, sql, statistics. Comfortable working independently or in a team.","We are hiring a DevOps Engineer to join our growing team. The ideal candidate has 7+ years of experience and is skilled in docker, terraform, kubernetes, jenkins, bash. Competitive salary and benefits offered.",0,DevOps Engineer,Data Scientist
"Detail-oriented DevOps Engineer with hands-on experience across projects. Has 5 years of professional experience. Hands-on experience with communication, jenkins, mentoring, monitoring, networking, terraform. Comfortable working independently or in a team.","We are hiring a DevOps Engineer to join our growing team. The ideal candidate has 1+ years of experience and is skilled in networking, bash, linux, ci/cd, aws, terraform. Competitive salary and benefits offered.",0,DevOps Engineer,DevOps Engineer
"Experienced Cloud Engineer with a passion for building great products. Has 6 years of professional experience. Core skills include aws, azure, ci/cd, cloud security, gcp, kubernetes, networking, terraform, time management. Comfortable working independently or in a team.","Our company is looking for an experienced Backend Developer to help us scale. The ideal candidate has 1+ years of experience and is skilled in unit testing, django, git, microservices, postgresql, docker. Competitive salary and benefits offered.",0,Backend Developer,Cloud Engineer
"Cybersecurity Analyst with a proven track record of delivering results. Brings 7 years of hands-on industry experience. Hands-on experience with compliance, incident response, linux, network security, penetration testing. Continuously learning new tools and technologies.","We are hiring a Cybersecurity Analyst to join our growing team. Requirements: at least 3 years of relevant experience, with hands-on skills in risk assessment, python, compliance, incident response, firewalls, siem, network security. Strong communication and teamwork are a plus.",1,Cybersecurity Analyst,Cybersecurity Analyst
"Cybersecurity Analyst with a proven track record of delivering results. 7 years working in related roles. Hands-on experience with api testing, jira, linux, network security, python, risk assessment, siem. Comfortable working independently or in a team.","We are hiring a Backend Developer to join our growing team. Requirements: at least 3 years of relevant experience, with hands-on skills in postgresql, sql, rest api, unit testing, python, docker, django, microservices. Competitive salary and benefits offered.",0,Backend Developer,Cybersecurity Analyst
"Experienced DevOps Engineer with a passion for building great products. Brings 6 years of hands-on industry experience. Hands-on experience with ansible, aws, bash, communication, docker, jenkins, kubernetes, linux, monitoring, networking, project management. Continuously learning new tools and technologies.","Join us as a Mobile Developer and make an impact from day one. The ideal candidate has 2+ years of experience and is skilled in rest api, react native, kotlin, swift, ios, git, android, flutter. We value problem solving and a growth mindset.",0,Mobile Developer,DevOps Engineer
"Motivated UI/UX Designer eager to contribute technical expertise. Has 0 years of professional experience. Hands-on experience with design systems, figma, interaction design, problem solving, prototyping, teamwork, wireframing. Continuously learning new tools and technologies.","We are hiring a Product Manager to join our growing team. Requirements: at least 3 years of relevant experience, with hands-on skills in scrum, product roadmap, data analysis, communication, jira, agile. Strong communication and teamwork are a plus.",0,Product Manager,UI/UX Designer
"Detail-oriented UI/UX Designer with hands-on experience across projects. 2 years working in related roles. Proficient in adobe xd, css, interaction design, prototyping, responsive design, user research. Known for strong communication and teamwork.","QA Engineer wanted for a fast-paced, collaborative environment. The ideal candidate has 3+ years of experience and is skilled in test automation, ci/cd, test case design, jira, python, regression testing, manual testing, selenium. Remote-friendly with flexible hours.",1,QA Engineer,UI/UX Designer
"Backend Developer with a proven track record of delivering results. Has 6 years of professional experience. Core skills include celery, django, docker, flask, git, project management, python, sql, teamwork. Known for strong communication and teamwork.","Join us as a Frontend Developer and make an impact from day one. Requirements: at least 7 years of relevant experience, with hands-on skills in accessibility, html, responsive design, react, javascript, webpack. Remote-friendly with flexible hours.",0,Frontend Developer,Backend Developer
"Experienced QA Engineer with a passion for building great products. Has 7 years of professional experience. Proficient in api testing, jira, manual testing, problem solving, python, test automation, test case design. Comfortable working independently or in a team.","Join us as a QA Engineer and make an impact from day one. You should have 6+ years in the field and be comfortable with python, manual testing, selenium, test automation, jira. Strong communication and teamwork are a plus.",1,QA Engineer,QA Engineer
"Experienced Frontend Developer with a passion for building great products. 8 years working in related roles. Proficient in css, git, react, reporting, rest api, statistics, typescript, webpack. Continuously learning new tools and technologies.","Our company is looking for an experienced Mobile Developer to help us scale. The ideal candidate has 2+ years of experience and is skilled in flutter, swift, git, android, react native. Remote-friendly with flexible hours.",1,Mobile Developer,Frontend Developer
"Detail-oriented QA Engineer with hands-on experience across projects. Has 9 years of professional experience. Proficient in api testing, ci/cd, jira, manual testing, network security, python, regression testing, risk assessment, selenium, test automation, test case design. Comfortable working independently or in a team.","Our company is looking for an experienced QA Engineer to help us scale. You should have 6+ years in the field and be comfortable with test case design, test automation, selenium, manual testing, api testing, regression testing, ci/cd. We value problem solving and a growth mindset.",1,QA Engineer,QA Engineer
"Experienced Mobile Developer with a passion for building great products. Has 2 years of professional experience. Proficient in agile, android, flutter, git, ios, kotlin, mobile ui design, product roadmap, react native, rest api, swift. Known for strong communication and teamwork.","Join us as a Mobile Developer and make an impact from day one. Requirements: at least 5 years of relevant experience, with hands-on skills in flutter, android, ios, kotlin, react native, git, mobile ui design, swift. Competitive salary and benefits offered.",0,Mobile Developer,Mobile Developer
"Motivated Machine Learning Engineer eager to contribute technical expertise. Brings 10 years of hands-on industry experience. Proficient in deep learning, flask, machine learning, python, pytorch, tensorflow. Known for strong communication and teamwork.","Our company is looking for an experienced Machine Learning Engineer to help us scale. The ideal candidate has 1+ years of experience and is skilled in aws, python, docker, feature engineering, sql, model deployment. We value problem solving and a growth mindset.",0,Machine Learning Engineer,Machine Learning Engineer
"DevOps Engineer with a proven track record of delivering results. Has 9 years of professional experience. Proficient in ansible, aws, bash, ci/cd, kubernetes, linux, monitoring, networking, teamwork. Comfortable working independently or in a team.","Join us as a Cybersecurity Analyst and make an impact from day one. You should have 7+ years in the field and be comfortable with firewalls, risk assessment, penetration testing, linux, network security, siem. Competitive salary and benefits offered.",0,Cybersecurity Analyst,DevOps Engineer
"Backend Developer with a proven track record of delivering results. Brings 9 years of hands-on industry experience. Core skills include communication, django, docker, flask, git, kubernetes, rest api, sql, time management, unit testing. Continuously learning new tools and technologies.","Our company is looking for an experienced Backend Developer to help us scale. The ideal candidate has 7+ years of experience and is skilled in microservices, python, git, postgresql, docker, flask. Strong communication and teamwork are a plus.",0,Backend Developer,Backend Developer
"Experienced Backend Developer with a passion for building great products. 0 years working in related roles. Hands-on experience with bash, docker, flask, git, leadership, mentoring, postgresql, rest api, sql, unit testing. Known for strong communication and teamwork.","Backend Developer wanted for a fast-paced, collaborative environment. The ideal candidate has 4+ years of experience and is skilled in flask, docker, git, django, rest api, python. Remote-friendly with flexible hours.",0,Backend Developer,Backend Developer
"Experienced Data Analyst with a passion for building great products. 3 years working in related roles. Core skills include data visualization, excel, pandas, python, teamwork. Comfortable working independently or in a team.","Cloud Engineer wanted for a fast-paced, collaborative environment. You should have 1+ years in the field and be comfortable with kubernetes, gcp, docker, aws, azure, cloud security, networking. We value problem solving and a growth mindset.",0,Cloud Engineer,Data Analyst
"DevOps Engineer with a proven track record of delivering results. Has 9 years of professional experience. Proficient in ansible, aws, ci/cd, docker, kubernetes, linux, monitoring, networking, problem solving, terraform, time management. Known for strong communication and teamwork.","Our company is looking for an experienced Mobile Developer to help us scale. The ideal candidate has 7+ years of experience and is skilled in react native, git, mobile ui design, kotlin, android, rest api. Strong communication and teamwork are a plus.",0,Mobile Developer,DevOps Engineer
"Detail-oriented Cloud Engineer with hands-on experience across projects. 5 years working in related roles. Core skills include azure, ci/cd, cloud security, docker, gcp, kubernetes, linux, networking. Known for strong communication and teamwork.","Cloud Engineer wanted for a fast-paced, collaborative environment. Requirements: at least 4 years of relevant experience, with hands-on skills in kubernetes, azure, cloud security, networking, docker, aws, ci/cd, terraform. Competitive salary and benefits offered.",1,Cloud Engineer,Cloud Engineer
"Cybersecurity Analyst with a proven track record of delivering results. Brings 8 years of hands-on industry experience. Hands-on experience with communication, compliance, firewalls, incident response, mentoring, python, risk assessment, siem. Continuously learning new tools and technologies.","Our company is looking for an experienced Frontend Developer to help us scale. Requirements: at least 6 years of relevant experience, with hands-on skills in rest api, typescript, webpack, responsive design, react. Competitive salary and benefits offered.",0,Frontend Developer,Cybersecurity Analyst
"Detail-oriented QA Engineer with hands-on experience across projects. Brings 0 years of hands-on industry experience. Proficient in api testing, jira, manual testing, mentoring, python, test automation. Continuously learning new tools and technologies.","QA Engineer wanted for a fast-paced, collaborative environment. The ideal candidate has 5+ years of experience and is skilled in test case design, ci/cd, selenium, api testing, python, jira. Strong communication and teamwork are a plus.",0,QA Engineer,QA Engineer
"Experienced Data Analyst with a passion for building great products. Has 7 years of professional experience. Hands-on experience with a/b testing, ansible, bash, data visualization, pandas, power bi, python, reporting, sql, statistics, tableau, teamwork. Known for strong communication and teamwork.","Our company is looking for an experienced Frontend Developer to help us scale. The ideal candidate has 4+ years of experience and is skilled in webpack, javascript, typescript, redux, accessibility, git, rest api, html. Strong communication and teamwork are a plus.",0,Frontend Developer,Data Analyst
"Data Scientist with a proven track record of delivering results. 4 years working in related roles. Hands-on experience with feature engineering, problem solving, python, regression, sql. Continuously learning new tools and technologies.","We are hiring a Data Scientist to join our growing team. Requirements: at least 4 years of relevant experience, with hands-on skills in sql, python, jupyter, numpy, data visualization. Remote-friendly with flexible hours.",0,Data Scientist,Data Scientist
"Motivated Mobile Developer eager to contribute technical expertise. 4 years working in related roles. Proficient in android, flutter, git, ios, kotlin, mobile ui design, react native, rest api, swift. Comfortable working independently or in a team.","Data Scientist wanted for a fast-paced, collaborative environment. Requirements: at least 2 years of relevant experience, with hands-on skills in a/b testing, statistics, scikit-learn, data visualization, numpy. Strong communication and teamwork are a plus.",0,Data Scientist,Mobile Developer
"Detail-oriented Cybersecurity Analyst with hands-on experience across projects. Has 4 years of professional experience. Core skills include aws, compliance, docker, firewalls, incident response, linux, mentoring, network security, penetration testing, python. Comfortable working independently or in a team.","Our company is looking for an experienced DevOps Engineer to help us scale. Requirements: at least 6 years of relevant experience, with hands-on skills in jenkins, linux, terraform, ansible, docker. We value problem solving and a growth mindset.",0,DevOps Engineer,Cybersecurity Analyst
"Data Analyst with a proven track record of delivering results. Brings 0 years of hands-on industry experience. Core skills include a/b testing, data visualization, excel, pandas, power bi, problem solving, project management, python, reporting, sql, statistics, tableau. Continuously learning new tools and technologies.","Our company is looking for an experienced Backend Developer to help us scale. Requirements: at least 1 years of relevant experience, with hands-on skills in python, django, git, rest api, flask, microservices, postgresql, redis. We value problem solving and a growth mindset.",0,Backend Developer,Data Analyst
"DevOps Engineer with a proven track record of delivering results. Has 4 years of professional experience. Core skills include bash, ci/cd, docker, linux, problem solving, time management. Continuously learning new tools and technologies.","Join us as a DevOps Engineer and make an impact from day one. You should have 2+ years in the field and be comfortable with aws, jenkins, ansible, docker, networking, linux, ci/cd, kubernetes. Competitive salary and benefits offered.",0,DevOps Engineer,DevOps Engineer
"Detail-oriented Cybersecurity Analyst with hands-on experience across projects. Brings 5 years of hands-on industry experience. Core skills include ci/cd, compliance, firewalls, incident response, linux, network security, penetration testing, python, risk assessment, selenium, siem. Comfortable working independently or in a team.","Join us as a Data Analyst and make an impact from day one. The ideal candidate has 3+ years of experience and is skilled in sql, tableau, reporting, python, a/b testing. Competitive salary and benefits offered.",0,Data Analyst,Cybersecurity Analyst
"Detail-oriented Frontend Developer with hands-on experience across projects. Has 6 years of professional experience. Core skills include ci/cd, git, html, javascript, networking, react, responsive design, teamwork, typescript, webpack. Known for strong communication and teamwork.","QA Engineer wanted for a fast-paced, collaborative environment. You should have 5+ years in the field and be comfortable with jira, selenium, manual testing, regression testing, api testing, test automation. Strong communication and teamwork are a plus.",0,QA Engineer,Frontend Developer
"Motivated DevOps Engineer eager to contribute technical expertise. Has 7 years of professional experience. Hands-on experience with ansible, aws, bash, jenkins, kubernetes, linux, monitoring. Known for strong communication and teamwork.","Join us as a DevOps Engineer and make an impact from day one. You should have 6+ years in the field and be comfortable with terraform, jenkins, ansible, ci/cd, kubernetes, docker, monitoring, networking. We value problem solving and a growth mindset.",0,DevOps Engineer,DevOps Engineer
"Detail-oriented Mobile Developer with hands-on experience across projects. 1 years working in related roles. Hands-on experience with android, celery, flutter, git, ios, kotlin, mentoring, mobile ui design, react native, rest api, swift, time management. Comfortable working independently or in a team.","Our company is looking for an experienced Mobile Developer to help us scale. You should have 7+ years in the field and be comfortable with flutter, ios, react native, android, rest api, swift, kotlin, mobile ui design. Remote-friendly with flexible hours.",1,Mobile Developer,Mobile Developer
"UI/UX Designer with a proven track record of delivering results. Brings 3 years of hands-on industry experience. Proficient in adobe xd, design systems, figma, interaction design, prototyping, redux, usability testing, user research, webpack, wireframing. Comfortable working independently or in a team.","We are hiring a QA Engineer to join our growing team. Requirements: at least 5 years of relevant experience, with hands-on skills in manual testing, test automation, jira, ci/cd, python, selenium. We value problem solving and a growth mindset.",0,QA Engineer,UI/UX Designer
"Motivated Data Analyst eager to contribute technical expertise. 1 years working in related roles. Core skills include a/b testing, excel, pandas, power bi, python, reporting, sql, statistics, tableau. Known for strong communication and teamwork.","Our company is looking for an experienced Data Scientist to help us scale. The ideal candidate has 2+ years of experience and is skilled in machine learning, a/b testing, classification, numpy, sql, feature engineering, pandas, python. We value problem solving and a growth mindset.",1,Data Scientist,Data Analyst
"Cybersecurity Analyst with a proven track record of delivering results. 4 years working in related roles. Proficient in compliance, firewalls, incident response, linux, network security, penetration testing, python, risk assessment, siem. Comfortable working independently or in a team.","We are hiring a Machine Learning Engineer to join our growing team. You should have 7+ years in the field and be comfortable with docker, machine learning, feature engineering, deep learning, mlops, pytorch. We value problem solving and a growth mindset.",0,Machine Learning Engineer,Cybersecurity Analyst
"Motivated Cloud Engineer eager to contribute technical expertise. Has 6 years of professional experience. Core skills include aws, azure, ci/cd, linux, terraform. Known for strong communication and teamwork.","Our company is looking for an experienced Cloud Engineer to help us scale. You should have 6+ years in the field and be comfortable with azure, networking, docker, ci/cd, linux. Strong communication and teamwork are a plus.",1,Cloud Engineer,Cloud Engineer
"Detail-oriented Cybersecurity Analyst with hands-on experience across projects. 2 years working in related roles. Core skills include cloud security, compliance, firewalls, incident response, kubernetes, network security, python, risk assessment. Known for strong communication and teamwork.","Our company is looking for an experienced Cloud Engineer to help us scale. You should have 2+ years in the field and be comfortable with ci/cd, azure, linux, cloud security, terraform. Remote-friendly with flexible hours.",0,Cloud Engineer,Cybersecurity Analyst
"Motivated Cloud Engineer eager to contribute technical expertise. Brings 4 years of hands-on industry experience. Proficient in aws, azure, ci/cd, cloud security, css, docker, gcp, kubernetes, networking, webpack. Comfortable working independently or in a team.","Join us as a Cloud Engineer and make an impact from day one. Requirements: at least 2 years of relevant experience, with hands-on skills in networking, azure, cloud security, linux, aws. Remote-friendly with flexible hours.",1,Cloud Engineer,Cloud Engineer
"Detail-oriented Cybersecurity Analyst with hands-on experience across projects. Brings 3 years of hands-on industry experience. Proficient in compliance, firewalls, leadership, penetration testing, risk assessment, siem. Known for strong communication and teamwork.","Our company is looking for an experienced QA Engineer to help us scale. The ideal candidate has 1+ years of experience and is skilled in test case design, regression testing, api testing, ci/cd, python, test automation. Competitive salary and benefits offered.",0,QA Engineer,Cybersecurity Analyst
"Motivated Machine Learning Engineer eager to contribute technical expertise. 5 years working in related roles. Proficient in aws, deep learning, docker, feature engineering, machine learning, mlops, python, pytorch, sql, tensorflow. Known for strong communication and teamwork.","Machine Learning Engineer wanted for a fast-paced, collaborative environment. The ideal candidate has 7+ years of experience and is skilled in model deployment, python, machine learning, deep learning, mlops, feature engineering, aws, pytorch. Remote-friendly with flexible hours.",0,Machine Learning Engineer,Machine Learning Engineer
"Detail-oriented DevOps Engineer with hands-on experience across projects. Brings 9 years of hands-on industry experience. Hands-on experience with bash, ci/cd, docker, jenkins, networking. Known for strong communication and teamwork.","Cybersecurity Analyst wanted for a fast-paced, collaborative environment. Requirements: at least 2 years of relevant experience, with hands-on skills in linux, penetration testing, network security, compliance, risk assessment, incident response, siem. Remote-friendly with flexible hours.",0,Cybersecurity Analyst,DevOps Engineer
"UI/UX Designer with a proven track record of delivering results. Has 9 years of professional experience. Core skills include adobe xd, design systems, figma, interaction design, power bi, prototyping, statistics, usability testing, user research, wireframing. Continuously learning new tools and technologies.","Join us as a Product Manager and make an impact from day one. The ideal candidate has 5+ years of experience and is skilled in product strategy, scrum, agile, data analysis, product roadmap, communication, user research. We value problem solving and a growth mindset.",0,Product Manager,UI/UX Designer
"QA Engineer with a proven track record of delivering results. Brings 2 years of hands-on industry experience. Proficient in ci/cd, manual testing, python, regression testing, selenium, test case design. Known for strong communication and teamwork.","Our company is looking for an experienced QA Engineer to help us scale. Requirements: at least 1 years of relevant experience, with hands-on skills in ci/cd, api testing, test case design, selenium, manual testing, python, test automation, regression testing. We value problem solving and a growth mindset.",0,QA Engineer,QA Engineer
"Detail-oriented Data Analyst with hands-on experience across projects. Brings 10 years of hands-on industry experience. Proficient in a/b testing, compliance, data visualization, excel, linux, pandas, power bi, reporting, sql, statistics, tableau, teamwork, time management. Continuously learning new tools and technologies.","We are hiring a Backend Developer to join our growing team. Requirements: at least 6 years of relevant experience, with hands-on skills in sql, python, git, docker, flask, unit testing, celery. We value problem solving and a growth mindset.",0,Backend Developer,Data Analyst
"Experienced Data Scientist with a passion for building great products. 9 years working in related roles. Core skills include a/b testing, classification, data visualization, feature engineering, machine learning, pandas, regression, sql. Comfortable working independently or in a team.","Our company is looking for an experienced Cybersecurity Analyst to help us scale. The ideal candidate has 5+ years of experience and is skilled in risk assessment, network security, penetration testing, linux, siem, compliance. Competitive salary and benefits offered.",0,Cybersecurity Analyst,Data Scientist
"Motivated Mobile Developer eager to contribute technical expertise. Has 2 years of professional experience. Proficient in android, communication, flutter, git, ios, kotlin, mobile ui design, rest api, swift, time management. Continuously learning new tools and technologies.","Join us as a Data Scientist and make an impact from day one. Requirements: at least 4 years of relevant experience, with hands-on skills in data visualization, feature engineering, statistics, scikit-learn, python. Strong communication and teamwork are a plus.",0,Data Scientist,Mobile Developer
"Data Analyst with a proven track record of delivering results. 0 years working in related roles. Core skills include excel, pandas, statistics, tableau. Continuously learning new tools and technologies.","Our company is looking for an experienced UI/UX Designer to help us scale. The ideal candidate has 2+ years of experience and is skilled in adobe xd, figma, design systems, usability testing, prototyping, wireframing, user research. Remote-friendly with flexible hours.",0,UI/UX Designer,Data Analyst
"Motivated Machine Learning Engineer eager to contribute technical expertise. Has 3 years of professional experience. Proficient in docker, feature engineering, leadership, mentoring, model deployment, python, sql, tensorflow. Continuously learning new tools and technologies.","Our company is looking for an experienced Product Manager to help us scale. Requirements: at least 1 years of relevant experience, with hands-on skills in stakeholder management, product strategy, agile, jira, communication. We value problem solving and a growth mindset.",0,Product Manager,Machine Learning Engineer
"Motivated UI/UX Designer eager to contribute technical expertise. 5 years working in related roles. Hands-on experience with adobe xd, design systems, interaction design, postgresql, prototyping, unit testing, user research, wireframing. Known for strong communication and teamwork.","Our company is looking for an experienced QA Engineer to help us scale. You should have 4+ years in the field and be comfortable with selenium, api testing, jira, python, test automation, manual testing, test case design. We value problem solving and a growth mindset.",0,QA Engineer,UI/UX Designer
"Experienced Cloud Engineer with a passion for building great products. Has 4 years of professional experience. Hands-on experience with aws, ci/cd, cloud security, communication, docker, machine learning, project management, regression. Continuously learning new tools and technologies.","We are hiring a Backend Developer to join our growing team. Requirements: at least 6 years of relevant experience, with hands-on skills in git, sql, redis, docker, postgresql, django, microservices. Strong communication and teamwork are a plus.",0,Backend Developer,Cloud Engineer
"Experienced Frontend Developer with a passion for building great products. Has 8 years of professional experience. Core skills include accessibility, git, redux, rest api, typescript, webpack. Comfortable working independently or in a team.","Our company is looking for an experienced Frontend Developer to help us scale. You should have 7+ years in the field and be comfortable with rest api, javascript, css, webpack, accessibility. Strong communication and teamwork are a plus.",1,Frontend Developer,Frontend Developer
"Experienced Cybersecurity Analyst with a passion for building great products. Brings 8 years of hands-on industry experience. Core skills include compliance, incident response, penetration testing, python. Known for strong communication and teamwork.","Our company is looking for an experienced Cybersecurity Analyst to help us scale. Requirements: at least 6 years of relevant experience, with hands-on skills in siem, python, penetration testing, firewalls, incident response, linux, network security. Remote-friendly with flexible hours.",0,Cybersecurity Analyst,Cybersecurity Analyst
"Experienced Product Manager with a passion for building great products. Brings 8 years of hands-on industry experience. Proficient in communication, jira, product roadmap, product strategy, scrum. Comfortable working independently or in a team.","Our company is looking for an experienced Product Manager to help us scale. The ideal candidate has 7+ years of experience and is skilled in product roadmap, scrum, communication, data analysis, jira, user research, product strategy, agile. Strong communication and teamwork are a plus.",1,Product Manager,Product Manager
"UI/UX Designer with a proven track record of delivering results. 0 years working in related roles. Proficient in design systems, figma, interaction design, problem solving, prototyping, teamwork, usability testing, wireframing. Known for strong communication and teamwork.","Join us as a UI/UX Designer and make an impact from day one. You should have 3+ years in the field and be comfortable with wireframing, interaction design, usability testing, prototyping, figma. We value problem solving and a growth mindset.",0,UI/UX Designer,UI/UX Designer
"Motivated Backend Developer eager to contribute technical expertise. Has 8 years of professional experience. Proficient in celery, communication, django, docker, flask, postgresql, python, rest api, time management. Comfortable working independently or in a team.","Join us as a Backend Developer and make an impact from day one. Requirements: at least 4 years of relevant experience, with hands-on skills in docker, django, microservices, postgresql, rest api, sql, flask. Remote-friendly with flexible hours.",1,Backend Developer,Backend Developer
"Detail-oriented QA Engineer with hands-on experience across projects. Brings 10 years of hands-on industry experience. Proficient in api testing, regression testing, selenium, test automation. Continuously learning new tools and technologies.","Our company is looking for an experienced Cloud Engineer to help us scale. The ideal candidate has 4+ years of experience and is skilled in aws, terraform, networking, docker, ci/cd, cloud security, gcp, linux. Remote-friendly with flexible hours.",0,Cloud Engineer,QA Engineer
"Motivated Backend Developer eager to contribute technical expertise. 7 years working in related roles. Core skills include flask, microservices, postgresql, python, sql. Continuously learning new tools and technologies.","Our company is looking for an experienced Backend Developer to help us scale. You should have 1+ years in the field and be comfortable with rest api, microservices, python, django, flask. Strong communication and teamwork are a plus.",1,Backend Developer,Backend Developer
"Motivated Cloud Engineer eager to contribute technical expertise. 9 years working in related roles. Core skills include ci/cd, docker, gcp, kubernetes, linux, networking, project management, time management. Comfortable working independently or in a team.","Join us as a DevOps Engineer and make an impact from day one. The ideal candidate has 5+ years of experience and is skilled in bash, aws, jenkins, docker, monitoring. We value problem solving and a growth mindset.",0,DevOps Engineer,Cloud Engineer
"Detail-oriented Backend Developer with hands-on experience across projects. Has 3 years of professional experience. Core skills include celery, communication, design systems, django, docker, figma, flask, git, microservices, postgresql, problem solving, python, sql, unit testing. Known for strong communication and teamwork.","Backend Developer wanted for a fast-paced, collaborative environment. You should have 3+ years in the field and be comfortable with unit testing, python, celery, django, docker. We value problem solving and a growth mindset.",1,Backend Developer,Backend Developer
"Experienced QA Engineer with a passion for building great products. Brings 10 years of hands-on industry experience. Core skills include docker, jira, manual testing, networking, regression testing, selenium, test automation, test case design, time management. Known for strong communication and teamwork.","Join us as a QA Engineer and make an impact from day one. Requirements: at least 7 years of relevant experience, with hands-on skills in ci/cd, test automation, manual testing, python, selenium. Strong communication and teamwork are a plus.",1,QA Engineer,QA Engineer
"Data Scientist with a proven track record of delivering results. Has 5 years of professional experience. Hands-on experience with a/b testing, classification, data visualization, machine learning, python, sql. Comfortable working independently or in a team.","Data Scientist wanted for a fast-paced, collaborative environment. The ideal candidate has 3+ years of experience and is skilled in jupyter, data visualization, a/b testing, python, statistics, numpy, pandas. We value problem solving and a growth mindset.",0,Data Scientist,Data Scientist
"Motivated QA Engineer eager to contribute technical expertise. 0 years working in related roles. Core skills include api testing, jira, manual testing, problem solving, project management, python, regression testing, selenium, test automation, test case design. Known for strong communication and teamwork.","Join us as a Mobile Developer and make an impact from day one. Requirements: at least 7 years of relevant experience, with hands-on skills in flutter, git, swift, react native, rest api. Competitive salary and benefits offered.",0,Mobile Developer,QA Engineer
"Machine Learning Engineer with a proven track record of delivering results. 0 years working in related roles. Proficient in deep learning, machine learning, mentoring, model deployment, sql, teamwork, tensorflow. Comfortable working independently or in a team.","We are hiring a DevOps Engineer to join our growing team. You should have 2+ years in the field and be comfortable with monitoring, kubernetes, ansible, terraform, bash, docker, linux, jenkins. Competitive salary and benefits offered.",0,DevOps Engineer,Machine Learning Engineer
"Data Scientist with a proven track record of delivering results. 3 years working in related roles. Core skills include django, docker, feature engineering, numpy, pandas, python, scikit-learn. Comfortable working independently or in a team.","Our company is looking for an experienced Frontend Developer to help us scale. The ideal candidate has 5+ years of experience and is skilled in responsive design, webpack, html, typescript, react, css, redux, git. Competitive salary and benefits offered.",0,Frontend Developer,Data Scientist
"QA Engineer with a proven track record of delivering results. 1 years working in related roles. Proficient in api testing, jira, manual testing, python, test automation. Known for strong communication and teamwork.","Machine Learning Engineer wanted for a fast-paced, collaborative environment. The ideal candidate has 7+ years of experience and is skilled in deep learning, pytorch, feature engineering, tensorflow, docker, python, machine learning, sql. Competitive salary and benefits offered.",1,Machine Learning Engineer,QA Engineer
"DevOps Engineer with a proven track record of delivering results. 0 years working in related roles. Core skills include ansible, communication, docker, jenkins, networking, problem solving. Known for strong communication and teamwork.","Join us as a Cybersecurity Analyst and make an impact from day one. Requirements: at least 2 years of relevant experience, with hands-on skills in risk assessment, incident response, siem, firewalls, python, linux, compliance, network security. Remote-friendly with flexible hours.",0,Cybersecurity Analyst,DevOps Engineer
"Data Analyst with a proven track record of delivering results. Has 6 years of professional experience. Proficient in a/b testing, communication, data visualization, excel, pandas, power bi, project management, python, reporting, sql, tableau. Known for strong communication and teamwork.","Data Scientist wanted for a fast-paced, collaborative environment. The ideal candidate has 6+ years of experience and is skilled in a/b testing, statistics, numpy, classification, jupyter, machine learning, pandas. Strong communication and teamwork are a plus.",0,Data Scientist,Data Analyst
"Motivated Cybersecurity Analyst eager to contribute technical expertise. 1 years working in related roles. Hands-on experience with compliance, firewalls, incident response, linux, penetration testing, python, risk assessment, siem. Continuously learning new tools and technologies.","Join us as a DevOps Engineer and make an impact from day one. Requirements: at least 5 years of relevant experience, with hands-on skills in networking, jenkins, terraform, bash, linux, docker, aws. Competitive salary and benefits offered.",0,DevOps Engineer,Cybersecurity Analyst
"Experienced Product Manager with a passion for building great products. Brings 1 years of hands-on industry experience. Hands-on experience with agile, ci/cd, cloud security, communication, product roadmap, stakeholder management, user research. Comfortable working independently or in a team.","Join us as a Product Manager and make an impact from day one. Requirements: at least 7 years of relevant experience, with hands-on skills in data analysis, product roadmap, jira, scrum, user research, agile, product strategy. Competitive salary and benefits offered.",0,Product Manager,Product Manager
"Experienced Data Analyst with a passion for building great products. 7 years working in related roles. Hands-on experience with a/b testing, firewalls, pandas, penetration testing, power bi, project management, python, tableau, time management. Continuously learning new tools and technologies.","Join us as a Data Analyst and make an impact from day one. Requirements: at least 6 years of relevant experience, with hands-on skills in python, sql, pandas, data visualization, reporting, excel. We value problem solving and a growth mindset.",0,Data Analyst,Data Analyst
"Motivated Mobile Developer eager to contribute technical expertise. Brings 8 years of hands-on industry experience. Proficient in android, flutter, git, ios, kotlin, mobile ui design, react native, rest api, swift. Continuously learning new tools and technologies.","Frontend Developer wanted for a fast-paced, collaborative environment. The ideal candidate has 6+ years of experience and is skilled in responsive design, rest api, git, accessibility, javascript, html. Remote-friendly with flexible hours.",0,Frontend Developer,Mobile Developer
"Detail-oriented QA Engineer with hands-on experience across projects. Brings 10 years of hands-on industry experience. Core skills include a/b testing, api testing, ci/cd, data visualization, jira, manual testing, python, regression testing, test automation, test case design. Comfortable working independently or in a team.","Our company is looking for an experienced QA Engineer to help us scale. Requirements: at least 2 years of relevant experience, with hands-on skills in test case design, jira, selenium, regression testing, api testing, ci/cd, test automation, python. Strong communication and teamwork are a plus.",1,QA Engineer,QA Engineer
"Cloud Engineer with a proven track record of delivering results. Has 1 years of professional experience. Core skills include azure, ci/cd, docker, kubernetes, linux, mentoring, networking, pandas, statistics, teamwork, terraform. Comfortable working independently or in a team.","Join us as a Cloud Engineer and make an impact from day one. Requirements: at least 4 years of relevant experience, with hands-on skills in kubernetes, cloud security, ci/cd, terraform, gcp, aws, azure, networking. Strong communication and teamwork are a plus.",0,Cloud Engineer,Cloud Engineer
"Mobile Developer with a proven track record of delivering results. 2 years working in related roles. Hands-on experience with git, kotlin, mentoring, mobile ui design, swift, teamwork. Comfortable working independently or in a team.","We are hiring a Cloud Engineer to join our growing team. You should have 4+ years in the field and be comfortable with docker, aws, gcp, networking, azure, kubernetes, terraform, linux. We value problem solving and a growth mindset.",1,Cloud Engineer,Mobile Developer
"Motivated Data Scientist eager to contribute technical expertise. Has 8 years of professional experience. Proficient in a/b testing, classification, data visualization, feature engineering, leadership, machine learning, pandas, python, scikit-learn, sql, teamwork. Comfortable working independently or in a team.","Data Scientist wanted for a fast-paced, collaborative environment. You should have 5+ years in the field and be comfortable with regression, python, jupyter, a/b testing, feature engineering, scikit-learn, classification. Strong communication and teamwork are a plus.",1,Data Scientist,Data Scientist
"Experienced Machine Learning Engineer with a passion for building great products. Has 9 years of professional experience. Hands-on experience with aws, feature engineering, mlops, model deployment, python, pytorch, sql, tensorflow. Comfortable working independently or in a team.","Join us as a Machine Learning Engineer and make an impact from day one. You should have 3+ years in the field and be comfortable with docker, mlops, python, sql, pytorch. Remote-friendly with flexible hours.",0,Machine Learning Engineer,Machine Learning Engineer
"Motivated Data Scientist eager to contribute technical expertise. 7 years working in related roles. Core skills include classification, machine learning, numpy, pandas, python, regression, scikit-learn. Comfortable working independently or in a team.","Our company is looking for an experienced Cybersecurity Analyst to help us scale. Requirements: at least 5 years of relevant experience, with hands-on skills in risk assessment, penetration testing, firewalls, network security, siem, python, linux. Competitive salary and benefits offered.",0,Cybersecurity Analyst,Data Scientist
"Experienced Frontend Developer with a passion for building great products. 6 years working in related roles. Hands-on experience with accessibility, git, html, incident response, javascript, penetration testing, react, redux, responsive design, rest api, typescript, webpack. Comfortable working independently or in a team.","Our company is looking for an experienced Data Analyst to help us scale. The ideal candidate has 6+ years of experience and is skilled in python, excel, statistics, data visualization, power bi. Strong communication and teamwork are a plus.",0,Data Analyst,Frontend Developer
"Motivated Frontend Developer eager to contribute technical expertise. Brings 9 years of hands-on industry experience. Hands-on experience with accessibility, css, git, html, javascript, jenkins, linux, react, redux, responsive design, typescript, webpack. Continuously learning new tools and technologies.","Join us as a QA Engineer and make an impact from day one. The ideal candidate has 7+ years of experience and is skilled in manual testing, ci/cd, python, jira, api testing, selenium, test automation. Strong communication and teamwork are a plus.",0,QA Engineer,Frontend Developer
"Motivated DevOps Engineer eager to contribute technical expertise. Brings 6 years of hands-on industry experience. Hands-on experience with ansible, bash, docker, linux, monitoring. Continuously learning new tools and technologies.","Join us as a Data Scientist and make an impact from day one. You should have 1+ years in the field and be comfortable with numpy, scikit-learn, classification, data visualization, feature engineering, regression, statistics, a/b testing. Strong communication and teamwork are a plus.",0,Data Scientist,DevOps Engineer
"Mobile Developer with a proven track record of delivering results. Brings 7 years of hands-on industry experience. Hands-on experience with android, flutter, git, kotlin, mobile ui design, rest api, swift. Known for strong communication and teamwork.","Mobile Developer wanted for a fast-paced, collaborative environment. You should have 5+ years in the field and be comfortable with mobile ui design, react native, rest api, ios, flutter. Competitive salary and benefits offered.",1,Mobile Developer,Mobile Developer
"Detail-oriented Machine Learning Engineer with hands-on experience across projects. Brings 10 years of hands-on industry experience. Proficient in aws, deep learning, docker, feature engineering, machine learning, python, pytorch, sql. Known for strong communication and teamwork.","Join us as a Backend Developer and make an impact from day one. The ideal candidate has 5+ years of experience and is skilled in git, microservices, python, unit testing, sql, flask, celery. Remote-friendly with flexible hours.",0,Backend Developer,Machine Learning Engineer
"Detail-oriented Product Manager with hands-on experience across projects. Has 0 years of professional experience. Core skills include data analysis, jira, mentoring, product strategy, scrum. Comfortable working independently or in a team.","QA Engineer wanted for a fast-paced, collaborative environment. You should have 1+ years in the field and be comfortable with manual testing, selenium, regression testing, jira, test case design. Strong communication and teamwork are a plus.",0,QA Engineer,Product Manager
"Experienced UI/UX Designer with a passion for building great products. Has 7 years of professional experience. Hands-on experience with design systems, interaction design, prototyping, usability testing, user research. Comfortable working independently or in a team.","Join us as a Product Manager and make an impact from day one. The ideal candidate has 2+ years of experience and is skilled in agile, product roadmap, stakeholder management, user research, communication. We value problem solving and a growth mindset.",1,Product Manager,UI/UX Designer
"Detail-oriented Backend Developer with hands-on experience across projects. 1 years working in related roles. Hands-on experience with celery, django, docker, flask, git, postgresql, python, redis, rest api, time management, unit testing. Continuously learning new tools and technologies.","Join us as a Mobile Developer and make an impact from day one. The ideal candidate has 3+ years of experience and is skilled in git, rest api, mobile ui design, react native, kotlin, flutter, ios. Remote-friendly with flexible hours.",0,Mobile Developer,Backend Developer
"Experienced DevOps Engineer with a passion for building great products. 9 years working in related roles. Proficient in agile, ansible, aws, ci/cd, docker, kubernetes, linux, mentoring, networking, product strategy, project management. Continuously learning new tools and technologies.","We are hiring a DevOps Engineer to join our growing team. The ideal candidate has 2+ years of experience and is skilled in terraform, networking, docker, bash, aws, monitoring, linux. Competitive salary and benefits offered.",0,DevOps Engineer,DevOps Engineer
"Motivated Mobile Developer eager to contribute technical expertise. Brings 9 years of hands-on industry experience. Proficient in flutter, ios, kotlin, leadership, mobile ui design, react native, rest api, swift. Comfortable working independently or in a team.","Join us as a Mobile Developer and make an impact from day one. You should have 3+ years in the field and be comfortable with mobile ui design, swift, rest api, kotlin, flutter, android, ios, react native. Competitive salary and benefits offered.",1,Mobile Developer,Mobile Developer
"Motivated Machine Learning Engineer eager to contribute technical expertise. 8 years working in related roles. Hands-on experience with deep learning, feature engineering, machine learning, model deployment, teamwork. Comfortable working independently or in a team.","Our company is looking for an experienced DevOps Engineer to help us scale. You should have 6+ years in the field and be comfortable with linux, bash, monitoring, networking, ci/cd. We value problem solving and a growth mindset.",0,DevOps Engineer,Machine Learning Engineer
"Detail-oriented Data Analyst with hands-on experience across projects. Has 4 years of professional experience. Hands-on experience with a/b testing, excel, pandas, power bi, python, sql, statistics, tableau. Known for strong communication and teamwork.","We are hiring a DevOps Engineer to join our growing team. You should have 3+ years in the field and be comfortable with aws, terraform, kubernetes, jenkins, monitoring, linux. Competitive salary and benefits offered.",0,DevOps Engineer,Data Analyst
"Motivated UI/UX Designer eager to contribute technical expertise. 4 years working in related roles. Core skills include adobe xd, communication, figma, interaction design, leadership, prototyping, user research. Comfortable working independently or in a team.","We are hiring a UI/UX Designer to join our growing team. Requirements: at least 4 years of relevant experience, with hands-on skills in interaction design, usability testing, figma, prototyping, user research, design systems, adobe xd. Strong communication and teamwork are a plus.",1,UI/UX Designer,UI/UX Designer
"Experienced Data Scientist with a passion for building great products. 2 years working in related roles. Proficient in classification, data visualization, feature engineering, machine learning, numpy, python, scikit-learn, sql, statistics. Comfortable working independently or in a team.","Our company is looking for an experienced Data Scientist to help us scale. You should have 2+ years in the field and be comfortable with jupyter, scikit-learn, data visualization, feature engineering, machine learning, python, statistics. Remote-friendly with flexible hours.",1,Data Scientist,Data Scientist
"Detail-oriented Machine Learning Engineer with hands-on experience across projects. Brings 3 years of hands-on industry experience. Hands-on experience with aws, communication, feature engineering, mlops, python, tensorflow. Known for strong communication and teamwork.","Our company is looking for an experienced Mobile Developer to help us scale. Requirements: at least 1 years of relevant experience, with hands-on skills in rest api, mobile ui design, ios, git, swift. Remote-friendly with flexible hours.",0,Mobile Developer,Machine Learning Engineer
"Detail-oriented Mobile Developer with hands-on experience across projects. Brings 5 years of hands-on industry experience. Proficient in android, git, kotlin, mobile ui design, rest api, swift. Comfortable working independently or in a team.","Mobile Developer wanted for a fast-paced, collaborative environment. Requirements: at least 2 years of relevant experience, with hands-on skills in swift, kotlin, ios, rest api, react native, mobile ui design, git. Remote-friendly with flexible hours.",1,Mobile Developer,Mobile Developer
"Cybersecurity Analyst with a proven track record of delivering results. 0 years working in related roles. Core skills include docker, firewalls, incident response, linux, penetration testing, pytorch, risk assessment, siem. Known for strong communication and teamwork.","Backend Developer wanted for a fast-paced, collaborative environment. You should have 7+ years in the field and be comfortable with rest api, git, flask, docker, celery, python, sql, postgresql. Remote-friendly with flexible hours.",0,Backend Developer,Cybersecurity Analyst
"Motivated Frontend Developer eager to contribute technical expertise. 1 years working in related roles. Core skills include accessibility, css, git, javascript, jira, react, redux, rest api, test case design, typescript. Comfortable working independently or in a team.","Cybersecurity Analyst wanted for a fast-paced, collaborative environment. You should have 6+ years in the field and be comfortable with firewalls, siem, linux, python, compliance, penetration testing, risk assessment. Remote-friendly with flexible hours.",0,Cybersecurity Analyst,Frontend Developer
"Motivated DevOps Engineer eager to contribute technical expertise. 8 years working in related roles. Proficient in aws, cloud security, communication, docker, linux, networking, terraform. Known for strong communication and teamwork.","Join us as a DevOps Engineer and make an impact from day one. You should have 4+ years in the field and be comfortable with linux, kubernetes, bash, terraform, networking, monitoring. Competitive salary and benefits offered.",0,DevOps Engineer,DevOps Engineer
"Detail-oriented QA Engineer with hands-on experience across projects. Brings 5 years of hands-on industry experience. Proficient in ci/cd, project management, python, selenium, test automation, test case design, time management. Comfortable working independently or in a team.","Cybersecurity Analyst wanted for a fast-paced, collaborative environment. The ideal candidate has 1+ years of experience and is skilled in incident response, siem, penetration testing, compliance, risk assessment, network security, firewalls, linux. Remote-friendly with flexible hours.",0,Cybersecurity Analyst,QA Engineer
"Experienced Data Analyst with a passion for building great products. 5 years working in related roles. Core skills include jupyter, mentoring, numpy, pandas, reporting, sql, statistics, tableau, time management. Known for strong communication and teamwork.","Our company is looking for an experienced Data Scientist to help us scale. The ideal candidate has 6+ years of experience and is skilled in feature engineering, jupyter, classification, python, numpy, sql, data visualization, machine learning. Strong communication and teamwork are a plus.",0,Data Scientist,Data Analyst
"Cybersecurity Analyst with a proven track record of delivering results. Has 3 years of professional experience. Proficient in compliance, firewalls, leadership, linux, problem solving, risk assessment. Known for strong communication and teamwork.","Join us as a Cybersecurity Analyst and make an impact from day one. Requirements: at least 4 years of relevant experience, with hands-on skills in siem, risk assessment, python, linux, network security. Strong communication and teamwork are a plus.",0,Cybersecurity Analyst,Cybersecurity Analyst
"Detail-oriented Data Scientist with hands-on experience across projects. Has 2 years of professional experience. Proficient in a/b testing, classification, design systems, machine learning, numpy, pandas, python, regression, scikit-learn, sql, teamwork, wireframing. Known for strong communication and teamwork.","Our company is looking for an experienced Data Scientist to help us scale. You should have 4+ years in the field and be comfortable with scikit-learn, a/b testing, numpy, feature engineering, regression, python, jupyter. Strong communication and teamwork are a plus.",0,Data Scientist,Data Scientist
"Experienced Product Manager with a passion for building great products. 2 years working in related roles. Hands-on experience with agile, communication, jira, product roadmap, product strategy, scrum, teamwork. Comfortable working independently or in a team.","Our company is looking for an experienced Product Manager to help us scale. You should have 3+ years in the field and be comfortable with data analysis, jira, communication, scrum, product strategy, agile, product roadmap. Remote-friendly with flexible hours.",1,Product Manager,Product Manager
"Backend Developer with a proven track record of delivering results. Brings 6 years of hands-on industry experience. Proficient in celery, docker, flask, microservices, postgresql, responsive design, typescript, unit testing. Continuously learning new tools and technologies.","Our company is looking for an experienced Mobile Developer to help us scale. Requirements: at least 7 years of relevant experience, with hands-on skills in ios, react native, flutter, git, rest api, android, swift, kotlin. Remote-friendly with flexible hours.",0,Mobile Developer,Backend Developer
"Detail-oriented Machine Learning Engineer with hands-on experience across projects. 6 years working in related roles. Proficient in deep learning, docker, feature engineering, machine learning, mlops, model deployment, python, pytorch, sql, tensorflow, time management. Comfortable working independently or in a team.","Product Manager wanted for a fast-paced, collaborative environment. The ideal candidate has 4+ years of experience and is skilled in jira, user research, product roadmap, scrum, stakeholder management, data analysis, communication, product strategy. Competitive salary and benefits offered.",0,Product Manager,Machine Learning Engineer
"Detail-oriented Mobile Developer with hands-on experience across projects. 9 years working in related roles. Hands-on experience with android, flutter, git, ios, kotlin, mobile ui design, react native, rest api, swift, teamwork. Known for strong communication and teamwork.","Our company is looking for an experienced Mobile Developer to help us scale. Requirements: at least 2 years of relevant experience, with hands-on skills in android, git, rest api, flutter, ios. Competitive salary and benefits offered.",1,Mobile Developer,Mobile Developer
"Detail-oriented Product Manager with hands-on experience across projects. Brings 4 years of hands-on industry experience. Hands-on experience with agile, communication, data analysis, data visualization, jira, product roadmap, product strategy, regression, scrum, stakeholder management, user research. Continuously learning new tools and technologies.","We are hiring a Cloud Engineer to join our growing team. The ideal candidate has 6+ years of experience and is skilled in networking, azure, kubernetes, cloud security, ci/cd. Remote-friendly with flexible hours.",1,Cloud Engineer,Product Manager
"Detail-oriented Cloud Engineer with hands-on experience across projects. Has 1 years of professional experience. Hands-on experience with azure, ci/cd, docker, gcp, kubernetes, linux, mlops, model deployment, networking, project management. Continuously learning new tools and technologies.","Our company is looking for an experienced Frontend Developer to help us scale. You should have 7+ years in the field and be comfortable with typescript, git, css, react, responsive design, javascript, html, rest api. Competitive salary and benefits offered.",0,Frontend Developer,Cloud Engineer
"Motivated QA Engineer eager to contribute technical expertise. Has 3 years of professional experience. Hands-on experience with api testing, ci/cd, jira, manual testing, python, regression testing, selenium, test automation, test case design. Known for strong communication and teamwork.","Our company is looking for an experienced Product Manager to help us scale. You should have 1+ years in the field and be comfortable with product roadmap, stakeholder management, product strategy, user research, scrum, communication, data analysis. Remote-friendly with flexible hours.",1,Product Manager,QA Engineer
"Machine Learning Engineer with a proven track record of delivering results. 7 years working in related roles. Core skills include aws, deep learning, docker, feature engineering, machine learning, model deployment, python, pytorch, tensorflow. Continuously learning new tools and technologies.","Join us as a QA Engineer and make an impact from day one. You should have 1+ years in the field and be comfortable with manual testing, regression testing, jira, test case design, test automation. We value problem solving and a growth mindset.",0,QA Engineer,Machine Learning Engineer
"Experienced Data Scientist with a passion for building great products. Has 9 years of professional experience. Proficient in feature engineering, jupyter, machine learning, pandas. Comfortable working independently or in a team.","We are hiring a Machine Learning Engineer to join our growing team. Requirements: at least 1 years of relevant experience, with hands-on skills in aws, feature engineering, docker, pytorch, mlops. Remote-friendly with flexible hours.",0,Machine Learning Engineer,Data Scientist
"Motivated Backend Developer eager to contribute technical expertise. 5 years working in related roles. Core skills include django, flask, git, microservices, python, redis, rest api, sql. Known for strong communication and teamwork.","We are hiring a Frontend Developer to join our growing team. Requirements: at least 4 years of relevant experience, with hands-on skills in html, rest api, git, webpack, responsive design. Strong communication and teamwork are a plus.",0,Frontend Developer,Backend Developer
"Motivated DevOps Engineer eager to contribute technical expertise. Has 1 years of professional experience. Proficient in bash, ci/cd, docker, jenkins, kubernetes, linux, mentoring, networking, terraform. Comfortable working independently or in a team.","We are hiring a DevOps Engineer to join our growing team. Requirements: at least 6 years of relevant experience, with hands-on skills in ci/cd, kubernetes, jenkins, docker, linux, networking, terraform. Strong communication and teamwork are a plus.",0,DevOps Engineer,DevOps Engineer
"Experienced Machine Learning Engineer with a passion for building great products. Has 3 years of professional experience. Hands-on experience with aws, machine learning, model deployment, problem solving, pytorch, sql, teamwork, tensorflow. Known for strong communication and teamwork.","We are hiring a UI/UX Designer to join our growing team. The ideal candidate has 1+ years of experience and is skilled in user research, interaction design, adobe xd, figma, design systems. Remote-friendly with flexible hours.",1,UI/UX Designer,Machine Learning Engineer
"Detail-oriented UI/UX Designer with hands-on experience across projects. 9 years working in related roles. Proficient in design systems, figma, problem solving, usability testing, wireframing. Comfortable working independently or in a team.","Our company is looking for an experienced UI/UX Designer to help us scale. The ideal candidate has 2+ years of experience and is skilled in interaction design, design systems, figma, prototyping, usability testing, user research, wireframing, adobe xd. Competitive salary and benefits offered.",1,UI/UX Designer,UI/UX Designer
"Cloud Engineer with a proven track record of delivering results. Has 9 years of professional experience. Proficient in azure, ci/cd, cloud security, docker, gcp, kubernetes, linux, networking, terraform. Comfortable working independently or in a team.","We are hiring a Cloud Engineer to join our growing team. The ideal candidate has 1+ years of experience and is skilled in kubernetes, cloud security, gcp, linux, azure, terraform, networking. Competitive salary and benefits offered.",1,Cloud Engineer,Cloud Engineer
"Motivated Backend Developer eager to contribute technical expertise. Has 4 years of professional experience. Proficient in celery, communication, docker, flask, git, postgresql, redis, rest api, swift, unit testing. Known for strong communication and teamwork.","UI/UX Designer wanted for a fast-paced, collaborative environment. The ideal candidate has 7+ years of experience and is skilled in adobe xd, prototyping, user research, design systems, wireframing, interaction design, usability testing. We value problem solving and a growth mindset.",0,UI/UX Designer,Backend Developer
"Backend Developer with a proven track record of delivering results. Has 10 years of professional experience. Proficient in celery, django, flask, git, python, react, redux, rest api, unit testing. Known for strong communication and teamwork.","Join us as a QA Engineer and make an impact from day one. Requirements: at least 1 years of relevant experience, with hands-on skills in manual testing, test case design, test automation, regression testing, ci/cd, python, jira, api testing. Strong communication and teamwork are a plus.",0,QA Engineer,Backend Developer
"UI/UX Designer with a proven track record of delivering results. Brings 1 years of hands-on industry experience. Hands-on experience with adobe xd, communication, design systems, figma, interaction design, mentoring, prototyping, usability testing, user research, wireframing. Known for strong communication and teamwork.","Frontend Developer wanted for a fast-paced, collaborative environment. The ideal candidate has 4+ years of experience and is skilled in rest api, html, typescript, javascript, accessibility, git. We value problem solving and a growth mindset.",0,Frontend Developer,UI/UX Designer
"Experienced Data Analyst with a passion for building great products. 4 years working in related roles. Core skills include communication, data visualization, excel, pandas, power bi, python, reporting, sql, statistics, tableau. Continuously learning new tools and technologies.","Our company is looking for an experienced Data Analyst to help us scale. The ideal candidate has 5+ years of experience and is skilled in data visualization, reporting, power bi, excel, a/b testing, python. Remote-friendly with flexible hours.",1,Data Analyst,Data Analyst
"Experienced Cloud Engineer with a passion for building great products. Brings 3 years of hands-on industry experience. Proficient in aws, azure, ci/cd, docker, gcp, linux. Comfortable working independently or in a team.","DevOps Engineer wanted for a fast-paced, collaborative environment. Requirements: at least 6 years of relevant experience, with hands-on skills in kubernetes, bash, linux, aws, jenkins, terraform, docker. Remote-friendly with flexible hours.",0,DevOps Engineer,Cloud Engineer
"Motivated Cloud Engineer eager to contribute technical expertise. 7 years working in related roles. Hands-on experience with aws, cloud security, gcp, kubernetes, networking. Comfortable working independently or in a team.","Our company is looking for an experienced Cloud Engineer to help us scale. You should have 1+ years in the field and be comfortable with terraform, linux, azure, kubernetes, ci/cd. Remote-friendly with flexible hours.",0,Cloud Engineer,Cloud Engineer
"Detail-oriented Data Scientist with hands-on experience across projects. Has 5 years of professional experience. Proficient in mentoring, python, regression, sql, statistics, teamwork. Comfortable working independently or in a team.","Data Scientist wanted for a fast-paced, collaborative environment. The ideal candidate has 3+ years of experience and is skilled in numpy, a/b testing, python, sql, regression, feature engineering, statistics. Remote-friendly with flexible hours.",0,Data Scientist,Data Scientist
"Motivated DevOps Engineer eager to contribute technical expertise. Has 2 years of professional experience. Hands-on experience with ansible, aws, bash, jenkins, linux, monitoring, networking. Comfortable working independently or in a team.","Mobile Developer wanted for a fast-paced, collaborative environment. The ideal candidate has 2+ years of experience and is skilled in kotlin, ios, git, flutter, react native, swift, mobile ui design, rest api. Strong communication and teamwork are a plus.",0,Mobile Developer,DevOps Engineer
"Experienced Frontend Developer with a passion for building great products. Brings 4 years of hands-on industry experience. Proficient in css, git, problem solving, react, redux, responsive design, teamwork, webpack. Comfortable working independently or in a team.","We are hiring a DevOps Engineer to join our growing team. Requirements: at least 7 years of relevant experience, with hands-on skills in terraform, aws, ci/cd, networking, monitoring, docker. Strong communication and teamwork are a plus.",0,DevOps Engineer,Frontend Developer
"Detail-oriented UI/UX Designer with hands-on experience across projects. Has 2 years of professional experience. Proficient in design systems, figma, interaction design, usability testing, user research, wireframing. Comfortable working independently or in a team.","Our company is looking for an experienced QA Engineer to help us scale. The ideal candidate has 1+ years of experience and is skilled in manual testing, test case design, selenium, api testing, python. We value problem solving and a growth mindset.",1,QA Engineer,UI/UX Designer
"Frontend Developer with a proven track record of delivering results. Brings 6 years of hands-on industry experience. Proficient in accessibility, git, html, react, redux, responsive design, rest api. Comfortable working independently or in a team.","Our company is looking for an experienced Frontend Developer to help us scale. The ideal candidate has 2+ years of experience and is skilled in webpack, html, react, responsive design, rest api, javascript, css, git. Strong communication and teamwork are a plus.",1,Frontend Developer,Frontend Developer
"Motivated Frontend Developer eager to contribute technical expertise. 3 years working in related roles. Proficient in accessibility, javascript, react, responsive design, webpack. Comfortable working independently or in a team.","Frontend Developer wanted for a fast-paced, collaborative environment. You should have 1+ years in the field and be comfortable with javascript, css, react, git, typescript, rest api, webpack. Competitive salary and benefits offered.",0,Frontend Developer,Frontend Developer
"Backend Developer with a proven track record of delivering results. Has 7 years of professional experience. Proficient in communication, django, docker, git, microservices, redis, sql, time management. Comfortable working independently or in a team.","We are hiring a Backend Developer to join our growing team. Requirements: at least 4 years of relevant experience, with hands-on skills in python, celery, redis, flask, postgresql. We value problem solving and a growth mindset.",0,Backend Developer,Backend Developer
"Experienced Cloud Engineer with a passion for building great products. 1 years working in related roles. Core skills include aws, azure, cloud security, docker, gcp, kubernetes, linux, networking, terraform. Comfortable working independently or in a team.","We are hiring a Data Analyst to join our growing team. Requirements: at least 4 years of relevant experience, with hands-on skills in power bi, tableau, excel, pandas, data visualization, statistics. Competitive salary and benefits offered.",0,Data Analyst,Cloud Engineer
"Detail-oriented Cybersecurity Analyst with hands-on experience across projects. 10 years working in related roles. Core skills include communication, compliance, firewalls, incident response, kubernetes, linux, network security, networking, problem solving, risk assessment. Known for strong communication and teamwork.","Our company is looking for an experienced QA Engineer to help us scale. You should have 1+ years in the field and be comfortable with regression testing, test automation, manual testing, selenium, python, test case design, ci/cd, jira. Strong communication and teamwork are a plus.",0,QA Engineer,Cybersecurity Analyst
"Detail-oriented QA Engineer with hands-on experience across projects. Brings 3 years of hands-on industry experience. Proficient in ci/cd, classification, jira, manual testing, python, selenium, test automation, test case design. Continuously learning new tools and technologies.","Our company is looking for an experienced Frontend Developer to help us scale. Requirements: at least 1 years of relevant experience, with hands-on skills in css, responsive design, react, redux, typescript, rest api. Competitive salary and benefits offered.",0,Frontend Developer,QA Engineer
"Product Manager with a proven track record of delivering results. Has 3 years of professional experience. Proficient in agile, communication, product roadmap, product strategy, scrum, stakeholder management, teamwork, user research. Known for strong communication and teamwork.","Join us as a Product Manager and make an impact from day one. Requirements: at least 3 years of relevant experience, with hands-on skills in stakeholder management, agile, product strategy, jira, scrum, communication. We value problem solving and a growth mindset.",1,Product Manager,Product Manager
"Detail-oriented DevOps Engineer with hands-on experience across projects. Brings 10 years of hands-on industry experience. Core skills include ansible, aws, bash, ci/cd, docker, kubernetes, linux, monitoring, networking, terraform. Continuously learning new tools and technologies.","UI/UX Designer wanted for a fast-paced, collaborative environment. The ideal candidate has 4+ years of experience and is skilled in adobe xd, design systems, user research, wireframing, prototyping. Remote-friendly with flexible hours.",0,UI/UX Designer,DevOps Engineer
"Experienced Backend Developer with a passion for building great products. Brings 2 years of hands-on industry experience. Proficient in android, communication, docker, flask, mentoring, postgresql, rest api, sql. Comfortable working independently or in a team.","QA Engineer wanted for a fast-paced, collaborative environment. You should have 2+ years in the field and be comfortable with api testing, ci/cd, test case design, manual testing, jira, python, test automation. Competitive salary and benefits offered.",0,QA Engineer,Backend Developer
"Detail-oriented Cybersecurity Analyst with hands-on experience across projects. Brings 4 years of hands-on industry experience. Hands-on experience with classification, compliance, firewalls, numpy, python, risk assessment. Continuously learning new tools and technologies.","Cybersecurity Analyst wanted for a fast-paced, collaborative environment. The ideal candidate has 3+ years of experience and is skilled in penetration testing, incident response, firewalls, linux, network security, compliance, python, risk assessment. Strong communication and teamwork are a plus.",0,Cybersecurity Analyst,Cybersecurity Analyst
"Motivated Machine Learning Engineer eager to contribute technical expertise. Brings 0 years of hands-on industry experience. Proficient in aws, deep learning, docker, feature engineering, mlops, model deployment, python, pytorch, scrum, sql, stakeholder management, time management. Continuously learning new tools and technologies.","Our company is looking for an experienced Cybersecurity Analyst to help us scale. Requirements: at least 4 years of relevant experience, with hands-on skills in risk assessment, firewalls, incident response, compliance, linux. Strong communication and teamwork are a plus.",0,Cybersecurity Analyst,Machine Learning Engineer
"Mobile Developer with a proven track record of delivering results. Has 8 years of professional experience. Proficient in android, git, model deployment, react native, rest api, swift, tensorflow. Comfortable working independently or in a team.","Join us as a Mobile Developer and make an impact from day one. The ideal candidate has 7+ years of experience and is skilled in git, swift, ios, kotlin, rest api, flutter, android, mobile ui design. Strong communication and teamwork are a plus.",0,Mobile Developer,Mobile Developer
"Motivated Machine Learning Engineer eager to contribute technical expertise. Has 4 years of professional experience. Hands-on experience with aws, deep learning, docker, leadership, machine learning, mlops, python, tensorflow. Known for strong communication and teamwork.","We are hiring a UI/UX Designer to join our growing team. Requirements: at least 4 years of relevant experience, with hands-on skills in figma, adobe xd, interaction design, wireframing, prototyping, usability testing, design systems, user research. Competitive salary and benefits offered.",0,UI/UX Designer,Machine Learning Engineer
"Detail-oriented Data Scientist with hands-on experience across projects. Brings 5 years of hands-on industry experience. Hands-on experience with a/b testing, classification, communication, jupyter, leadership, network security, python, regression, siem. Comfortable working independently or in a team.","Join us as a UI/UX Designer and make an impact from day one. Requirements: at least 1 years of relevant experience, with hands-on skills in wireframing, figma, user research, usability testing, prototyping. Strong communication and teamwork are a plus.",0,UI/UX Designer,Data Scientist
"Detail-oriented Data Scientist with hands-on experience across projects. Brings 5 years of hands-on industry experience. Core skills include a/b testing, classification, feature engineering, pandas, python. Known for strong communication and teamwork.","DevOps Engineer wanted for a fast-paced, collaborative environment. Requirements: at least 4 years of relevant experience, with hands-on skills in ci/cd, ansible, kubernetes, terraform, monitoring, linux, bash. Competitive salary and benefits offered.",0,DevOps Engineer,Data Scientist
"Motivated Backend Developer eager to contribute technical expertise. 7 years working in related roles. Hands-on experience with celery, django, docker, mentoring, postgresql, problem solving, rest api, sql, unit testing. Continuously learning new tools and technologies.","Join us as a Mobile Developer and make an impact from day one. You should have 1+ years in the field and be comfortable with swift, kotlin, react native, mobile ui design, git, ios, android. We value problem solving and a growth mindset.",0,Mobile Developer,Backend Developer
"Machine Learning Engineer with a proven track record of delivering results. 3 years working in related roles. Hands-on experience with deep learning, feature engineering, leadership, machine learning, mlops, pytorch, teamwork, tensorflow. Continuously learning new tools and technologies.","We are hiring a UI/UX Designer to join our growing team. Requirements: at least 3 years of relevant experience, with hands-on skills in user research, prototyping, figma, adobe xd, usability testing, design systems. We value problem solving and a growth mindset.",0,UI/UX Designer,Machine Learning Engineer
"Experienced Cloud Engineer with a passion for building great products. Has 3 years of professional experience. Hands-on experience with azure, communication, docker, kubernetes, terraform. Comfortable working independently or in a team.","Join us as a Cloud Engineer and make an impact from day one. You should have 1+ years in the field and be comfortable with docker, gcp, networking, terraform, kubernetes, azure. Remote-friendly with flexible hours.",1,Cloud Engineer,Cloud Engineer
"Detail-oriented Data Scientist with hands-on experience across projects. Has 0 years of professional experience. Proficient in classification, jupyter, machine learning, numpy, statistics. Continuously learning new tools and technologies.","Mobile Developer wanted for a fast-paced, collaborative environment. The ideal candidate has 3+ years of experience and is skilled in git, rest api, ios, react native, flutter, kotlin. Competitive salary and benefits offered.",0,Mobile Developer,Data Scientist
"Experienced Backend Developer with a passion for building great products. Has 7 years of professional experience. Proficient in ci/cd, communication, flask, networking, postgresql, sql, unit testing. Known for strong communication and teamwork.","Join us as a Mobile Developer and make an impact from day one. Requirements: at least 4 years of relevant experience, with hands-on skills in swift, git, rest api, kotlin, react native, flutter. Remote-friendly with flexible hours.",0,Mobile Developer,Backend Developer
"Motivated UI/UX Designer eager to contribute technical expertise. Has 6 years of professional experience. Hands-on experience with a/b testing, adobe xd, design systems, figma, interaction design, mentoring, problem solving, prototyping, statistics, user research, wireframing. Continuously learning new tools and technologies.","We are hiring a Cybersecurity Analyst to join our growing team. Requirements: at least 6 years of relevant experience, with hands-on skills in penetration testing, incident response, linux, firewalls, python, compliance, network security. Remote-friendly with flexible hours.",0,Cybersecurity Analyst,UI/UX Designer
"Experienced Machine Learning Engineer with a passion for building great products. Brings 1 years of hands-on industry experience. Proficient in aws, deep learning, leadership, machine learning, mlops, model deployment. Continuously learning new tools and technologies.","QA Engineer wanted for a fast-paced, collaborative environment. The ideal candidate has 5+ years of experience and is skilled in python, test case design, jira, manual testing, test automation, ci/cd. We value problem solving and a growth mindset.",0,QA Engineer,Machine Learning Engineer
"Experienced Cybersecurity Analyst with a passion for building great products. Has 6 years of professional experience. Hands-on experience with compliance, firewalls, incident response, linux, network security, penetration testing, risk assessment, siem. Known for strong communication and teamwork.","We are hiring a Mobile Developer to join our growing team. The ideal candidate has 4+ years of experience and is skilled in flutter, react native, ios, mobile ui design, kotlin. Competitive salary and benefits offered.",0,Mobile Developer,Cybersecurity Analyst
"Detail-oriented Data Analyst with hands-on experience across projects. Has 4 years of professional experience. Hands-on experience with data visualization, excel, mentoring, pandas, python, reporting, sql, statistics, tableau. Continuously learning new tools and technologies.","Our company is looking for an experienced Data Analyst to help us scale. The ideal candidate has 7+ years of experience and is skilled in python, reporting, data visualization, a/b testing, tableau, statistics. Competitive salary and benefits offered.",0,Data Analyst,Data Analyst
"Frontend Developer with a proven track record of delivering results. Has 0 years of professional experience. Hands-on experience with accessibility, css, git, html, mentoring, react, redux, responsive design, rest api, typescript, webpack. Comfortable working independently or in a team.","Our company is looking for an experienced UI/UX Designer to help us scale. You should have 6+ years in the field and be comfortable with interaction design, usability testing, wireframing, adobe xd, figma, prototyping, user research, design systems. Remote-friendly with flexible hours.",0,UI/UX Designer,Frontend Developer
"Cloud Engineer with a proven track record of delivering results. Brings 6 years of hands-on industry experience. Hands-on experience with aws, kubernetes, networking, teamwork, terraform. Continuously learning new tools and technologies.","Backend Developer wanted for a fast-paced, collaborative environment. Requirements: at least 5 years of relevant experience, with hands-on skills in redis, docker, python, postgresql, django, sql, microservices. We value problem solving and a growth mindset.",0,Backend Developer,Cloud Engineer
"Data Scientist with a proven track record of delivering results. Has 9 years of professional experience. Core skills include a/b testing, feature engineering, interaction design, jupyter, machine learning, numpy, python, regression, scikit-learn, sql, statistics, user research. Continuously learning new tools and technologies.","Our company is looking for an experienced DevOps Engineer to help us scale. The ideal candidate has 1+ years of experience and is skilled in kubernetes, docker, bash, ansible, terraform. Remote-friendly with flexible hours.",0,DevOps Engineer,Data Scientist
"QA Engineer with a proven track record of delivering results. Has 5 years of professional experience. Proficient in api testing, ci/cd, jira, manual testing, python, regression testing, selenium, test case design. Known for strong communication and teamwork.","We are hiring a Mobile Developer to join our growing team. The ideal candidate has 5+ years of experience and is skilled in rest api, kotlin, git, ios, flutter, mobile ui design, android, swift. We value problem solving and a growth mindset.",0,Mobile Developer,QA Engineer
"Experienced Backend Developer with a passion for building great products. 5 years working in related roles. Proficient in celery, django, docker, flask, microservices, redis, rest api, sql. Comfortable working independently or in a team.","Join us as a UI/UX Designer and make an impact from day one. You should have 5+ years in the field and be comfortable with prototyping, figma, interaction design, design systems, usability testing, adobe xd. Competitive salary and benefits offered.",0,UI/UX Designer,Backend Developer
"Experienced Mobile Developer with a passion for building great products. 8 years working in related roles. Hands-on experience with android, flutter, git, ios, kotlin, mobile ui design, react native, rest api, swift. Continuously learning new tools and technologies.","QA Engineer wanted for a fast-paced, collaborative environment. The ideal candidate has 4+ years of experience and is skilled in selenium, ci/cd, python, jira, api testing, test case design, regression testing, test automation. Strong communication and teamwork are a plus.",0,QA Engineer,Mobile Developer
"Motivated UI/UX Designer eager to contribute technical expertise. Has 6 years of professional experience. Hands-on experience with adobe xd, design systems, interaction design, prototyping, usability testing, wireframing. Known for strong communication and teamwork.","Our company is looking for an experienced UI/UX Designer to help us scale. Requirements: at least 3 years of relevant experience, with hands-on skills in wireframing, prototyping, user research, design systems, interaction design, usability testing, figma, adobe xd. Strong communication and teamwork are a plus.",1,UI/UX Designer,UI/UX Designer
"Detail-oriented Data Analyst with hands-on experience across projects. Has 4 years of professional experience. Proficient in a/b testing, celery, data visualization, excel, mentoring, power bi, python, reporting, statistics, tableau, unit testing. Continuously learning new tools and technologies.","Join us as a Data Analyst and make an impact from day one. The ideal candidate has 1+ years of experience and is skilled in data visualization, sql, excel, a/b testing, power bi. Remote-friendly with flexible hours.",1,Data Analyst,Data Analyst
"Motivated Cloud Engineer eager to contribute technical expertise. 2 years working in related roles. Proficient in aws, azure, ci/cd, kubernetes, linux, terraform, time management. Known for strong communication and teamwork.","Our company is looking for an experienced Data Scientist to help us scale. You should have 5+ years in the field and be comfortable with regression, a/b testing, numpy, machine learning, classification. Remote-friendly with flexible hours.",0,Data Scientist,Cloud Engineer
"QA Engineer with a proven track record of delivering results. Has 7 years of professional experience. Proficient in accessibility, api testing, javascript, jira, python, test automation, test case design. Comfortable working independently or in a team.","QA Engineer wanted for a fast-paced, collaborative environment. The ideal candidate has 4+ years of experience and is skilled in ci/cd, test case design, selenium, api testing, test automation. We value problem solving and a growth mindset.",1,QA Engineer,QA Engineer
"Backend Developer with a proven track record of delivering results. Brings 7 years of hands-on industry experience. Hands-on experience with celery, docker, flask, git, postgresql, python, redis, rest api, sql, unit testing. Comfortable working independently or in a team.","QA Engineer wanted for a fast-paced, collaborative environment. The ideal candidate has 7+ years of experience and is skilled in manual testing, test case design, regression testing, ci/cd, python, api testing, test automation, selenium. Competitive salary and benefits offered.",0,QA Engineer,Backend Developer
"Machine Learning Engineer with a proven track record of delivering results. Brings 7 years of hands-on industry experience. Core skills include aws, deep learning, docker, feature engineering, machine learning, mlops, sql, tensorflow. Comfortable working independently or in a team.","Join us as a Data Analyst and make an impact from day one. Requirements: at least 5 years of relevant experience, with hands-on skills in python, data visualization, excel, power bi, tableau, pandas. We value problem solving and a growth mindset.",0,Data Analyst,Machine Learning Engineer
"Motivated Cybersecurity Analyst eager to contribute technical expertise. 9 years working in related roles. Proficient in firewalls, incident response, linux, network security, penetration testing, python, risk assessment. Comfortable working independently or in a team.","DevOps Engineer wanted for a fast-paced, collaborative environment. The ideal candidate has 1+ years of experience and is skilled in docker, monitoring, bash, linux, terraform, ci/cd. We value problem solving and a growth mindset.",1,DevOps Engineer,Cybersecurity Analyst
"Experienced Data Scientist with a passion for building great products. 3 years working in related roles. Core skills include data visualization, machine learning, numpy, scikit-learn. Comfortable working independently or in a team.","Join us as a Cybersecurity Analyst and make an impact from day one. Requirements: at least 3 years of relevant experience, with hands-on skills in firewalls, network security, penetration testing, linux, compliance, siem, python. We value problem solving and a growth mindset.",0,Cybersecurity Analyst,Data Scientist
"Experienced Data Analyst with a passion for building great products. Brings 2 years of hands-on industry experience. Proficient in a/b testing, communication, data visualization, power bi, sql, time management. Comfortable working independently or in a team.","Join us as a Cybersecurity Analyst and make an impact from day one. The ideal candidate has 1+ years of experience and is skilled in penetration testing, firewalls, linux, compliance, python, network security, incident response, risk assessment. Competitive salary and benefits offered.",0,Cybersecurity Analyst,Data Analyst
"Detail-oriented Frontend Developer with hands-on experience across projects. 2 years working in related roles. Core skills include css, html, javascript, jenkins, linux, mentoring, redux, teamwork. Known for strong communication and teamwork.","Backend Developer wanted for a fast-paced, collaborative environment. The ideal candidate has 4+ years of experience and is skilled in git, microservices, sql, rest api, unit testing, docker. Strong communication and teamwork are a plus.",0,Backend Developer,Frontend Developer
"Motivated Data Analyst eager to contribute technical expertise. Brings 10 years of hands-on industry experience. Core skills include excel, pandas, problem solving, python, reporting, sql, statistics. Comfortable working independently or in a team.","Our company is looking for an experienced Data Analyst to help us scale. You should have 5+ years in the field and be comfortable with sql, pandas, data visualization, tableau, excel. Competitive salary and benefits offered.",1,Data Analyst,Data Analyst
"Experienced DevOps Engineer with a passion for building great products. 6 years working in related roles. Core skills include android, aws, kubernetes, leadership, linux, monitoring, rest api. Continuously learning new tools and technologies.","Our company is looking for an experienced DevOps Engineer to help us scale. The ideal candidate has 4+ years of experience and is skilled in docker, jenkins, aws, monitoring, kubernetes, terraform, networking, ci/cd. Remote-friendly with flexible hours.",0,DevOps Engineer,DevOps Engineer
"Detail-oriented DevOps Engineer with hands-on experience across projects. Brings 2 years of hands-on industry experience. Proficient in api testing, aws, bash, ci/cd, docker, jenkins, kubernetes, linux, manual testing, networking. Continuously learning new tools and technologies.","Join us as a UI/UX Designer and make an impact from day one. The ideal candidate has 5+ years of experience and is skilled in adobe xd, wireframing, figma, interaction design, usability testing, design systems, prototyping, user research. Strong communication and teamwork are a plus.",0,UI/UX Designer,DevOps Engineer
"Experienced Data Scientist with a passion for building great products. Has 3 years of professional experience. Core skills include a/b testing, linux, machine learning, penetration testing, scikit-learn, sql, statistics. Known for strong communication and teamwork.","We are hiring a Frontend Developer to join our growing team. You should have 3+ years in the field and be comfortable with typescript, css, rest api, javascript, html, accessibility. Competitive salary and benefits offered.",0,Frontend Developer,Data Scientist
"Experienced Cybersecurity Analyst with a passion for building great products. 1 years working in related roles. Hands-on experience with compliance, data analysis, firewalls, incident response, penetration testing, risk assessment, siem, stakeholder management. Known for strong communication and teamwork.","Data Analyst wanted for a fast-paced, collaborative environment. You should have 3+ years in the field and be comfortable with statistics, reporting, power bi, python, a/b testing, sql, data visualization, pandas. Strong communication and teamwork are a plus.",0,Data Analyst,Cybersecurity Analyst
"Detail-oriented QA Engineer with hands-on experience across projects. Has 0 years of professional experience. Hands-on experience with api testing, ci/cd, jira, selenium, test automation, test case design, time management. Known for strong communication and teamwork.","We are hiring a Product Manager to join our growing team. You should have 2+ years in the field and be comfortable with product strategy, agile, data analysis, jira, product roadmap, scrum, user research, communication. Remote-friendly with flexible hours.",0,Product Manager,QA Engineer
"Experienced Product Manager with a passion for building great products. Brings 5 years of hands-on industry experience. Proficient in data analysis, jira, scrum, teamwork, time management, user research. Known for strong communication and teamwork.","Join us as a Product Manager and make an impact from day one. Requirements: at least 6 years of relevant experience, with hands-on skills in jira, agile, communication, scrum, stakeholder management, product strategy. Remote-friendly with flexible hours.",0,Product Manager,Product Manager
"Experienced Data Scientist with a passion for building great products. Brings 10 years of hands-on industry experience. Proficient in api testing, communication, feature engineering, jira, leadership, machine learning, python, regression, statistics. Continuously learning new tools and technologies.","Our company is looking for an experienced Data Analyst to help us scale. You should have 4+ years in the field and be comfortable with sql, power bi, a/b testing, excel, data visualization. Remote-friendly with flexible hours.",0,Data Analyst,Data Scientist
"Motivated Backend Developer eager to contribute technical expertise. Brings 3 years of hands-on industry experience. Proficient in communication, django, flask, leadership, rest api, unit testing. Known for strong communication and teamwork.","Our company is looking for an experienced DevOps Engineer to help us scale. The ideal candidate has 6+ years of experience and is skilled in jenkins, monitoring, linux, terraform, ansible, docker, bash. Remote-friendly with flexible hours.",0,DevOps Engineer,Backend Developer
"Detail-oriented Backend Developer with hands-on experience across projects. Has 1 years of professional experience. Hands-on experience with celery, django, docker, flask, git, microservices, python, redis, rest api, unit testing. Comfortable working independently or in a team.","We are hiring a Frontend Developer to join our growing team. You should have 2+ years in the field and be comfortable with javascript, react, css, html, responsive design, git. We value problem solving and a growth mindset.",0,Frontend Developer,Backend Developer
"Motivated Backend Developer eager to contribute technical expertise. Has 9 years of professional experience. Proficient in celery, django, flask, git, microservices, python, redis, rest api, sql, unit testing. Known for strong communication and teamwork.","Our company is looking for an experienced Mobile Developer to help us scale. The ideal candidate has 3+ years of experience and is skilled in git, rest api, ios, kotlin, swift, react native, mobile ui design. Competitive salary and benefits offered.",0,Mobile Developer,Backend Developer
"Experienced Cloud Engineer with a passion for building great products. 7 years working in related roles. Hands-on experience with aws, azure, cloud security, docker, kubernetes, linux, networking, problem solving. Continuously learning new tools and technologies.","Cloud Engineer wanted for a fast-paced, collaborative environment. Requirements: at least 3 years of relevant experience, with hands-on skills in azure, cloud security, ci/cd, docker, gcp, kubernetes, networking. Remote-friendly with flexible hours.",1,Cloud Engineer,Cloud Engineer
"QA Engineer with a proven track record of delivering results. 0 years working in related roles. Proficient in api testing, ci/cd, jira, python, selenium, test automation. Known for strong communication and teamwork.","Join us as a Frontend Developer and make an impact from day one. You should have 7+ years in the field and be comfortable with css, git, redux, webpack, javascript, react, accessibility, typescript. We value problem solving and a growth mindset.",0,Frontend Developer,QA Engineer
"Cybersecurity Analyst with a proven track record of delivering results. Has 8 years of professional experience. Hands-on experience with compliance, firewalls, incident response, linux, network security, penetration testing, python, risk assessment, siem, teamwork. Comfortable working independently or in a team.","Join us as a Cybersecurity Analyst and make an impact from day one. The ideal candidate has 4+ years of experience and is skilled in python, siem, penetration testing, linux, incident response, risk assessment, network security. We value problem solving and a growth mindset.",1,Cybersecurity Analyst,Cybersecurity Analyst
"Motivated DevOps Engineer eager to contribute technical expertise. 1 years working in related roles. Proficient in ansible, aws, ci/cd, docker, incident response, monitoring, networking, python, terraform. Continuously learning new tools and technologies.","Join us as a Cybersecurity Analyst and make an impact from day one. You should have 4+ years in the field and be comfortable with incident response, python, penetration testing, linux, network security, compliance, siem, firewalls. Remote-friendly with flexible hours.",0,Cybersecurity Analyst,DevOps Engineer
"Detail-oriented Cybersecurity Analyst with hands-on experience across projects. Has 4 years of professional experience. Hands-on experience with android, compliance, firewalls, linux, mobile ui design, network security, python, siem. Known for strong communication and teamwork.","Our company is looking for an experienced Cybersecurity Analyst to help us scale. Requirements: at least 5 years of relevant experience, with hands-on skills in penetration testing, compliance, network security, incident response, linux. Strong communication and teamwork are a plus.",0,Cybersecurity Analyst,Cybersecurity Analyst
"Motivated Mobile Developer eager to contribute technical expertise. 6 years working in related roles. Hands-on experience with android, flutter, git, kotlin, mentoring, mobile ui design, swift, teamwork. Known for strong communication and teamwork.","Join us as a Cloud Engineer and make an impact from day one. You should have 3+ years in the field and be comfortable with linux, networking, aws, ci/cd, terraform. Competitive salary and benefits offered.",0,Cloud Engineer,Mobile Developer
"Motivated Cloud Engineer eager to contribute technical expertise. 9 years working in related roles. Core skills include azure, cloud security, communication, docker, gcp, linux, networking, problem solving, terraform. Known for strong communication and teamwork.","Cloud Engineer wanted for a fast-paced, collaborative environment. Requirements: at least 6 years of relevant experience, with hands-on skills in aws, networking, azure, terraform, linux. We value problem solving and a growth mindset.",1,Cloud Engineer,Cloud Engineer
"Experienced Data Scientist with a passion for building great products. Brings 3 years of hands-on industry experience. Hands-on experience with data visualization, model deployment, numpy, pandas, python, pytorch, scikit-learn, sql, statistics. Continuously learning new tools and technologies.","We are hiring a Cloud Engineer to join our growing team. The ideal candidate has 2+ years of experience and is skilled in azure, terraform, aws, ci/cd, docker. We value problem solving and a growth mindset.",0,Cloud Engineer,Data Scientist
"Experienced Machine Learning Engineer with a passion for building great products. Has 3 years of professional experience. Core skills include aws, deep learning, feature engineering, machine learning, mlops, tensorflow. Comfortable working independently or in a team.","Join us as a Product Manager and make an impact from day one. You should have 2+ years in the field and be comfortable with product roadmap, user research, data analysis, product strategy, communication. We value problem solving and a growth mindset.",0,Product Manager,Machine Learning Engineer
"Data Analyst with a proven track record of delivering results. 1 years working in related roles. Hands-on experience with a/b testing, data visualization, excel, mentoring, pandas, power bi, python, reporting, sql, statistics, tableau, teamwork. Comfortable working independently or in a team.","Our company is looking for an experienced DevOps Engineer to help us scale. Requirements: at least 1 years of relevant experience, with hands-on skills in aws, linux, bash, kubernetes, ci/cd, networking. Strong communication and teamwork are a plus.",0,DevOps Engineer,Data Analyst
"UI/UX Designer with a proven track record of delivering results. 8 years working in related roles. Proficient in adobe xd, communication, design systems, product strategy, time management, usability testing, user research. Comfortable working independently or in a team.","Join us as a Backend Developer and make an impact from day one. You should have 5+ years in the field and be comfortable with docker, rest api, python, redis, microservices, celery, unit testing. Competitive salary and benefits offered.",0,Backend Developer,UI/UX Designer
"Motivated DevOps Engineer eager to contribute technical expertise. Has 2 years of professional experience. Hands-on experience with aws, bash, ci/cd, docker, kubernetes, monitoring, networking. Known for strong communication and teamwork.","Our company is looking for an experienced DevOps Engineer to help us scale. You should have 2+ years in the field and be comfortable with networking, kubernetes, jenkins, ansible, terraform, docker, linux. Remote-friendly with flexible hours.",0,DevOps Engineer,DevOps Engineer
"Cybersecurity Analyst with a proven track record of delivering results. 4 years working in related roles. Hands-on experience with firewalls, linux, penetration testing, rest api, siem, typescript. Known for strong communication and teamwork.","Our company is looking for an experienced Cybersecurity Analyst to help us scale. Requirements: at least 6 years of relevant experience, with hands-on skills in siem, incident response, python, network security, compliance, linux, firewalls. Competitive salary and benefits offered.",0,Cybersecurity Analyst,Cybersecurity Analyst
"Experienced QA Engineer with a passion for building great products. Brings 7 years of hands-on industry experience. Core skills include api testing, ci/cd, jira, leadership, manual testing, selenium, test automation, test case design. Continuously learning new tools and technologies.","We are hiring a Machine Learning Engineer to join our growing team. The ideal candidate has 6+ years of experience and is skilled in mlops, python, docker, sql, machine learning, tensorflow. Remote-friendly with flexible hours.",0,Machine Learning Engineer,QA Engineer
"Detail-oriented Data Analyst with hands-on experience across projects. 7 years working in related roles. Core skills include a/b testing, data visualization, leadership, pandas, power bi, python, statistics. Comfortable working independently or in a team.","We are hiring a Data Analyst to join our growing team. The ideal candidate has 6+ years of experience and is skilled in a/b testing, sql, power bi, tableau, pandas. We value problem solving and a growth mindset.",1,Data Analyst,Data Analyst
"Product Manager with a proven track record of delivering results. Brings 8 years of hands-on industry experience. Core skills include agile, jira, leadership, penetration testing, product roadmap, risk assessment, scrum, stakeholder management, time management. Known for strong communication and teamwork.","QA Engineer wanted for a fast-paced, collaborative environment. The ideal candidate has 1+ years of experience and is skilled in manual testing, regression testing, selenium, jira, test case design, python. Strong communication and teamwork are a plus.",0,QA Engineer,Product Manager
"Motivated Product Manager eager to contribute technical expertise. Brings 8 years of hands-on industry experience. Proficient in agile, data analysis, jira, product strategy, scrum, stakeholder management, user research. Comfortable working independently or in a team.","Join us as a Machine Learning Engineer and make an impact from day one. Requirements: at least 6 years of relevant experience, with hands-on skills in machine learning, docker, deep learning, sql, tensorflow, python. Competitive salary and benefits offered.",0,Machine Learning Engineer,Product Manager
"Detail-oriented Cloud Engineer with hands-on experience across projects. Brings 7 years of hands-on industry experience. Proficient in aws, azure, ci/cd, cloud security, docker, gcp, kubernetes, linux, networking, terraform. Comfortable working independently or in a team.","Data Analyst wanted for a fast-paced, collaborative environment. You should have 6+ years in the field and be comfortable with a/b testing, data visualization, power bi, statistics, python. Competitive salary and benefits offered.",0,Data Analyst,Cloud Engineer
"Experienced UI/UX Designer with a passion for building great products. Brings 10 years of hands-on industry experience. Hands-on experience with adobe xd, design systems, interaction design, problem solving, prototyping, usability testing, user research, wireframing. Known for strong communication and teamwork.","Join us as a Cloud Engineer and make an impact from day one. The ideal candidate has 5+ years of experience and is skilled in aws, cloud security, kubernetes, gcp, azure, docker. Competitive salary and benefits offered.",0,Cloud Engineer,UI/UX Designer
"Mobile Developer with a proven track record of delivering results. Has 10 years of professional experience. Core skills include android, flutter, git, ios, mobile ui design, project management, react native, swift, teamwork. Continuously learning new tools and technologies.","Machine Learning Engineer wanted for a fast-paced, collaborative environment. Requirements: at least 1 years of relevant experience, with hands-on skills in pytorch, deep learning, python, machine learning, model deployment, docker, tensorflow, sql. Remote-friendly with flexible hours.",0,Machine Learning Engineer,Mobile Developer
"Motivated Machine Learning Engineer eager to contribute technical expertise. Has 1 years of professional experience. Proficient in data analysis, deep learning, docker, model deployment, scrum, tensorflow. Comfortable working independently or in a team.","Join us as a Data Analyst and make an impact from day one. Requirements: at least 3 years of relevant experience, with hands-on skills in a/b testing, pandas, data visualization, sql, power bi, reporting, statistics, python. We value problem solving and a growth mindset.",1,Data Analyst,Machine Learning Engineer
"DevOps Engineer with a proven track record of delivering results. Brings 1 years of hands-on industry experience. Hands-on experience with ansible, bash, ci/cd, communication, data analysis, docker, jenkins, monitoring, networking, stakeholder management, terraform. Continuously learning new tools and technologies.","Join us as a UI/UX Designer and make an impact from day one. Requirements: at least 2 years of relevant experience, with hands-on skills in usability testing, adobe xd, design systems, prototyping, interaction design, user research. Strong communication and teamwork are a plus.",0,UI/UX Designer,DevOps Engineer
"Motivated Product Manager eager to contribute technical expertise. Brings 9 years of hands-on industry experience. Hands-on experience with agile, ci/cd, communication, data analysis, jenkins, leadership, product roadmap, product strategy, scrum, stakeholder management, time management. Continuously learning new tools and technologies.","Data Analyst wanted for a fast-paced, collaborative environment. The ideal candidate has 6+ years of experience and is skilled in a/b testing, tableau, sql, statistics, power bi. Remote-friendly with flexible hours.",0,Data Analyst,Product Manager
"Detail-oriented Cybersecurity Analyst with hands-on experience across projects. Brings 3 years of hands-on industry experience. Hands-on experience with compliance, firewalls, incident response, leadership, linux, network security, penetration testing, problem solving, python, risk assessment, siem. Comfortable working independently or in a team.","Cybersecurity Analyst wanted for a fast-paced, collaborative environment. Requirements: at least 2 years of relevant experience, with hands-on skills in incident response, siem, risk assessment, network security, compliance, python. Remote-friendly with flexible hours.",1,Cybersecurity Analyst,Cybersecurity Analyst
"Detail-oriented Cloud Engineer with hands-on experience across projects. Brings 7 years of hands-on industry experience. Core skills include aws, ci/cd, gcp, linux, networking, terraform. Continuously learning new tools and technologies.","Our company is looking for an experienced Cloud Engineer to help us scale. Requirements: at least 3 years of relevant experience, with hands-on skills in linux, docker, cloud security, networking, gcp, ci/cd, kubernetes, terraform. Competitive salary and benefits offered.",1,Cloud Engineer,Cloud Engineer
"Experienced Data Scientist with a passion for building great products. Brings 4 years of hands-on industry experience. Core skills include adobe xd, data visualization, feature engineering, figma, project management, scikit-learn, statistics. Comfortable working independently or in a team.","Join us as a Data Scientist and make an impact from day one. Requirements: at least 3 years of relevant experience, with hands-on skills in numpy, python, data visualization, sql, feature engineering, statistics, regression. We value problem solving and a growth mindset.",0,Data Scientist,Data Scientist
"Experienced Data Analyst with a passion for building great products. Has 10 years of professional experience. Core skills include a/b testing, power bi, sql, statistics, tableau. Comfortable working independently or in a team.","Cloud Engineer wanted for a fast-paced, collaborative environment. You should have 7+ years in the field and be comfortable with terraform, docker, ci/cd, gcp, azure, linux. Remote-friendly with flexible hours.",1,Cloud Engineer,Data Analyst
"Motivated Product Manager eager to contribute technical expertise. Brings 7 years of hands-on industry experience. Core skills include agile, communication, data analysis, jira, product roadmap, product strategy, scrum, stakeholder management, user research. Known for strong communication and teamwork.","Product Manager wanted for a fast-paced, collaborative environment. Requirements: at least 5 years of relevant experience, with hands-on skills in agile, product roadmap, data analysis, communication, scrum. Strong communication and teamwork are a plus.",1,Product Manager,Product Manager
"Cybersecurity Analyst with a proven track record of delivering results. 2 years working in related roles. Proficient in api testing, compliance, firewalls, incident response, linux, network security, penetration testing, regression testing, risk assessment, teamwork. Known for strong communication and teamwork.","Join us as a Machine Learning Engineer and make an impact from day one. You should have 6+ years in the field and be comfortable with sql, model deployment, pytorch, aws, docker, machine learning, python, tensorflow. Remote-friendly with flexible hours.",0,Machine Learning Engineer,Cybersecurity Analyst
"QA Engineer with a proven track record of delivering results. Has 7 years of professional experience. Hands-on experience with api testing, docker, jira, manual testing, problem solving, selenium, teamwork, test automation, unit testing. Continuously learning new tools and technologies.","Join us as a Product Manager and make an impact from day one. You should have 7+ years in the field and be comfortable with product strategy, jira, scrum, product roadmap, communication, user research. We value problem solving and a growth mindset.",0,Product Manager,QA Engineer
"Detail-oriented Machine Learning Engineer with hands-on experience across projects. Brings 1 years of hands-on industry experience. Core skills include deep learning, machine learning, sql, tensorflow. Comfortable working independently or in a team.","Our company is looking for an experienced Machine Learning Engineer to help us scale. Requirements: at least 1 years of relevant experience, with hands-on skills in feature engineering, mlops, tensorflow, docker, machine learning, deep learning, aws, pytorch. Competitive salary and benefits offered.",0,Machine Learning Engineer,Machine Learning Engineer
"Detail-oriented Backend Developer with hands-on experience across projects. 1 years working in related roles. Hands-on experience with celery, django, docker, postgresql, rest api, sql, time management, unit testing. Comfortable working independently or in a team.","Backend Developer wanted for a fast-paced, collaborative environment. You should have 2+ years in the field and be comfortable with django, rest api, postgresql, celery, redis, python. Competitive salary and benefits offered.",1,Backend Developer,Backend Developer
"Experienced Backend Developer with a passion for building great products. 8 years working in related roles. Hands-on experience with django, flask, git, microservices, postgresql, rest api, sql, teamwork. Known for strong communication and teamwork.","Join us as a Product Manager and make an impact from day one. Requirements: at least 2 years of relevant experience, with hands-on skills in communication, user research, data analysis, jira, product roadmap. Competitive salary and benefits offered.",0,Product Manager,Backend Developer
"Experienced DevOps Engineer with a passion for building great products. Brings 1 years of hands-on industry experience. Hands-on experience with bash, ci/cd, data analysis, docker, jenkins, linux, monitoring, networking, scrum, teamwork, terraform. Comfortable working independently or in a team.","Our company is looking for an experienced DevOps Engineer to help us scale. Requirements: at least 6 years of relevant experience, with hands-on skills in terraform, jenkins, ci/cd, networking, kubernetes. We value problem solving and a growth mindset.",0,DevOps Engineer,DevOps Engineer
"Detail-oriented DevOps Engineer with hands-on experience across projects. Brings 9 years of hands-on industry experience. Hands-on experience with communication, docker, monitoring, networking, terraform. Continuously learning new tools and technologies.","We are hiring a DevOps Engineer to join our growing team. Requirements: at least 1 years of relevant experience, with hands-on skills in linux, networking, bash, ci/cd, jenkins. We value problem solving and a growth mindset.",0,DevOps Engineer,DevOps Engineer
"Experienced Backend Developer with a passion for building great products. Brings 1 years of hands-on industry experience. Proficient in docker, kotlin, microservices, postgresql, react native, redis, sql. Continuously learning new tools and technologies.","We are hiring a Data Analyst to join our growing team. You should have 3+ years in the field and be comfortable with reporting, statistics, pandas, excel, data visualization, power bi, python. We value problem solving and a growth mindset.",0,Data Analyst,Backend Developer
"Detail-oriented Cloud Engineer with hands-on experience across projects. Has 6 years of professional experience. Proficient in azure, cloud security, gcp, kubernetes, linux. Continuously learning new tools and technologies.","We are hiring a UI/UX Designer to join our growing team. Requirements: at least 7 years of relevant experience, with hands-on skills in wireframing, figma, adobe xd, interaction design, design systems, usability testing, prototyping, user research. We value problem solving and a growth mindset.",0,UI/UX Designer,Cloud Engineer
"Motivated Product Manager eager to contribute technical expertise. Has 2 years of professional experience. Hands-on experience with agile, communication, data analysis, jira, problem solving, product roadmap, product strategy, project management, scrum, stakeholder management, user research. Comfortable working independently or in a team.","Machine Learning Engineer wanted for a fast-paced, collaborative environment. Requirements: at least 6 years of relevant experience, with hands-on skills in aws, pytorch, python, feature engineering, tensorflow, docker, deep learning, mlops. We value problem solving and a growth mindset.",0,Machine Learning Engineer,Product Manager
"Experienced Product Manager with a passion for building great products. Brings 4 years of hands-on industry experience. Core skills include communication, jira, product roadmap, product strategy, scrum, stakeholder management, user research. Comfortable working independently or in a team.","We are hiring a Frontend Developer to join our growing team. You should have 6+ years in the field and be comfortable with react, typescript, redux, html, rest api, javascript, responsive design. We value problem solving and a growth mindset.",0,Frontend Developer,Product Manager
"Detail-oriented Data Analyst with hands-on experience across projects. 8 years working in related roles. Hands-on experience with data visualization, excel, leadership, power bi, sql, statistics. Continuously learning new tools and technologies.","We are hiring a Machine Learning Engineer to join our growing team. You should have 7+ years in the field and be comfortable with model deployment, aws, mlops, python, feature engineering, docker, sql, tensorflow. Competitive salary and benefits offered.",0,Machine Learning Engineer,Data Analyst
"Experienced Backend Developer with a passion for building great products. Has 1 years of professional experience. Hands-on experience with celery, docker, flask, microservices, postgresql, python, redis, rest api, sql, unit testing. Known for strong communication and teamwork.","Our company is looking for an experienced QA Engineer to help us scale. The ideal candidate has 6+ years of experience and is skilled in jira, python, test automation, selenium, ci/cd, api testing, regression testing. Strong communication and teamwork are a plus.",0,QA Engineer,Backend Developer
"Motivated Backend Developer eager to contribute technical expertise. 9 years working in related roles. Proficient in celery, django, flask, git, mentoring, microservices, postgresql, python, responsive design, rest api, sql, unit testing, webpack. Known for strong communication and teamwork.","Backend Developer wanted for a fast-paced, collaborative environment. The ideal candidate has 3+ years of experience and is skilled in unit testing, microservices, postgresql, rest api, flask, redis, sql. Strong communication and teamwork are a plus.",1,Backend Developer,Backend Developer
"Frontend Developer with a proven track record of delivering results. Has 1 years of professional experience. Proficient in accessibility, git, html, react, rest api, typescript. Comfortable working independently or in a team.","QA Engineer wanted for a fast-paced, collaborative environment. Requirements: at least 7 years of relevant experience, with hands-on skills in test automation, test case design, jira, ci/cd, regression testing, python, manual testing, selenium. We value problem solving and a growth mindset.",0,QA Engineer,Frontend Developer
"Detail-oriented QA Engineer with hands-on experience across projects. Brings 1 years of hands-on industry experience. Core skills include api testing, ci/cd, jira, manual testing, postgresql, python, regression testing, rest api, selenium, test case design. Continuously learning new tools and technologies.","We are hiring a QA Engineer to join our growing team. You should have 4+ years in the field and be comfortable with jira, test case design, regression testing, python, api testing, ci/cd, manual testing. Remote-friendly with flexible hours.",0,QA Engineer,QA Engineer
"Motivated Machine Learning Engineer eager to contribute technical expertise. Has 5 years of professional experience. Core skills include aws, deep learning, machine learning, mlops, model deployment, problem solving, project management, python, sql, tensorflow. Continuously learning new tools and technologies.","We are hiring a Data Analyst to join our growing team. You should have 3+ years in the field and be comfortable with pandas, reporting, python, a/b testing, data visualization, tableau. Strong communication and teamwork are a plus.",0,Data Analyst,Machine Learning Engineer
"Backend Developer with a proven track record of delivering results. Brings 2 years of hands-on industry experience. Proficient in django, docker, mentoring, python, rest api, time management. Known for strong communication and teamwork.","Our company is looking for an experienced Backend Developer to help us scale. Requirements: at least 5 years of relevant experience, with hands-on skills in git, unit testing, microservices, docker, rest api, postgresql, python, redis. We value problem solving and a growth mindset.",0,Backend Developer,Backend Developer
"Detail-oriented Cybersecurity Analyst with hands-on experience across projects. Brings 5 years of hands-on industry experience. Hands-on experience with firewalls, incident response, linux, network security, penetration testing, python, reporting, risk assessment, siem, tableau. Comfortable working independently or in a team.","Cloud Engineer wanted for a fast-paced, collaborative environment. Requirements: at least 1 years of relevant experience, with hands-on skills in docker, gcp, linux, terraform, networking, cloud security. Strong communication and teamwork are a plus.",0,Cloud Engineer,Cybersecurity Analyst
"Experienced Machine Learning Engineer with a passion for building great products. Has 4 years of professional experience. Hands-on experience with aws, feature engineering, machine learning, mlops, model deployment, python, pytorch, sql, tensorflow. Continuously learning new tools and technologies.","We are hiring a Data Analyst to join our growing team. You should have 4+ years in the field and be comfortable with python, a/b testing, statistics, sql, power bi, excel, pandas. Remote-friendly with flexible hours.",0,Data Analyst,Machine Learning Engineer
"Detail-oriented Cybersecurity Analyst with hands-on experience across projects. Brings 5 years of hands-on industry experience. Hands-on experience with compliance, firewalls, html, incident response, linux, network security, penetration testing, project management, python, risk assessment, siem, webpack. Continuously learning new tools and technologies.","We are hiring a Cloud Engineer to join our growing team. Requirements: at least 2 years of relevant experience, with hands-on skills in networking, linux, gcp, cloud security, docker, ci/cd, aws. Competitive salary and benefits offered.",0,Cloud Engineer,Cybersecurity Analyst
"Detail-oriented Data Analyst with hands-on experience across projects. Brings 1 years of hands-on industry experience. Hands-on experience with excel, pandas, power bi, python, sql, statistics, time management. Continuously learning new tools and technologies.","We are hiring a Cybersecurity Analyst to join our growing team. You should have 6+ years in the field and be comfortable with network security, compliance, risk assessment, python, linux, incident response, siem, firewalls. Strong communication and teamwork are a plus.",0,Cybersecurity Analyst,Data Analyst
"Motivated Product Manager eager to contribute technical expertise. Has 3 years of professional experience. Core skills include interaction design, jira, product roadmap, product strategy, scrum, usability testing. Continuously learning new tools and technologies.","Join us as a UI/UX Designer and make an impact from day one. Requirements: at least 4 years of relevant experience, with hands-on skills in usability testing, design systems, interaction design, prototyping, user research, wireframing. Remote-friendly with flexible hours.",0,UI/UX Designer,Product Manager
"Experienced Data Scientist with a passion for building great products. Has 10 years of professional experience. Proficient in azure, jupyter, linux, machine learning, pandas, regression, scikit-learn, sql, statistics. Comfortable working independently or in a team.","We are hiring a Mobile Developer to join our growing team. You should have 2+ years in the field and be comfortable with flutter, rest api, git, react native, kotlin. Competitive salary and benefits offered.",0,Mobile Developer,Data Scientist
"Data Analyst with a proven track record of delivering results. 7 years working in related roles. Hands-on experience with compliance, data visualization, excel, pandas, power bi, reporting, risk assessment, sql, statistics, teamwork, time management. Comfortable working independently or in a team.","Join us as a Mobile Developer and make an impact from day one. The ideal candidate has 6+ years of experience and is skilled in ios, react native, git, android, kotlin, swift, flutter, rest api. We value problem solving and a growth mindset.",0,Mobile Developer,Data Analyst
"Motivated QA Engineer eager to contribute technical expertise. Brings 10 years of hands-on industry experience. Proficient in api testing, ci/cd, jira, leadership, manual testing, python, regression testing, selenium, test automation. Comfortable working independently or in a team.","Frontend Developer wanted for a fast-paced, collaborative environment. Requirements: at least 7 years of relevant experience, with hands-on skills in redux, accessibility, rest api, javascript, webpack, git, typescript. Competitive salary and benefits offered.",1,Frontend Developer,QA Engineer
"Experienced Frontend Developer with a passion for building great products. Has 7 years of professional experience. Hands-on experience with accessibility, communication, css, git, javascript, mentoring, react, redux, rest api, typescript. Comfortable working independently or in a team.","Join us as a Backend Developer and make an impact from day one. You should have 6+ years in the field and be comfortable with docker, microservices, git, django, sql, postgresql, rest api. We value problem solving and a growth mindset.",0,Backend Developer,Frontend Developer
"Detail-oriented Cloud Engineer with hands-on experience across projects. Brings 9 years of hands-on industry experience. Core skills include a/b testing, aws, ci/cd, cloud security, gcp, kubernetes, linux, networking, tableau, terraform. Continuously learning new tools and technologies.","Join us as a Backend Developer and make an impact from day one. You should have 4+ years in the field and be comfortable with postgresql, microservices, python, redis, django, rest api, celery, unit testing. Competitive salary and benefits offered.",0,Backend Developer,Cloud Engineer
"Motivated DevOps Engineer eager to contribute technical expertise. Has 1 years of professional experience. Proficient in ansible, aws, ci/cd, docker, jenkins, kubernetes, monitoring, terraform. Continuously learning new tools and technologies.","Join us as a DevOps Engineer and make an impact from day one. The ideal candidate has 1+ years of experience and is skilled in monitoring, ci/cd, linux, ansible, networking, terraform, jenkins, bash. Remote-friendly with flexible hours.",1,DevOps Engineer,DevOps Engineer
"Motivated Backend Developer eager to contribute technical expertise. 6 years working in related roles. Proficient in django, git, microservices, postgresql, python, redis, rest api, sql, unit testing. Comfortable working independently or in a team.","Machine Learning Engineer wanted for a fast-paced, collaborative environment. Requirements: at least 2 years of relevant experience, with hands-on skills in sql, docker, machine learning, model deployment, feature engineering, mlops. Remote-friendly with flexible hours.",0,Machine Learning Engineer,Backend Developer
"Detail-oriented Cloud Engineer with hands-on experience across projects. Has 2 years of professional experience. Proficient in aws, azure, ci/cd, cloud security, docker, gcp, kubernetes, networking, teamwork. Continuously learning new tools and technologies.","Cloud Engineer wanted for a fast-paced, collaborative environment. You should have 7+ years in the field and be comfortable with kubernetes, gcp, networking, azure, cloud security, terraform. Strong communication and teamwork are a plus.",0,Cloud Engineer,Cloud Engineer
"Motivated Data Analyst eager to contribute technical expertise. Has 8 years of professional experience. Proficient in a/b testing, data visualization, pandas, power bi, python, reporting, sql, statistics, tableau. Comfortable working independently or in a team.","UI/UX Designer wanted for a fast-paced, collaborative environment. You should have 4+ years in the field and be comfortable with usability testing, adobe xd, interaction design, user research, prototyping, wireframing. Competitive salary and benefits offered.",0,UI/UX Designer,Data Analyst
"Mobile Developer with a proven track record of delivering results. Has 10 years of professional experience. Proficient in android, flutter, git, ios, kotlin, mobile ui design, react native, swift, teamwork. Comfortable working independently or in a team.","We are hiring a DevOps Engineer to join our growing team. You should have 5+ years in the field and be comfortable with networking, linux, aws, docker, kubernetes. We value problem solving and a growth mindset.",0,DevOps Engineer,Mobile Developer
"Detail-oriented Data Scientist with hands-on experience across projects. Brings 10 years of hands-on industry experience. Proficient in a/b testing, classification, data visualization, machine learning, python, sql, statistics. Continuously learning new tools and technologies.","Join us as a Data Scientist and make an impact from day one. The ideal candidate has 2+ years of experience and is skilled in pandas, numpy, data visualization, regression, jupyter. We value problem solving and a growth mindset.",0,Data Scientist,Data Scientist
"Experienced Data Scientist with a passion for building great products. Has 3 years of professional experience. Hands-on experience with classification, feature engineering, jupyter, mentoring, project management, python, regression, sql. Known for strong communication and teamwork.","Join us as a Mobile Developer and make an impact from day one. The ideal candidate has 6+ years of experience and is skilled in android, flutter, swift, ios, git, react native, mobile ui design, rest api. Strong communication and teamwork are a plus.",0,Mobile Developer,Data Scientist
"Experienced Machine Learning Engineer with a passion for building great products. Has 10 years of professional experience. Core skills include aws, docker, feature engineering, machine learning, mlops, model deployment, python, sql, tensorflow. Known for strong communication and teamwork.","We are hiring a Machine Learning Engineer to join our growing team. Requirements: at least 5 years of relevant experience, with hands-on skills in model deployment, docker, deep learning, sql, tensorflow, python, aws. Strong communication and teamwork are a plus.",1,Machine Learning Engineer,Machine Learning Engineer
"Detail-oriented UI/UX Designer with hands-on experience across projects. 10 years working in related roles. Proficient in adobe xd, design systems, excel, figma, interaction design, prototyping, tableau, usability testing, user research, wireframing. Comfortable working independently or in a team.","UI/UX Designer wanted for a fast-paced, collaborative environment. You should have 6+ years in the field and be comfortable with design systems, usability testing, figma, adobe xd, interaction design. Strong communication and teamwork are a plus.",1,UI/UX Designer,UI/UX Designer
"Experienced Machine Learning Engineer with a passion for building great products. Has 3 years of professional experience. Core skills include aws, docker, feature engineering, machine learning, model deployment, python, pytorch, tensorflow. Comfortable working independently or in a team.","We are hiring a QA Engineer to join our growing team. You should have 6+ years in the field and be comfortable with manual testing, api testing, test automation, python, test case design. Remote-friendly with flexible hours.",0,QA Engineer,Machine Learning Engineer
"Detail-oriented Data Analyst with hands-on experience across projects. 10 years working in related roles. Hands-on experience with communication, excel, project management, python, reporting, sql, stakeholder management, statistics, teamwork. Known for strong communication and teamwork.","Our company is looking for an experienced Data Analyst to help us scale. You should have 5+ years in the field and be comfortable with reporting, python, data visualization, power bi, tableau. Competitive salary and benefits offered.",0,Data Analyst,Data Analyst
"Motivated UI/UX Designer eager to contribute technical expertise. Has 10 years of professional experience. Proficient in adobe xd, design systems, figma, prototyping, python, test case design, user research, wireframing. Comfortable working independently or in a team.","Join us as a Data Analyst and make an impact from day one. You should have 3+ years in the field and be comfortable with excel, reporting, pandas, sql, tableau, statistics, a/b testing, python. Remote-friendly with flexible hours.",0,Data Analyst,UI/UX Designer
"DevOps Engineer with a proven track record of delivering results. Has 3 years of professional experience. Core skills include bash, ci/cd, communication, docker, jenkins, linux, monitoring. Continuously learning new tools and technologies.","Join us as a Machine Learning Engineer and make an impact from day one. The ideal candidate has 7+ years of experience and is skilled in feature engineering, sql, model deployment, aws, machine learning. Strong communication and teamwork are a plus.",0,Machine Learning Engineer,DevOps Engineer
"Motivated Mobile Developer eager to contribute technical expertise. 9 years working in related roles. Hands-on experience with a/b testing, android, data visualization, flutter, git, ios, kotlin, mobile ui design, react native, rest api, swift. Comfortable working independently or in a team.","We are hiring a Cybersecurity Analyst to join our growing team. You should have 5+ years in the field and be comfortable with firewalls, compliance, penetration testing, python, network security, risk assessment, siem, linux. Competitive salary and benefits offered.",0,Cybersecurity Analyst,Mobile Developer
"Cybersecurity Analyst with a proven track record of delivering results. 0 years working in related roles. Proficient in compliance, firewalls, incident response, linux, network security, penetration testing, python, risk assessment, siem, teamwork, time management. Continuously learning new tools and technologies.","Join us as a QA Engineer and make an impact from day one. Requirements: at least 4 years of relevant experience, with hands-on skills in selenium, api testing, test automation, python, test case design. Remote-friendly with flexible hours.",0,QA Engineer,Cybersecurity Analyst
"Detail-oriented Cloud Engineer with hands-on experience across projects. Has 3 years of professional experience. Core skills include aws, ci/cd, docker, gcp, linux, networking, terraform. Known for strong communication and teamwork.","Our company is looking for an experienced UI/UX Designer to help us scale. You should have 1+ years in the field and be comfortable with usability testing, design systems, prototyping, figma, adobe xd, wireframing, interaction design, user research. We value problem solving and a growth mindset.",0,UI/UX Designer,Cloud Engineer
"Experienced Product Manager with a passion for building great products. Has 3 years of professional experience. Proficient in accessibility, agile, css, data analysis, jira, product roadmap, product strategy, scrum, stakeholder management, user research. Continuously learning new tools and technologies.","Our company is looking for an experienced Product Manager to help us scale. Requirements: at least 7 years of relevant experience, with hands-on skills in product strategy, agile, data analysis, product roadmap, jira, stakeholder management. Strong communication and teamwork are a plus.",0,Product Manager,Product Manager
"Experienced Cybersecurity Analyst with a passion for building great products. Has 4 years of professional experience. Hands-on experience with compliance, firewalls, mobile ui design, project management, python, rest api, siem. Comfortable working independently or in a team.","Join us as a DevOps Engineer and make an impact from day one. You should have 7+ years in the field and be comfortable with terraform, jenkins, docker, bash, monitoring, linux, ansible. Competitive salary and benefits offered.",0,DevOps Engineer,Cybersecurity Analyst
"Data Analyst with a proven track record of delivering results. Brings 5 years of hands-on industry experience. Core skills include a/b testing, excel, feature engineering, pandas, power bi, sql, tensorflow. Comfortable working independently or in a team.","Cybersecurity Analyst wanted for a fast-paced, collaborative environment. Requirements: at least 5 years of relevant experience, with hands-on skills in network security, python, compliance, penetration testing, firewalls. Remote-friendly with flexible hours.",0,Cybersecurity Analyst,Data Analyst
"Frontend Developer with a proven track record of delivering results. 6 years working in related roles. Hands-on experience with accessibility, css, javascript, problem solving, project management, react, responsive design. Continuously learning new tools and technologies.","Our company is looking for an experienced Data Analyst to help us scale. The ideal candidate has 1+ years of experience and is skilled in sql, reporting, statistics, python, pandas, tableau, data visualization. We value problem solving and a growth mindset.",0,Data Analyst,Frontend Developer
"Detail-oriented Backend Developer with hands-on experience across projects. Has 0 years of professional experience. Proficient in docker, feature engineering, microservices, python, redis, rest api, sql, tensorflow, unit testing. Comfortable working independently or in a team.","Mobile Developer wanted for a fast-paced, collaborative environment. Requirements: at least 5 years of relevant experience, with hands-on skills in android, git, kotlin, flutter, swift, mobile ui design, react native, rest api. We value problem solving and a growth mindset.",0,Mobile Developer,Backend Developer
"Experienced Cybersecurity Analyst with a passion for building great products. Has 10 years of professional experience. Core skills include compliance, leadership, model deployment, penetration testing, project management, python, pytorch, siem. Comfortable working independently or in a team.","Our company is looking for an experienced Data Scientist to help us scale. You should have 1+ years in the field and be comfortable with jupyter, data visualization, machine learning, statistics, pandas, numpy. We value problem solving and a growth mindset.",0,Data Scientist,Cybersecurity Analyst
"QA Engineer with a proven track record of delivering results. Has 3 years of professional experience. Hands-on experience with api testing, ci/cd, manual testing, regression testing. Comfortable working independently or in a team.","Our company is looking for an experienced Mobile Developer to help us scale. The ideal candidate has 3+ years of experience and is skilled in swift, kotlin, android, git, ios, react native, flutter. We value problem solving and a growth mindset.",0,Mobile Developer,QA Engineer
"Detail-oriented UI/UX Designer with hands-on experience across projects. Has 1 years of professional experience. Proficient in design systems, figma, firewalls, linux, prototyping, usability testing, wireframing. Comfortable working independently or in a team.","We are hiring a Mobile Developer to join our growing team. Requirements: at least 1 years of relevant experience, with hands-on skills in ios, mobile ui design, git, react native, swift, rest api. Competitive salary and benefits offered.",1,Mobile Developer,UI/UX Designer
"DevOps Engineer with a proven track record of delivering results. Brings 9 years of hands-on industry experience. Hands-on experience with ansible, aws, ci/cd, kubernetes, linux, monitoring, networking, terraform. Comfortable working independently or in a team.","Our company is looking for an experienced Backend Developer to help us scale. The ideal candidate has 1+ years of experience and is skilled in git, microservices, celery, flask, python, sql, django, unit testing. Strong communication and teamwork are a plus.",0,Backend Developer,DevOps Engineer
"Motivated Product Manager eager to contribute technical expertise. 2 years working in related roles. Core skills include agile, communication, data analysis, jira, product roadmap, product strategy, scrum, stakeholder management. Known for strong communication and teamwork.","Our company is looking for an experienced Product Manager to help us scale. You should have 4+ years in the field and be comfortable with data analysis, communication, scrum, product roadmap, product strategy. Remote-friendly with flexible hours.",0,Product Manager,Product Manager
"Detail-oriented Frontend Developer with hands-on experience across projects. Has 7 years of professional experience. Hands-on experience with accessibility, firewalls, git, html, react, redux, responsive design, rest api, risk assessment, typescript, webpack. Comfortable working independently or in a team.","Join us as a Frontend Developer and make an impact from day one. You should have 6+ years in the field and be comfortable with html, redux, react, css, git, javascript, rest api, accessibility. Remote-friendly with flexible hours.",1,Frontend Developer,Frontend Developer
"Experienced Cybersecurity Analyst with a passion for building great products. 0 years working in related roles. Core skills include compliance, incident response, penetration testing, risk assessment, time management. Known for strong communication and teamwork.","We are hiring a Backend Developer to join our growing team. The ideal candidate has 5+ years of experience and is skilled in docker, sql, rest api, unit testing, python, celery, django. Competitive salary and benefits offered.",0,Backend Developer,Cybersecurity Analyst
"Experienced QA Engineer with a passion for building great products. Has 10 years of professional experience. Hands-on experience with celery, jira, manual testing, python, selenium, sql, test automation, test case design. Comfortable working independently or in a team.","Join us as a QA Engineer and make an impact from day one. You should have 4+ years in the field and be comfortable with ci/cd, python, api testing, jira, selenium, manual testing, test automation. We value problem solving and a growth mindset.",1,QA Engineer,QA Engineer
"Motivated QA Engineer eager to contribute technical expertise. 3 years working in related roles. Hands-on experience with api testing, ci/cd, jira, manual testing, regression testing, test automation, test case design. Continuously learning new tools and technologies.","We are hiring a DevOps Engineer to join our growing team. Requirements: at least 3 years of relevant experience, with hands-on skills in kubernetes, monitoring, aws, ansible, ci/cd. Remote-friendly with flexible hours.",0,DevOps Engineer,QA Engineer
"Experienced Cloud Engineer with a passion for building great products. Has 5 years of professional experience. Hands-on experience with aws, azure, ci/cd, cloud security, docker, gcp, kubernetes, linux, networking, problem solving, terraform. Known for strong communication and teamwork.","Machine Learning Engineer wanted for a fast-paced, collaborative environment. You should have 7+ years in the field and be comfortable with tensorflow, aws, feature engineering, machine learning, model deployment, mlops. Remote-friendly with flexible hours.",0,Machine Learning Engineer,Cloud Engineer
"Experienced Product Manager with a passion for building great products. Brings 3 years of hands-on industry experience. Hands-on experience with agile, communication, data analysis, jira, leadership, product strategy, scrum, time management, user research. Comfortable working independently or in a team.","We are hiring a Product Manager to join our growing team. You should have 4+ years in the field and be comfortable with product roadmap, communication, stakeholder management, scrum, jira. Competitive salary and benefits offered.",1,Product Manager,Product Manager
"Experienced QA Engineer with a passion for building great products. Has 8 years of professional experience. Proficient in ci/cd, jira, leadership, manual testing, python, regression testing, selenium, terraform, test automation, test case design. Known for strong communication and teamwork.","Our company is looking for an experienced Cybersecurity Analyst to help us scale. Requirements: at least 2 years of relevant experience, with hands-on skills in python, compliance, penetration testing, linux, risk assessment. We value problem solving and a growth mindset.",0,Cybersecurity Analyst,QA Engineer
"DevOps Engineer with a proven track record of delivering results. Has 0 years of professional experience. Proficient in ansible, ci/cd, docker, kubernetes, linux, machine learning, mlops, monitoring, problem solving, terraform. Comfortable working independently or in a team.","We are hiring a DevOps Engineer to join our growing team. The ideal candidate has 3+ years of experience and is skilled in linux, ci/cd, bash, docker, kubernetes, jenkins, ansible. We value problem solving and a growth mindset.",0,DevOps Engineer,DevOps Engineer
"Motivated Data Scientist eager to contribute technical expertise. Has 2 years of professional experience. Hands-on experience with classification, communication, data visualization, feature engineering, jupyter, machine learning, mentoring, python, regression, sql, statistics. Known for strong communication and teamwork.","We are hiring a Data Scientist to join our growing team. Requirements: at least 3 years of relevant experience, with hands-on skills in regression, pandas, statistics, feature engineering, a/b testing, data visualization, python, machine learning. We value problem solving and a growth mindset.",1,Data Scientist,Data Scientist
"Machine Learning Engineer with a proven track record of delivering results. Brings 2 years of hands-on industry experience. Core skills include aws, celery, docker, machine learning, mlops, model deployment, pytorch, sql, tensorflow. Known for strong communication and teamwork.","We are hiring a Cloud Engineer to join our growing team. Requirements: at least 3 years of relevant experience, with hands-on skills in cloud security, azure, terraform, networking, kubernetes. We value problem solving and a growth mindset.",1,Cloud Engineer,Machine Learning Engineer
"Detail-oriented QA Engineer with hands-on experience across projects. 10 years working in related roles. Core skills include api testing, ci/cd, jira, project management, python, teamwork, tensorflow, test automation. Comfortable working independently or in a team.","QA Engineer wanted for a fast-paced, collaborative environment. You should have 6+ years in the field and be comfortable with jira, manual testing, api testing, test automation, test case design. Remote-friendly with flexible hours.",1,QA Engineer,QA Engineer
"Experienced Machine Learning Engineer with a passion for building great products. 8 years working in related roles. Hands-on experience with aws, docker, machine learning, model deployment, python, pytorch. Known for strong communication and teamwork.","We are hiring a Machine Learning Engineer to join our growing team. The ideal candidate has 6+ years of experience and is skilled in deep learning, machine learning, model deployment, python, docker, sql. Strong communication and teamwork are a plus.",0,Machine Learning Engineer,Machine Learning Engineer
"QA Engineer with a proven track record of delivering results. Brings 8 years of hands-on industry experience. Core skills include api testing, ci/cd, jira, manual testing, python, regression testing, selenium, test automation, test case design. Known for strong communication and teamwork.","Join us as a QA Engineer and make an impact from day one. You should have 4+ years in the field and be comfortable with jira, python, test case design, api testing, test automation. Competitive salary and benefits offered.",1,QA Engineer,QA Engineer
"Cloud Engineer with a proven track record of delivering results. Has 0 years of professional experience. Core skills include aws, docker, kubernetes, networking, terraform. Continuously learning new tools and technologies.","Data Scientist wanted for a fast-paced, collaborative environment. Requirements: at least 7 years of relevant experience, with hands-on skills in numpy, regression, data visualization, classification, python, pandas, statistics, sql. We value problem solving and a growth mindset.",0,Data Scientist,Cloud Engineer
"Detail-oriented Machine Learning Engineer with hands-on experience across projects. Brings 1 years of hands-on industry experience. Core skills include aws, deep learning, feature engineering, machine learning, mlops, model deployment, python, tensorflow. Comfortable working independently or in a team.","Join us as a Cloud Engineer and make an impact from day one. The ideal candidate has 4+ years of experience and is skilled in azure, docker, kubernetes, gcp, ci/cd, linux, cloud security. Competitive salary and benefits offered.",1,Cloud Engineer,Machine Learning Engineer
"UI/UX Designer with a proven track record of delivering results. Brings 3 years of hands-on industry experience. Hands-on experience with adobe xd, design systems, interaction design, user research. Comfortable working independently or in a team.","Join us as a UI/UX Designer and make an impact from day one. The ideal candidate has 6+ years of experience and is skilled in adobe xd, wireframing, user research, design systems, figma, usability testing, prototyping. We value problem solving and a growth mindset.",0,UI/UX Designer,UI/UX Designer
"Motivated Backend Developer eager to contribute technical expertise. Brings 4 years of hands-on industry experience. Proficient in docker, flask, git, power bi, python, sql, unit testing. Continuously learning new tools and technologies.","Join us as a DevOps Engineer and make an impact from day one. The ideal candidate has 6+ years of experience and is skilled in networking, ci/cd, kubernetes, jenkins, bash. We value problem solving and a growth mindset.",1,DevOps Engineer,Backend Developer
"Experienced Data Analyst with a passion for building great products. Brings 0 years of hands-on industry experience. Proficient in communication, data visualization, excel, feature engineering, machine learning, power bi, python, reporting, sql, statistics, tableau. Comfortable working independently or in a team.","Join us as a Data Analyst and make an impact from day one. Requirements: at least 5 years of relevant experience, with hands-on skills in a/b testing, sql, pandas, data visualization, python, statistics, excel. Remote-friendly with flexible hours.",0,Data Analyst,Data Analyst
"Detail-oriented Mobile Developer with hands-on experience across projects. Has 5 years of professional experience. Proficient in adobe xd, android, flutter, git, kotlin, mobile ui design, problem solving, wireframing. Known for strong communication and teamwork.","Join us as a Machine Learning Engineer and make an impact from day one. Requirements: at least 5 years of relevant experience, with hands-on skills in python, sql, docker, pytorch, machine learning, feature engineering. Competitive salary and benefits offered.",0,Machine Learning Engineer,Mobile Developer
"Motivated Data Scientist eager to contribute technical expertise. Has 0 years of professional experience. Core skills include a/b testing, jupyter, machine learning, numpy, pandas, python. Comfortable working independently or in a team.","We are hiring a Data Scientist to join our growing team. The ideal candidate has 4+ years of experience and is skilled in scikit-learn, machine learning, python, statistics, sql, data visualization. Competitive salary and benefits offered.",0,Data Scientist,Data Scientist
"Data Scientist with a proven track record of delivering results. Brings 2 years of hands-on industry experience. Hands-on experience with api testing, classification, communication, feature engineering, jupyter, pandas, regression, scikit-learn, sql, statistics, test case design. Continuously learning new tools and technologies.","Cybersecurity Analyst wanted for a fast-paced, collaborative environment. Requirements: at least 5 years of relevant experience, with hands-on skills in penetration testing, incident response, risk assessment, siem, compliance. Remote-friendly with flexible hours.",0,Cybersecurity Analyst,Data Scientist
"Experienced Backend Developer with a passion for building great products. Brings 6 years of hands-on industry experience. Proficient in celery, django, docker, flask, microservices, python, redis, sql. Known for strong communication and teamwork.","Cloud Engineer wanted for a fast-paced, collaborative environment. The ideal candidate has 3+ years of experience and is skilled in terraform, azure, cloud security, networking, linux, ci/cd, kubernetes, aws. We value problem solving and a growth mindset.",0,Cloud Engineer,Backend Developer
"Experienced Cloud Engineer with a passion for building great products. Has 8 years of professional experience. Hands-on experience with aws, azure, ci/cd, cloud security, gcp, kubernetes, machine learning, pytorch, terraform. Continuously learning new tools and technologies.","Join us as a Backend Developer and make an impact from day one. You should have 7+ years in the field and be comfortable with django, microservices, redis, flask, postgresql. We value problem solving and a growth mindset.",0,Backend Developer,Cloud Engineer
"Experienced Product Manager with a passion for building great products. Brings 7 years of hands-on industry experience. Hands-on experience with data analysis, jira, product roadmap, product strategy, scrum, user research. Continuously learning new tools and technologies.","We are hiring a Data Scientist to join our growing team. Requirements: at least 7 years of relevant experience, with hands-on skills in pandas, regression, scikit-learn, numpy, statistics, classification, feature engineering. Competitive salary and benefits offered.",0,Data Scientist,Product Manager
"Motivated DevOps Engineer eager to contribute technical expertise. Brings 7 years of hands-on industry experience. Hands-on experience with aws, bash, data visualization, leadership, linux, monitoring, regression, terraform. Continuously learning new tools and technologies.","DevOps Engineer wanted for a fast-paced, collaborative environment. Requirements: at least 7 years of relevant experience, with hands-on skills in docker, ci/cd, kubernetes, terraform, jenkins. Competitive salary and benefits offered.",0,DevOps Engineer,DevOps Engineer
"Experienced QA Engineer with a passion for building great products. Brings 10 years of hands-on industry experience. Core skills include api testing, ci/cd, jira, kubernetes, python, selenium, terraform, test automation. Comfortable working independently or in a team.","Cloud Engineer wanted for a fast-paced, collaborative environment. The ideal candidate has 5+ years of experience and is skilled in aws, terraform, ci/cd, docker, cloud security, azure, linux, gcp. We value problem solving and a growth mindset.",0,Cloud Engineer,QA Engineer
"Motivated Frontend Developer eager to contribute technical expertise. 10 years working in related roles. Core skills include ci/cd, css, docker, git, html, javascript, problem solving, project management, rest api, webpack. Continuously learning new tools and technologies.","UI/UX Designer wanted for a fast-paced, collaborative environment. Requirements: at least 6 years of relevant experience, with hands-on skills in wireframing, figma, interaction design, usability testing, prototyping. Remote-friendly with flexible hours.",1,UI/UX Designer,Frontend Developer
"Experienced Machine Learning Engineer with a passion for building great products. Has 6 years of professional experience. Core skills include deep learning, django, docker, git, machine learning, mlops, model deployment, python, pytorch, sql, tensorflow. Continuously learning new tools and technologies.","We are hiring a Data Scientist to join our growing team. Requirements: at least 1 years of relevant experience, with hands-on skills in sql, pandas, python, feature engineering, data visualization, jupyter. Remote-friendly with flexible hours.",1,Data Scientist,Machine Learning Engineer
"Backend Developer with a proven track record of delivering results. Brings 3 years of hands-on industry experience. Proficient in django, docker, flask, git, postgresql, python, redis, sql, unit testing. Known for strong communication and teamwork.","Join us as a Backend Developer and make an impact from day one. Requirements: at least 4 years of relevant experience, with hands-on skills in sql, celery, django, postgresql, unit testing, docker, redis. We value problem solving and a growth mindset.",1,Backend Developer,Backend Developer
"Motivated UI/UX Designer eager to contribute technical expertise. 2 years working in related roles. Core skills include adobe xd, design systems, figma, interaction design, prototyping, user research, wireframing. Continuously learning new tools and technologies.","Data Scientist wanted for a fast-paced, collaborative environment. The ideal candidate has 4+ years of experience and is skilled in a/b testing, regression, classification, feature engineering, numpy, sql, statistics. Remote-friendly with flexible hours.",0,Data Scientist,UI/UX Designer
"Detail-oriented Cybersecurity Analyst with hands-on experience across projects. Brings 7 years of hands-on industry experience. Proficient in compliance, penetration testing, risk assessment, siem. Comfortable working independently or in a team.","Join us as a DevOps Engineer and make an impact from day one. You should have 7+ years in the field and be comfortable with ansible, jenkins, linux, ci/cd, bash, terraform, kubernetes. Remote-friendly with flexible hours.",1,DevOps Engineer,Cybersecurity Analyst
"Motivated QA Engineer eager to contribute technical expertise. Brings 10 years of hands-on industry experience. Core skills include api testing, git, ios, jira, manual testing, mentoring, python, time management. Known for strong communication and teamwork.","We are hiring a Data Analyst to join our growing team. You should have 2+ years in the field and be comfortable with reporting, tableau, data visualization, pandas, python. Strong communication and teamwork are a plus.",0,Data Analyst,QA Engineer
"Experienced Frontend Developer with a passion for building great products. Brings 0 years of hands-on industry experience. Core skills include accessibility, css, git, javascript, linux, react, redux, responsive design, siem, typescript. Known for strong communication and teamwork.","Join us as a DevOps Engineer and make an impact from day one. You should have 4+ years in the field and be comfortable with terraform, aws, monitoring, kubernetes, linux, networking. We value problem solving and a growth mindset.",0,DevOps Engineer,Frontend Developer
"Detail-oriented Cloud Engineer with hands-on experience across projects. Brings 8 years of hands-on industry experience. Proficient in aws, ci/cd, cloud security, docker, gcp, kubernetes, linux, terraform. Known for strong communication and teamwork.","Our company is looking for an experienced Product Manager to help us scale. The ideal candidate has 7+ years of experience and is skilled in stakeholder management, user research, jira, scrum, product strategy, product roadmap, communication, data analysis. Strong communication and teamwork are a plus.",0,Product Manager,Cloud Engineer
"Mobile Developer with a proven track record of delivering results. Has 8 years of professional experience. Proficient in flutter, kotlin, mobile ui design, react native, rest api, swift. Comfortable working independently or in a team.","Join us as a DevOps Engineer and make an impact from day one. You should have 6+ years in the field and be comfortable with docker, terraform, bash, kubernetes, ci/cd. We value problem solving and a growth mindset.",0,DevOps Engineer,Mobile Developer
"Frontend Developer with a proven track record of delivering results. Has 3 years of professional experience. Hands-on experience with accessibility, css, git, html, javascript, mentoring, react, redux, typescript, webpack. Continuously learning new tools and technologies.","We are hiring a Backend Developer to join our growing team. The ideal candidate has 7+ years of experience and is skilled in sql, django, git, docker, redis, postgresql, unit testing, microservices. We value problem solving and a growth mindset.",1,Backend Developer,Frontend Developer
"Detail-oriented UI/UX Designer with hands-on experience across projects. Brings 2 years of hands-on industry experience. Core skills include adobe xd, design systems, interaction design, teamwork, usability testing, user research. Comfortable working independently or in a team.","Join us as a Product Manager and make an impact from day one. The ideal candidate has 7+ years of experience and is skilled in scrum, data analysis, agile, user research, jira, stakeholder management. We value problem solving and a growth mindset.",0,Product Manager,UI/UX Designer
"Motivated DevOps Engineer eager to contribute technical expertise. 5 years working in related roles. Core skills include ansible, communication, docker, jenkins, networking, problem solving, terraform. Continuously learning new tools and technologies.","We are hiring a Machine Learning Engineer to join our growing team. The ideal candidate has 7+ years of experience and is skilled in deep learning, model deployment, feature engineering, aws, docker, python. Competitive salary and benefits offered.",0,Machine Learning Engineer,DevOps Engineer
"Frontend Developer with a proven track record of delivering results. Brings 2 years of hands-on industry experience. Hands-on experience with android, css, leadership, responsive design, rest api, typescript, webpack. Comfortable working independently or in a team.","We are hiring a Cybersecurity Analyst to join our growing team. The ideal candidate has 4+ years of experience and is skilled in python, penetration testing, linux, incident response, risk assessment. Competitive salary and benefits offered.",0,Cybersecurity Analyst,Frontend Developer
"Experienced UI/UX Designer with a passion for building great products. Has 4 years of professional experience. Proficient in design systems, interaction design, penetration testing, prototyping, risk assessment, usability testing, user research. Comfortable working independently or in a team.","Our company is looking for an experienced Data Scientist to help us scale. You should have 7+ years in the field and be comfortable with a/b testing, statistics, regression, classification, data visualization, jupyter. Remote-friendly with flexible hours.",0,Data Scientist,UI/UX Designer
"QA Engineer with a proven track record of delivering results. 8 years working in related roles. Proficient in api testing, ci/cd, communication, jira, jupyter, python, regression testing, selenium, test case design. Continuously learning new tools and technologies.","Join us as a QA Engineer and make an impact from day one. Requirements: at least 6 years of relevant experience, with hands-on skills in test automation, python, regression testing, test case design, ci/cd, selenium, jira, manual testing. Strong communication and teamwork are a plus.",1,QA Engineer,QA Engineer
"Motivated DevOps Engineer eager to contribute technical expertise. 7 years working in related roles. Proficient in adobe xd, ansible, bash, ci/cd, design systems, docker, jenkins, kubernetes, leadership, linux, networking, project management, terraform. Comfortable working independently or in a team.","Our company is looking for an experienced UI/UX Designer to help us scale. The ideal candidate has 6+ years of experience and is skilled in design systems, wireframing, adobe xd, figma, interaction design, usability testing. We value problem solving and a growth mindset.",0,UI/UX Designer,DevOps Engineer
"Frontend Developer with a proven track record of delivering results. Brings 2 years of hands-on industry experience. Proficient in accessibility, html, javascript, react, rest api, typescript. Known for strong communication and teamwork.","Frontend Developer wanted for a fast-paced, collaborative environment. The ideal candidate has 3+ years of experience and is skilled in git, webpack, css, accessibility, html, javascript, react, responsive design. Strong communication and teamwork are a plus.",0,Frontend Developer,Frontend Developer
"Data Scientist with a proven track record of delivering results. 6 years working in related roles. Proficient in classification, feature engineering, kubernetes, machine learning, numpy, regression, terraform. Continuously learning new tools and technologies.","We are hiring a Data Scientist to join our growing team. The ideal candidate has 3+ years of experience and is skilled in sql, python, data visualization, numpy, a/b testing, scikit-learn. We value problem solving and a growth mindset.",0,Data Scientist,Data Scientist
"Experienced QA Engineer with a passion for building great products. 0 years working in related roles. Hands-on experience with jira, manual testing, pandas, problem solving, project management, regression testing, sql, test case design. Comfortable working independently or in a team.","QA Engineer wanted for a fast-paced, collaborative environment. The ideal candidate has 6+ years of experience and is skilled in python, selenium, api testing, jira, test case design, regression testing, manual testing, ci/cd. We value problem solving and a growth mindset.",0,QA Engineer,QA Engineer
"Detail-oriented Frontend Developer with hands-on experience across projects. Has 6 years of professional experience. Hands-on experience with a/b testing, accessibility, feature engineering, git, html, javascript, redux, rest api, typescript, webpack. Continuously learning new tools and technologies.","Our company is looking for an experienced Cybersecurity Analyst to help us scale. You should have 3+ years in the field and be comfortable with linux, network security, compliance, penetration testing, python, incident response, siem. Remote-friendly with flexible hours.",0,Cybersecurity Analyst,Frontend Developer
"Motivated Cybersecurity Analyst eager to contribute technical expertise. Has 3 years of professional experience. Proficient in firewalls, incident response, mentoring, network security, penetration testing, python, risk assessment, siem, time management. Known for strong communication and teamwork.","We are hiring a Backend Developer to join our growing team. Requirements: at least 2 years of relevant experience, with hands-on skills in flask, postgresql, redis, celery, rest api, microservices, django. We value problem solving and a growth mindset.",0,Backend Developer,Cybersecurity Analyst
"Experienced Data Analyst with a passion for building great products. 8 years working in related roles. Hands-on experience with a/b testing, excel, pandas, power bi, python, reporting, sql. Comfortable working independently or in a team.","Our company is looking for an experienced Data Analyst to help us scale. Requirements: at least 4 years of relevant experience, with hands-on skills in data visualization, a/b testing, statistics, reporting, excel, tableau. Strong communication and teamwork are a plus.",0,Data Analyst,Data Analyst
"Frontend Developer with a proven track record of delivering results. Has 7 years of professional experience. Hands-on experience with accessibility, azure, cloud security, mentoring, redux, responsive design, webpack. Comfortable working independently or in a team.","Cloud Engineer wanted for a fast-paced, collaborative environment. You should have 3+ years in the field and be comfortable with azure, docker, gcp, cloud security, ci/cd, networking, linux, terraform. Competitive salary and benefits offered.",0,Cloud Engineer,Frontend Developer
"Experienced Data Scientist with a passion for building great products. Has 6 years of professional experience. Hands-on experience with a/b testing, classification, data visualization, feature engineering, numpy, pandas, regression, scikit-learn, sql, statistics. Known for strong communication and teamwork.","Mobile Developer wanted for a fast-paced, collaborative environment. You should have 1+ years in the field and be comfortable with android, git, rest api, mobile ui design, flutter, swift, ios, kotlin. Remote-friendly with flexible hours.",0,Mobile Developer,Data Scientist
"UI/UX Designer with a proven track record of delivering results. 3 years working in related roles. Hands-on experience with adobe xd, design systems, figma, interaction design, prototyping, usability testing, user research, wireframing. Comfortable working independently or in a team.","Join us as a QA Engineer and make an impact from day one. The ideal candidate has 3+ years of experience and is skilled in manual testing, python, test automation, regression testing, ci/cd. Strong communication and teamwork are a plus.",0,QA Engineer,UI/UX Designer
"Motivated UI/UX Designer eager to contribute technical expertise. Brings 9 years of hands-on industry experience. Core skills include adobe xd, figma, interaction design, mentoring, project management, prototyping, usability testing, user research, wireframing. Comfortable working independently or in a team.","We are hiring a Cloud Engineer to join our growing team. You should have 5+ years in the field and be comfortable with gcp, ci/cd, kubernetes, linux, networking, docker, terraform. Competitive salary and benefits offered.",0,Cloud Engineer,UI/UX Designer
"Motivated Data Analyst eager to contribute technical expertise. 8 years working in related roles. Hands-on experience with pandas, power bi, project management, python, react native, reporting, statistics, swift, tableau. Continuously learning new tools and technologies.","Join us as a UI/UX Designer and make an impact from day one. The ideal candidate has 6+ years of experience and is skilled in interaction design, user research, figma, usability testing, prototyping, wireframing, design systems. Remote-friendly with flexible hours.",0,UI/UX Designer,Data Analyst
"Experienced Cybersecurity Analyst with a passion for building great products. Brings 3 years of hands-on industry experience. Hands-on experience with compliance, firewalls, incident response, linux, network security, penetration testing, python, risk assessment, siem. Continuously learning new tools and technologies.","Our company is looking for an experienced Cybersecurity Analyst to help us scale. You should have 4+ years in the field and be comfortable with compliance, python, penetration testing, risk assessment, linux. Remote-friendly with flexible hours.",1,Cybersecurity Analyst,Cybersecurity Analyst
"UI/UX Designer with a proven track record of delivering results. 5 years working in related roles. Core skills include figma, interaction design, usability testing, user research, wireframing. Continuously learning new tools and technologies.","Our company is looking for an experienced UI/UX Designer to help us scale. Requirements: at least 4 years of relevant experience, with hands-on skills in design systems, prototyping, figma, wireframing, user research, adobe xd, usability testing, interaction design. We value problem solving and a growth mindset.",1,UI/UX Designer,UI/UX Designer
"Motivated Cybersecurity Analyst eager to contribute technical expertise. Has 6 years of professional experience. Hands-on experience with compliance, css, firewalls, incident response, linux, network security, penetration testing, python, risk assessment, siem, teamwork, typescript. Known for strong communication and teamwork.","Our company is looking for an experienced Cybersecurity Analyst to help us scale. Requirements: at least 2 years of relevant experience, with hands-on skills in incident response, siem, python, compliance, linux, penetration testing. We value problem solving and a growth mindset.",1,Cybersecurity Analyst,Cybersecurity Analyst
"Experienced Data Analyst with a passion for building great products. 10 years working in related roles. Proficient in a/b testing, data visualization, pandas, python, react, rest api, statistics, tableau. Comfortable working independently or in a team.","Join us as a Data Analyst and make an impact from day one. Requirements: at least 1 years of relevant experience, with hands-on skills in data visualization, reporting, sql, excel, pandas, a/b testing, tableau. Strong communication and teamwork are a plus.",0,Data Analyst,Data Analyst
"Motivated Data Analyst eager to contribute technical expertise. Has 9 years of professional experience. Proficient in data visualization, excel, mentoring, pandas, reporting, sql, statistics, teamwork. Comfortable working independently or in a team.","Our company is looking for an experienced Data Scientist to help us scale. You should have 5+ years in the field and be comfortable with statistics, python, data visualization, sql, pandas, numpy, jupyter, a/b testing. Strong communication and teamwork are a plus.",0,Data Scientist,Data Analyst
"Detail-oriented DevOps Engineer with hands-on experience across projects. 6 years working in related roles. Hands-on experience with ansible, bash, docker, jenkins, kubernetes, monitoring, networking, terraform. Known for strong communication and teamwork.","Our company is looking for an experienced Data Analyst to help us scale. Requirements: at least 2 years of relevant experience, with hands-on skills in sql, reporting, pandas, tableau, python, data visualization, power bi, a/b testing. Remote-friendly with flexible hours.",0,Data Analyst,DevOps Engineer
"Detail-oriented Cloud Engineer with hands-on experience across projects. Has 6 years of professional experience. Proficient in aws, azure, bash, ci/cd, cloud security, docker, gcp, kubernetes, linux, networking, problem solving, terraform. Comfortable working independently or in a team.","QA Engineer wanted for a fast-paced, collaborative environment. Requirements: at least 4 years of relevant experience, with hands-on skills in manual testing, api testing, selenium, test automation, test case design. Strong communication and teamwork are a plus.",0,QA Engineer,Cloud Engineer
"Machine Learning Engineer with a proven track record of delivering results. 2 years working in related roles. Proficient in feature engineering, project management, pytorch, sql, tensorflow. Continuously learning new tools and technologies.","Our company is looking for an experienced Backend Developer to help us scale. The ideal candidate has 4+ years of experience and is skilled in redis, rest api, celery, django, flask, sql. Strong communication and teamwork are a plus.",0,Backend Developer,Machine Learning Engineer
"Experienced Cloud Engineer with a passion for building great products. Has 0 years of professional experience. Core skills include aws, azure, ci/cd, networking, terraform. Continuously learning new tools and technologies.","Cybersecurity Analyst wanted for a fast-paced, collaborative environment. Requirements: at least 5 years of relevant experience, with hands-on skills in penetration testing, compliance, python, network security, linux, risk assessment, incident response. Remote-friendly with flexible hours.",0,Cybersecurity Analyst,Cloud Engineer
"Motivated Data Scientist eager to contribute technical expertise. Brings 0 years of hands-on industry experience. Core skills include a/b testing, communication, data visualization, machine learning, numpy, pandas, problem solving, product strategy, regression, scikit-learn, sql, statistics, user research. Comfortable working independently or in a team.","Join us as a Machine Learning Engineer and make an impact from day one. The ideal candidate has 4+ years of experience and is skilled in model deployment, deep learning, mlops, feature engineering, pytorch, sql, tensorflow. Remote-friendly with flexible hours.",0,Machine Learning Engineer,Data Scientist
"Experienced DevOps Engineer with a passion for building great products. Brings 6 years of hands-on industry experience. Core skills include aws, bash, ci/cd, docker, jenkins, kubernetes, linux, networking, pytorch, sql. Continuously learning new tools and technologies.","Our company is looking for an experienced Data Scientist to help us scale. Requirements: at least 3 years of relevant experience, with hands-on skills in pandas, numpy, a/b testing, jupyter, feature engineering, data visualization, classification, machine learning. Strong communication and teamwork are a plus.",0,Data Scientist,DevOps Engineer
"Experienced Cloud Engineer with a passion for building great products. Brings 4 years of hands-on industry experience. Proficient in aws, azure, ci/cd, gcp, kubernetes, linux, networking, terraform. Known for strong communication and teamwork.","Cloud Engineer wanted for a fast-paced, collaborative environment. You should have 4+ years in the field and be comfortable with terraform, azure, networking, cloud security, gcp. Strong communication and teamwork are a plus.",1,Cloud Engineer,Cloud Engineer
"Frontend Developer with a proven track record of delivering results. Brings 3 years of hands-on industry experience. Hands-on experience with communication, git, html, javascript, redux, responsive design, rest api, teamwork. Continuously learning new tools and technologies.","We are hiring a Backend Developer to join our growing team. You should have 4+ years in the field and be comfortable with unit testing, python, celery, git, redis, postgresql, microservices. Remote-friendly with flexible hours.",0,Backend Developer,Frontend Developer
"Experienced UI/UX Designer with a passion for building great products. Brings 2 years of hands-on industry experience. Proficient in communication, design systems, figma, prototyping, time management, usability testing. Known for strong communication and teamwork.","We are hiring a Mobile Developer to join our growing team. The ideal candidate has 3+ years of experience and is skilled in git, android, flutter, mobile ui design, ios, swift, rest api, react native. Strong communication and teamwork are a plus.",0,Mobile Developer,UI/UX Designer
"Experienced Cybersecurity Analyst with a passion for building great products. Brings 2 years of hands-on industry experience. Proficient in compliance, firewalls, html, incident response, linux, mentoring, network security, penetration testing, python, redux, risk assessment, siem, time management. Comfortable working independently or in a team.","Join us as a Machine Learning Engineer and make an impact from day one. Requirements: at least 3 years of relevant experience, with hands-on skills in tensorflow, machine learning, deep learning, python, sql, model deployment, pytorch, aws. Remote-friendly with flexible hours.",0,Machine Learning Engineer,Cybersecurity Analyst
"Motivated UI/UX Designer eager to contribute technical expertise. Brings 0 years of hands-on industry experience. Core skills include adobe xd, celery, design systems, interaction design, prototyping, redis, usability testing. Known for strong communication and teamwork.","Our company is looking for an experienced Data Analyst to help us scale. The ideal candidate has 1+ years of experience and is skilled in reporting, python, sql, statistics, data visualization, power bi. Remote-friendly with flexible hours.",0,Data Analyst,UI/UX Designer
"Detail-oriented Data Scientist with hands-on experience across projects. Has 9 years of professional experience. Proficient in ci/cd, data visualization, feature engineering, jupyter, numpy, project management, python, scikit-learn, sql, statistics, test case design. Comfortable working independently or in a team.","We are hiring a Mobile Developer to join our growing team. Requirements: at least 5 years of relevant experience, with hands-on skills in swift, flutter, react native, android, rest api, ios, git. Competitive salary and benefits offered.",0,Mobile Developer,Data Scientist
"Experienced Data Analyst with a passion for building great products. 3 years working in related roles. Core skills include adobe xd, data visualization, excel, figma, pandas, python, reporting, sql, statistics. Continuously learning new tools and technologies.","DevOps Engineer wanted for a fast-paced, collaborative environment. You should have 6+ years in the field and be comfortable with aws, monitoring, kubernetes, ansible, docker, jenkins, linux. Strong communication and teamwork are a plus.",0,DevOps Engineer,Data Analyst
"Experienced Frontend Developer with a passion for building great products. 7 years working in related roles. Hands-on experience with accessibility, html, redux, typescript. Known for strong communication and teamwork.","Our company is looking for an experienced UI/UX Designer to help us scale. Requirements: at least 3 years of relevant experience, with hands-on skills in figma, adobe xd, design systems, wireframing, interaction design, user research, prototyping. Remote-friendly with flexible hours.",0,UI/UX Designer,Frontend Developer
"Motivated Backend Developer eager to contribute technical expertise. Brings 0 years of hands-on industry experience. Proficient in celery, flask, git, project management, python, redis, sql, teamwork, unit testing. Continuously learning new tools and technologies.","Our company is looking for an experienced Machine Learning Engineer to help us scale. You should have 3+ years in the field and be comfortable with deep learning, docker, feature engineering, aws, machine learning, tensorflow, model deployment, python. We value problem solving and a growth mindset.",0,Machine Learning Engineer,Backend Developer
"Detail-oriented Frontend Developer with hands-on experience across projects. Has 3 years of professional experience. Hands-on experience with css, html, javascript, react, responsive design, typescript, usability testing, user research. Comfortable working independently or in a team.","Frontend Developer wanted for a fast-paced, collaborative environment. Requirements: at least 4 years of relevant experience, with hands-on skills in responsive design, webpack, rest api, accessibility, typescript, git, redux, css. Competitive salary and benefits offered.",0,Frontend Developer,Frontend Developer
"Detail-oriented QA Engineer with hands-on experience across projects. Has 5 years of professional experience. Proficient in api testing, jira, manual testing, python, selenium, test case design. Comfortable working independently or in a team.","Join us as a QA Engineer and make an impact from day one. The ideal candidate has 3+ years of experience and is skilled in ci/cd, regression testing, api testing, test automation, test case design, selenium. Strong communication and teamwork are a plus.",0,QA Engineer,QA Engineer
"Data Analyst with a proven track record of delivering results. 7 years working in related roles. Hands-on experience with a/b testing, data visualization, excel, incident response, mentoring, risk assessment, sql, statistics. Comfortable working independently or in a team.","Join us as a QA Engineer and make an impact from day one. Requirements: at least 6 years of relevant experience, with hands-on skills in manual testing, python, jira, test automation, ci/cd, regression testing. Competitive salary and benefits offered.",1,QA Engineer,Data Analyst
"Motivated DevOps Engineer eager to contribute technical expertise. 5 years working in related roles. Core skills include ansible, aws, ci/cd, docker, jenkins, monitoring, networking, teamwork, terraform, time management. Comfortable working independently or in a team.","We are hiring a QA Engineer to join our growing team. The ideal candidate has 7+ years of experience and is skilled in test case design, api testing, python, manual testing, jira, selenium. We value problem solving and a growth mindset.",0,QA Engineer,DevOps Engineer
"Experienced Data Scientist with a passion for building great products. Has 2 years of professional experience. Proficient in a/b testing, classification, jupyter, machine learning, regression, scrum, sql, teamwork, user research. Continuously learning new tools and technologies.","We are hiring a QA Engineer to join our growing team. The ideal candidate has 2+ years of experience and is skilled in test case design, selenium, api testing, test automation, ci/cd, jira, python. Remote-friendly with flexible hours.",0,QA Engineer,Data Scientist
"Cloud Engineer with a proven track record of delivering results. Has 0 years of professional experience. Proficient in cloud security, data analysis, docker, gcp, kubernetes, linux, networking, problem solving, scrum, terraform, time management. Continuously learning new tools and technologies.","We are hiring a UI/UX Designer to join our growing team. The ideal candidate has 2+ years of experience and is skilled in design systems, figma, usability testing, wireframing, interaction design, user research. Remote-friendly with flexible hours.",0,UI/UX Designer,Cloud Engineer
"Experienced Machine Learning Engineer with a passion for building great products. Brings 0 years of hands-on industry experience. Core skills include aws, deep learning, machine learning, mlops, model deployment, problem solving, python, pytorch, sql, tensorflow, time management. Known for strong communication and teamwork.","Our company is looking for an experienced Mobile Developer to help us scale. You should have 4+ years in the field and be comfortable with mobile ui design, ios, rest api, android, git, swift, flutter, react native. We value problem solving and a growth mindset.",0,Mobile Developer,Machine Learning Engineer
"Detail-oriented Data Analyst with hands-on experience across projects. 7 years working in related roles. Proficient in ios, mobile ui design, power bi, python, reporting, sql, statistics. Comfortable working independently or in a team.","Data Analyst wanted for a fast-paced, collaborative environment. Requirements: at least 5 years of relevant experience, with hands-on skills in tableau, sql, power bi, statistics, a/b testing, excel, python, pandas. Strong communication and teamwork are a plus.",0,Data Analyst,Data Analyst
"Motivated Machine Learning Engineer eager to contribute technical expertise. 2 years working in related roles. Hands-on experience with docker, feature engineering, git, mlops, model deployment, pytorch, react, sql. Comfortable working independently or in a team.","Join us as a QA Engineer and make an impact from day one. Requirements: at least 2 years of relevant experience, with hands-on skills in api testing, selenium, manual testing, test case design, python, jira, ci/cd, regression testing. Remote-friendly with flexible hours.",0,QA Engineer,Machine Learning Engineer
"Experienced Mobile Developer with a passion for building great products. 3 years working in related roles. Proficient in android, css, flutter, git, javascript, mobile ui design, react native, rest api, swift. Known for strong communication and teamwork.","Mobile Developer wanted for a fast-paced, collaborative environment. The ideal candidate has 3+ years of experience and is skilled in swift, mobile ui design, flutter, ios, kotlin, react native, android, rest api. Remote-friendly with flexible hours.",1,Mobile Developer,Mobile Developer
"Detail-oriented Cloud Engineer with hands-on experience across projects. Has 7 years of professional experience. Hands-on experience with android, aws, azure, ci/cd, cloud security, docker, kubernetes, linux, networking, swift, terraform. Comfortable working independently or in a team.","We are hiring a Cloud Engineer to join our growing team. Requirements: at least 5 years of relevant experience, with hands-on skills in azure, networking, gcp, docker, cloud security, kubernetes, linux, ci/cd. Strong communication and teamwork are a plus.",1,Cloud Engineer,Cloud Engineer
